ID,Function Name,Demangled Name,Process,Grid Size,Block Size,gpc__cycles_elapsed.max [cycle],gpu__time_duration.sum [msecond],sm__cycles_active.avg [cycle],sm__inst_executed.avg.per_cycle_active [inst/cycle],smsp__inst_executed.sum [inst],gpc__cycles_elapsed.avg.per_second [cycle/nsecond],launch__block_size,launch__grid_size,sm__throughput.avg.pct_of_peak_sustained_elapsed [%],l1tex__m_xbar2l1tex_read_bytes.sum [Gbyte],l1tex__m_xbar2l1tex_read_bytes.sum.per_second [Gbyte/second],l1tex__m_l1tex2xbar_write_bytes.sum [Mbyte],l1tex__m_l1tex2xbar_write_bytes.sum.per_second [Gbyte/second],lts__t_requests_srcunit_tex_op_read.sum [request],lts__t_requests_srcunit_tex_op_write.sum [request],lts__t_requests.sum [request],lts__t_sectors_srcunit_tex_op_read.sum [sector],lts__t_sectors_srcunit_tex_op_write.sum [sector],lts__t_sectors_lookup_hit.sum [sector],lts__t_sectors_lookup_miss.sum [sector],lts__t_sectors_srcunit_tex_op_read_lookup_hit.sum [sector],lts__t_sectors_srcunit_tex_op_read_lookup_miss.sum [sector],dram__sectors_read.sum [sector],dram__sectors_write.sum [sector],dram__bytes_read.sum.pct_of_peak_sustained_elapsed [%],dram__bytes_write.sum.pct_of_peak_sustained_elapsed [%],dram__sectors_read.sum [sector],dram__sectors_write.sum [sector]
0,computeOffsetsKernel,cudnn::gemm::computeOffsetsKernel(cudnn::gemm::ComputeOffsetsParams),[19496] python3.8,"  393,    1,    1","  128,    1,    1","8,746",0.01,594.97,3.02,"122,352",1.25,128,393,5.19,0,0,0.34,47.90,0,"3,462","4,124",0,"10,524","11,219",1,0,0,233,0,0.18,0,233,0
1,volta_scudnn_128x64_relu_small_nn_v1,volta_scudnn_128x64_relu_small_nn_v1,[19496] python3.8," 6272,    1,    1","  128,    1,    1","6,768,567",4.96,"596,874.16",2.35,"95,535,104",1.37,128,"6,272",6.00,0.06,12.53,205.52,41.46,"845,307","1,605,632","2,543,805","1,939,306","6,422,528","7,944,634","675,520","1,517,474","451,832","668,472","6,334,037",0.66,6.27,"668,472","6,334,037"
2,unrolled_elementwise_kernel,"void at::native::unrolled_elementwise_kernel<at::native::AddFunctor<float>, at::detail::Array<char *, (int)3>, OffsetCalculator<(int)2, unsigned int>, OffsetCalculator<(int)1, unsigned int>, at::native::memory::LoadWithoutCast, at::native::memory::StoreWithoutCast>(int, T1, T2, T3, T4, T5, T6)",[19496] python3.8,"200704,    1,    1","   64,    1,    1","7,513,341",5.51,"662,820.15",2.76,"124,436,480",1.36,64,"200,704",6.09,0.21,37.34,205.52,37.33,"1,606,403","1,605,632","3,409,181","6,423,299","6,422,528","6,424,314","6,663,560",707,"6,422,656","6,885,712","6,333,963",6.14,5.65,"6,885,712","6,333,963"
3,vectorized_elementwise_kernel,"void at::native::vectorized_elementwise_kernel<(int)4, at::native::<unnamed>::clamp_min_scalar_kernel_impl(at::TensorIterator &, c10::Scalar)::[lambda() (instance 1)]::operator ()() const::[lambda() (instance 8)]::operator ()() const::[lambda(float) (instance 1)], at::detail::Array<char *, (int)2>>(int, T2, T3)",[19496] python3.8,"200704,    1,    1","   64,    1,    1","3,076,896",2.26,"272,702.44",0.61,"11,239,424",1.36,64,"200,704",1.53,0.21,90.97,205.52,90.97,"1,605,632","1,605,632","3,255,067","6,422,528","6,422,528","6,423,812","6,792,554",0,"6,422,528","6,494,532","6,410,546",14.14,13.95,"6,494,532","6,410,546"
4,generateWinogradTilesKernel,"void cudnn::winograd::generateWinogradTilesKernel<(int)0, float, float>(cudnn::winograd::GenerateWinogradTilesParams<T2, T3>)",[19496] python3.8,"    2,   16,    1","   32,    4,    1","8,270",0.01,504.99,1.31,"45,056",1.11,128,32,2.05,0.00,22.05,0.26,35.16,"3,483","2,048","5,600","5,135","8,192","11,813","5,044","1,747","4,608","4,940",0,4.00,0,"4,940",0
5,volta_scudnn_winograd_128x128_ldg1_ldg4_relu_tile148t_nt_v1,volta_scudnn_winograd_128x128_ldg1_ldg4_relu_tile148t_nt_v1,[19496] python3.8,"   32,   28,   14","  256,    1,    1","65,279,748",47.83,"5,723,915.24",1.58,"614,254,592",1.36,256,"12,544",5.11,2.63,54.95,205.52,4.30,"27,648,000","3,211,264","32,206,452","82,124,800","6,422,528","75,936,930","21,378,216","69,511,584","18,681,840","21,398,816","6,457,993",2.20,0.66,"21,398,816","6,457,993"
6,unrolled_elementwise_kernel,"void at::native::unrolled_elementwise_kernel<at::native::AddFunctor<float>, at::detail::Array<char *, (int)3>, OffsetCalculator<(int)2, unsigned int>, OffsetCalculator<(int)1, unsigned int>, at::native::memory::LoadWithoutCast, at::native::memory::StoreWithoutCast>(int, T1, T2, T3, T4, T5, T6)",[19496] python3.8,"200704,    1,    1","   64,    1,    1","7,511,879",5.50,"662,361.74",2.76,"124,436,480",1.36,64,"200,704",6.09,0.21,37.34,205.52,37.33,"1,606,402","1,605,632","3,334,704","6,423,298","6,422,528","6,424,498","6,672,074",704,"6,422,656","6,591,288","6,333,552",5.88,5.65,"6,591,288","6,333,552"
7,vectorized_elementwise_kernel,"void at::native::vectorized_elementwise_kernel<(int)4, at::native::<unnamed>::clamp_min_scalar_kernel_impl(at::TensorIterator &, c10::Scalar)::[lambda() (instance 1)]::operator ()() const::[lambda() (instance 8)]::operator ()() const::[lambda(float) (instance 1)], at::detail::Array<char *, (int)2>>(int, T2, T3)",[19496] python3.8,"200704,    1,    1","   64,    1,    1","3,082,175",2.26,"271,991.46",0.61,"11,239,424",1.36,64,"200,704",1.53,0.21,90.95,205.52,90.95,"1,605,632","1,605,632","3,261,240","6,422,528","6,422,528","6,424,470","6,504,756",0,"6,422,528","6,534,466","6,333,957",14.20,13.76,"6,534,466","6,333,957"
8,max_pool_forward_nchw,"void at::native::<unnamed>::max_pool_forward_nchw<float, float>(int, const T1 *, int, int, int, int, int, int, int, int, int, int, int, int, int, int, T1 *, long *)",[19496] python3.8,"50176,    1,    1","  256,    1,    1","5,844,180",4.29,"515,204.47",2.37,"83,091,456",1.36,256,"50,176",5.23,0.21,50.07,154.14,35.95,"1,677,181","1,204,224","2,969,751","6,708,724","4,816,896","5,105,820","6,623,951","286,704","6,422,528","6,813,019","4,739,368",7.81,5.43,"6,813,019","4,739,368"
9,winogradForwardData4x4,"void cudnn::winograd_nonfused::winogradForwardData4x4<float, float>(cudnn::winograd_nonfused::WinogradDataParams<T1, T2>)",[19496] python3.8,"   49,   64,    1","  256,    1,    1","2,422,886",1.79,"215,065.68",1.07,"15,705,088",1.35,256,"3,136",3.02,0.12,64.47,115.61,64.53,"2,013,761","903,168","2,948,094","3,608,395","3,612,672","6,164,450","1,623,877","2,554,937","1,605,632","1,697,949","3,528,084",4.69,9.75,"1,697,949","3,528,084"
10,winogradForwardFilter4x4,"void cudnn::winograd_nonfused::winogradForwardFilter4x4<float, float>(cudnn::winograd_nonfused::WinogradFilterParams<T1, T2>)",[19496] python3.8,"    2,   16,    1","   32,    8,    1","17,695",0.01,"1,290.31",0.89,"78,336",1.27,256,32,2.77,0.00,21.14,1.18,84.55,"2,304","9,216","13,544","9,216","36,864","37,535","9,220",0,"9,216","9,980",0,3.78,0,"9,980",0
11,volta_sgemm_128x128_nn,volta_sgemm_128x128_nn,[19496] python3.8,"   98,    1,   36","  256,    1,    1","12,043,730",8.82,"1,070,436.54",2.15,"156,360,960",1.37,256,"3,528",7.19,0.23,25.92,231.21,26.21,"4,438,370","1,806,336","6,425,781","7,147,891","7,225,344","10,746,697","4,271,099","3,516,508","3,649,536","4,015,637","7,214,781",2.23,4.01,"4,015,637","7,214,781"
12,winogradForwardOutput4x4,"void cudnn::winograd_nonfused::winogradForwardOutput4x4<float, float>(cudnn::winograd_nonfused::WinogradOutputParams<T1, T2>)",[19496] python3.8,"   49,  128,    1","  256,    1,    1","2,428,394",1.78,"213,846",2.23,"32,363,520",1.36,256,"6,272",4.90,0.23,129.80,102.76,57.69,"1,806,336","1,605,632","3,448,427","7,225,344","3,211,264","3,212,297","7,285,686",0,"7,225,344","7,499,641","3,231,921",20.69,8.91,"7,499,641","3,231,921"
13,unrolled_elementwise_kernel,"void at::native::unrolled_elementwise_kernel<at::native::AddFunctor<float>, at::detail::Array<char *, (int)3>, OffsetCalculator<(int)2, unsigned int>, OffsetCalculator<(int)1, unsigned int>, at::native::memory::LoadWithoutCast, at::native::memory::StoreWithoutCast>(int, T1, T2, T3, T4, T5, T6)",[19496] python3.8,"100352,    1,    1","   64,    1,    1","3,756,314",2.75,"331,397.06",2.76,"62,218,240",1.36,64,"100,352",6.09,0.10,37.32,102.76,37.30,"804,352","802,816","1,651,605","3,212,800","3,211,264","3,219,392","3,330,936","1,525","3,211,288","3,344,640","3,123,078",5.96,5.57,"3,344,640","3,123,078"
14,vectorized_elementwise_kernel,"void at::native::vectorized_elementwise_kernel<(int)4, at::native::<unnamed>::clamp_min_scalar_kernel_impl(at::TensorIterator &, c10::Scalar)::[lambda() (instance 1)]::operator ()() const::[lambda() (instance 8)]::operator ()() const::[lambda(float) (instance 1)], at::detail::Array<char *, (int)2>>(int, T2, T3)",[19496] python3.8,"100352,    1,    1","   64,    1,    1","1,542,402",1.13,"135,208.62",0.61,"5,619,712",1.37,64,"100,352",1.53,0.10,91.01,102.76,91.01,"802,816","802,816","1,620,863","3,211,264","3,211,264","3,212,414","3,270,232",0,"3,211,264","3,226,036","3,124,929",14.01,13.57,"3,226,036","3,124,929"
15,winogradForwardData4x4,"void cudnn::winograd_nonfused::winogradForwardData4x4<float, float>(cudnn::winograd_nonfused::WinogradDataParams<T1, T2>)",[19496] python3.8,"   49,  128,    1","  256,    1,    1","4,847,176",3.56,"427,114.09",1.08,"31,410,176",1.36,256,"6,272",3.01,0.23,64.83,231.21,64.96,"4,027,818","1,806,336","6,031,906","7,213,732","7,225,344","12,330,192","3,343,249","5,098,747","3,211,264","3,354,351","7,138,560",4.64,9.86,"3,354,351","7,138,560"
16,winogradForwardFilter4x4,"void cudnn::winograd_nonfused::winogradForwardFilter4x4<float, float>(cudnn::winograd_nonfused::WinogradFilterParams<T1, T2>)",[19496] python3.8,"    4,   16,    1","   32,    8,    1","31,657",0.02,"2,482.25",0.93,"156,672",1.29,256,64,3.09,0.00,23.97,2.36,95.88,"4,608","18,432","24,432","18,432","73,728","75,515","20,284",0,"18,432","18,436",1,3.90,0.00,"18,436",1
17,volta_sgemm_128x128_nn,volta_sgemm_128x128_nn,[19496] python3.8,"   98,    1,   36","  256,    1,    1","21,853,156",15.93,"1,921,449.97",2.20,"287,997,696",1.37,256,"3,528",7.85,0.46,29.00,231.21,14.51,"9,019,986","1,806,336","11,275,467","14,438,994","7,225,344","14,404,354","8,183,680","7,177,110","7,299,072","8,198,993","7,220,119",2.51,2.21,"8,198,993","7,220,119"
18,winogradForwardOutput4x4,"void cudnn::winograd_nonfused::winogradForwardOutput4x4<float, float>(cudnn::winograd_nonfused::WinogradOutputParams<T1, T2>)",[19496] python3.8,"   49,  128,    1","  256,    1,    1","2,426,632",1.78,"213,765.46",2.23,"32,363,520",1.36,256,"6,272",4.90,0.23,129.86,102.76,57.72,"1,806,336","1,605,632","3,452,025","7,225,344","3,211,264","3,212,472","7,323,713",0,"7,225,344","7,323,609","3,154,528",20.21,8.71,"7,323,609","3,154,528"
19,unrolled_elementwise_kernel,"void at::native::unrolled_elementwise_kernel<at::native::AddFunctor<float>, at::detail::Array<char *, (int)3>, OffsetCalculator<(int)2, unsigned int>, OffsetCalculator<(int)1, unsigned int>, at::native::memory::LoadWithoutCast, at::native::memory::StoreWithoutCast>(int, T1, T2, T3, T4, T5, T6)",[19496] python3.8,"100352,    1,    1","   64,    1,    1","3,759,616",2.76,"331,500.35",2.76,"62,218,240",1.36,64,"100,352",6.08,0.10,37.31,102.76,37.29,"804,353","802,816","1,765,036","3,212,801","3,211,264","3,214,765","3,342,440","1,529","3,211,288","3,301,256","3,190,435",5.88,5.68,"3,301,256","3,190,435"
20,vectorized_elementwise_kernel,"void at::native::vectorized_elementwise_kernel<(int)4, at::native::<unnamed>::clamp_min_scalar_kernel_impl(at::TensorIterator &, c10::Scalar)::[lambda() (instance 1)]::operator ()() const::[lambda() (instance 8)]::operator ()() const::[lambda(float) (instance 1)], at::detail::Array<char *, (int)2>>(int, T2, T3)",[19496] python3.8,"100352,    1,    1","   64,    1,    1","1,537,994",1.13,"135,999.59",0.61,"5,619,712",1.36,64,"100,352",1.54,0.10,90.92,102.76,90.92,"802,816","802,816","1,621,685","3,211,264","3,211,264","3,212,489","3,247,578",0,"3,211,264","3,213,517","3,122,712",13.99,13.60,"3,213,517","3,122,712"
21,max_pool_forward_nchw,"void at::native::<unnamed>::max_pool_forward_nchw<float, float>(int, const T1 *, int, int, int, int, int, int, int, int, int, int, int, int, int, int, T1 *, long *)",[19496] python3.8,"25088,    1,    1","  256,    1,    1","2,919,395",2.15,"257,291.60",2.37,"41,545,728",1.36,256,"25,088",5.23,0.11,49.09,77.07,35.91,"1,090,324","602,112","1,727,947","3,293,952","2,408,448","2,492,322","3,236,803","83,132","3,211,264","3,323,937","2,330,123",7.63,5.35,"3,323,937","2,330,123"
22,winogradForwardData4x4,"void cudnn::winograd_nonfused::winogradForwardData4x4<float, float>(cudnn::winograd_nonfused::WinogradDataParams<T1, T2>)",[19496] python3.8,"   16,  128,    1","  256,    1,    1","1,217,834",0.89,"107,611.04",1.26,"9,196,544",1.36,256,"2,048",3.42,0.06,64.20,57.80,64.61,"960,162","451,584","1,437,034","1,795,369","1,806,336","2,990,770","845,089","1,183,616","802,816","835,601","1,720,403",4.60,9.46,"835,601","1,720,403"
23,winogradForwardFilter4x4,"void cudnn::winograd_nonfused::winogradForwardFilter4x4<float, float>(cudnn::winograd_nonfused::WinogradFilterParams<T1, T2>)",[19496] python3.8,"    4,   32,    1","   32,    8,    1","60,461",0.05,"4,839.41",0.95,"313,344",1.32,256,128,3.24,0.00,25.74,4.72,102.97,"9,216","36,864","47,010","36,864","147,456","148,295","40,348",0,"36,864","38,340","130,623",4.25,14.47,"38,340","130,623"
24,volta_sgemm_128x128_nn,volta_sgemm_128x128_nn,[19496] python3.8,"   25,    2,   36","  256,    1,    1","11,146,421",8.15,"978,178.57",2.21,"146,937,600",1.37,256,"1,800",7.86,0.23,28.63,115.61,14.18,"4,583,158","903,168","5,770,538","7,292,662","3,612,672","9,027,285","2,520,177","5,412,450","1,953,892","2,503,643","3,528,388",1.50,2.12,"2,503,643","3,528,388"
25,winogradForwardOutput4x4,"void cudnn::winograd_nonfused::winogradForwardOutput4x4<float, float>(cudnn::winograd_nonfused::WinogradOutputParams<T1, T2>)",[19496] python3.8,"   16,  256,    1","  256,    1,    1","1,423,661",1.05,"125,398.93",2.32,"19,781,120",1.36,256,"4,096",5.11,0.12,110.50,51.38,49.11,"903,168","1,089,534","2,012,071","3,612,672","1,605,632","1,606,715","3,649,647",0,"3,612,672","3,656,399","1,549,978",17.20,7.29,"3,656,399","1,549,978"
26,unrolled_elementwise_kernel,"void at::native::unrolled_elementwise_kernel<at::native::AddFunctor<float>, at::detail::Array<char *, (int)3>, OffsetCalculator<(int)2, unsigned int>, OffsetCalculator<(int)1, unsigned int>, at::native::memory::LoadWithoutCast, at::native::memory::StoreWithoutCast>(int, T1, T2, T3, T4, T5, T6)",[19496] python3.8,"50176,    1,    1","   64,    1,    1","1,882,312",1.38,"165,672.74",2.76,"31,109,120",1.36,64,"50,176",6.08,0.05,37.33,51.38,37.26,"404,481","401,408","832,605","1,608,705","1,605,632","1,610,190","1,655,376","3,056","1,605,664","1,655,728","1,516,709",5.89,5.40,"1,655,728","1,516,709"
27,vectorized_elementwise_kernel,"void at::native::vectorized_elementwise_kernel<(int)4, at::native::<unnamed>::clamp_min_scalar_kernel_impl(at::TensorIterator &, c10::Scalar)::[lambda() (instance 1)]::operator ()() const::[lambda() (instance 8)]::operator ()() const::[lambda(float) (instance 1)], at::detail::Array<char *, (int)2>>(int, T2, T3)",[19496] python3.8,"50176,    1,    1","   64,    1,    1","766,768",0.57,"67,588.74",0.61,"2,809,856",1.35,64,"50,176",1.54,0.05,90.59,51.38,90.59,"401,408","401,408","816,237","1,605,632","1,605,632","1,606,895","1,634,106",0,"1,605,632","1,627,745","1,517,827",14.22,13.26,"1,627,745","1,517,827"
28,winogradForwardData4x4,"void cudnn::winograd_nonfused::winogradForwardData4x4<float, float>(cudnn::winograd_nonfused::WinogradDataParams<T1, T2>)",[19496] python3.8,"   16,  256,    1","  256,    1,    1","2,435,794",1.78,"214,051",1.26,"18,393,088",1.37,256,"4,096",3.42,0.11,64.43,115.61,64.83,"1,919,809","903,168","2,859,813","3,591,119","3,612,672","5,979,965","1,695,586","2,364,443","1,605,632","1,699,985","3,526,499",4.67,9.70,"1,699,985","3,526,499"
29,winogradForwardFilter4x4,"void cudnn::winograd_nonfused::winogradForwardFilter4x4<float, float>(cudnn::winograd_nonfused::WinogradFilterParams<T1, T2>)",[19496] python3.8,"    8,   32,    1","   32,    8,    1","110,795",0.08,"9,683.06",0.95,"626,688",1.32,256,256,3.53,0.00,28.02,9.44,112.09,"18,432","73,728","97,176","73,728","294,912","296,008","81,628",0,"73,728","76,484","206,901",4.62,12.51,"76,484","206,901"
30,volta_sgemm_128x128_nn,volta_sgemm_128x128_nn,[19496] python3.8,"   25,    2,   36","  256,    1,    1","21,104,148",15.47,"1,856,161.94",2.23,"281,260,800",1.36,256,"1,800",8.26,0.47,30.19,115.61,7.47,"9,177,723","903,168","10,449,614","14,596,731","3,612,672","13,955,807","5,307,445","10,321,776","4,446,800","5,264,533","3,543,381",1.67,1.12,"5,264,533","3,543,381"
31,winogradForwardOutput4x4,"void cudnn::winograd_nonfused::winogradForwardOutput4x4<float, float>(cudnn::winograd_nonfused::WinogradOutputParams<T1, T2>)",[19496] python3.8,"   16,  256,    1","  256,    1,    1","1,425,641",1.05,"125,439.46",2.32,"19,781,120",1.36,256,"4,096",5.10,0.12,110.31,51.38,49.03,"903,168","1,089,510","2,017,021","3,612,672","1,605,632","1,606,789","3,660,305",0,"3,612,672","3,655,449","1,549,510",17.17,7.28,"3,655,449","1,549,510"
32,unrolled_elementwise_kernel,"void at::native::unrolled_elementwise_kernel<at::native::AddFunctor<float>, at::detail::Array<char *, (int)3>, OffsetCalculator<(int)2, unsigned int>, OffsetCalculator<(int)1, unsigned int>, at::native::memory::LoadWithoutCast, at::native::memory::StoreWithoutCast>(int, T1, T2, T3, T4, T5, T6)",[19496] python3.8,"50176,    1,    1","   64,    1,    1","1,879,642",1.38,"165,645.85",2.76,"31,109,120",1.36,64,"50,176",6.09,0.05,37.31,51.38,37.24,"404,480","401,408","842,365","1,608,704","1,605,632","1,610,462","1,686,316","3,056","1,605,664","1,675,602","1,516,946",5.97,5.41,"1,675,602","1,516,946"
33,vectorized_elementwise_kernel,"void at::native::vectorized_elementwise_kernel<(int)4, at::native::<unnamed>::clamp_min_scalar_kernel_impl(at::TensorIterator &, c10::Scalar)::[lambda() (instance 1)]::operator ()() const::[lambda() (instance 8)]::operator ()() const::[lambda(float) (instance 1)], at::detail::Array<char *, (int)2>>(int, T2, T3)",[19496] python3.8,"50176,    1,    1","   64,    1,    1","768,104",0.57,"67,625.59",0.61,"2,809,856",1.36,64,"50,176",1.54,0.05,90.67,51.38,90.67,"401,408","401,408","813,775","1,605,632","1,605,632","1,606,873","1,622,474",0,"1,605,632","1,622,468","1,588,228",14.15,13.85,"1,622,468","1,588,228"
34,winogradForwardData4x4,"void cudnn::winograd_nonfused::winogradForwardData4x4<float, float>(cudnn::winograd_nonfused::WinogradDataParams<T1, T2>)",[19496] python3.8,"   16,  256,    1","  256,    1,    1","2,433,915",1.78,"214,466.43",1.26,"18,393,088",1.37,256,"4,096",3.42,0.11,64.42,115.61,64.85,"1,918,428","903,168","2,857,464","3,589,500","3,612,672","5,978,528","1,692,279","2,365,541","1,605,632","1,660,887","3,526,413",4.57,9.70,"1,660,887","3,526,413"
35,winogradForwardFilter4x4,"void cudnn::winograd_nonfused::winogradForwardFilter4x4<float, float>(cudnn::winograd_nonfused::WinogradFilterParams<T1, T2>)",[19496] python3.8,"    8,   32,    1","   32,    8,    1","113,218",0.09,"10,134.96",0.91,"626,688",1.31,256,256,3.46,0.00,27.29,9.44,109.15,"18,432","73,728","95,091","73,728","294,912","295,933","105,268",0,"73,728","73,948","206,628",4.38,12.23,"73,948","206,628"
36,volta_sgemm_128x128_nn,volta_sgemm_128x128_nn,[19496] python3.8,"   25,    2,   36","  256,    1,    1","21,072,662",15.44,"1,856,786.76",2.23,"281,260,800",1.37,256,"1,800",8.27,0.47,30.26,115.61,7.49,"9,177,798","903,168","10,486,729","14,596,806","3,612,672","13,944,838","5,314,401","10,334,825","4,476,524","5,276,320","3,545,376",1.68,1.13,"5,276,320","3,545,376"
37,winogradForwardOutput4x4,"void cudnn::winograd_nonfused::winogradForwardOutput4x4<float, float>(cudnn::winograd_nonfused::WinogradOutputParams<T1, T2>)",[19496] python3.8,"   16,  256,    1","  256,    1,    1","1,425,387",1.05,"125,592.57",2.32,"19,781,120",1.36,256,"4,096",5.10,0.12,110.43,51.38,49.08,"903,168","1,089,536","2,011,314","3,612,672","1,605,632","1,608,250","3,657,609",0,"3,612,672","3,648,151","1,549,105",17.14,7.28,"3,648,151","1,549,105"
38,unrolled_elementwise_kernel,"void at::native::unrolled_elementwise_kernel<at::native::AddFunctor<float>, at::detail::Array<char *, (int)3>, OffsetCalculator<(int)2, unsigned int>, OffsetCalculator<(int)1, unsigned int>, at::native::memory::LoadWithoutCast, at::native::memory::StoreWithoutCast>(int, T1, T2, T3, T4, T5, T6)",[19496] python3.8,"50176,    1,    1","   64,    1,    1","1,881,623",1.38,"165,729.12",2.76,"31,109,120",1.36,64,"50,176",6.08,0.05,37.32,51.38,37.25,"404,480","401,408","838,661","1,608,704","1,605,632","1,614,599","1,678,368","3,056","1,605,664","1,718,976","1,588,628",6.12,5.65,"1,718,976","1,588,628"
39,vectorized_elementwise_kernel,"void at::native::vectorized_elementwise_kernel<(int)4, at::native::<unnamed>::clamp_min_scalar_kernel_impl(at::TensorIterator &, c10::Scalar)::[lambda() (instance 1)]::operator ()() const::[lambda() (instance 8)]::operator ()() const::[lambda(float) (instance 1)], at::detail::Array<char *, (int)2>>(int, T2, T3)",[19496] python3.8,"50176,    1,    1","   64,    1,    1","766,119",0.57,"67,287.13",0.61,"2,809,856",1.35,64,"50,176",1.54,0.05,90.41,51.38,90.41,"401,408","401,408","849,907","1,605,632","1,605,632","1,607,200","1,642,808",0,"1,605,632","1,634,372","1,516,622",14.29,13.26,"1,634,372","1,516,622"
40,winogradForwardData4x4,"void cudnn::winograd_nonfused::winogradForwardData4x4<float, float>(cudnn::winograd_nonfused::WinogradDataParams<T1, T2>)",[19496] python3.8,"   16,  256,    1","  256,    1,    1","2,440,759",1.78,"214,169.32",1.26,"18,393,088",1.37,256,"4,096",3.41,0.11,64.50,115.61,64.92,"1,918,524","903,168","2,858,032","3,588,787","3,612,672","5,981,951","1,669,355","2,366,909","1,605,632","1,606,341","3,526,091",4.41,9.68,"1,606,341","3,526,091"
41,winogradForwardFilter4x4,"void cudnn::winograd_nonfused::winogradForwardFilter4x4<float, float>(cudnn::winograd_nonfused::WinogradFilterParams<T1, T2>)",[19496] python3.8,"    8,   32,    1","   32,    8,    1","110,732",0.09,"9,504.91",0.97,"626,688",1.29,256,256,3.54,0.00,27.48,9.44,109.92,"18,432","73,728","94,026","73,728","294,912","295,905","75,156",0,"73,728","76,136","206,715",4.61,12.51,"76,136","206,715"
42,volta_sgemm_128x128_nn,volta_sgemm_128x128_nn,[19496] python3.8,"   25,    2,   36","  256,    1,    1","21,119,914",15.44,"1,856,673.69",2.23,"281,260,800",1.37,256,"1,800",8.25,0.47,30.26,115.61,7.49,"9,177,787","903,168","10,533,876","14,596,795","3,612,672","13,946,606","5,260,921","10,334,789","4,409,564","5,320,173","3,542,851",1.69,1.12,"5,320,173","3,542,851"
43,winogradForwardOutput4x4,"void cudnn::winograd_nonfused::winogradForwardOutput4x4<float, float>(cudnn::winograd_nonfused::WinogradOutputParams<T1, T2>)",[19496] python3.8,"   16,  256,    1","  256,    1,    1","1,428,385",1.05,"125,405.72",2.32,"19,781,120",1.36,256,"4,096",5.09,0.12,110.32,51.38,49.03,"903,168","1,089,536","2,012,737","3,612,672","1,605,632","1,608,361","3,672,977",0,"3,612,672","3,658,441","1,603,651",17.15,7.52,"3,658,441","1,603,651"
44,unrolled_elementwise_kernel,"void at::native::unrolled_elementwise_kernel<at::native::AddFunctor<float>, at::detail::Array<char *, (int)3>, OffsetCalculator<(int)2, unsigned int>, OffsetCalculator<(int)1, unsigned int>, at::native::memory::LoadWithoutCast, at::native::memory::StoreWithoutCast>(int, T1, T2, T3, T4, T5, T6)",[19496] python3.8,"50176,    1,    1","   64,    1,    1","1,881,536",1.38,"165,800.41",2.76,"31,109,120",1.36,64,"50,176",6.08,0.05,37.29,51.38,37.22,"404,480","401,408","845,650","1,608,704","1,605,632","1,610,297","1,665,680","3,057","1,605,664","1,661,992","1,518,063",5.92,5.40,"1,661,992","1,518,063"
45,vectorized_elementwise_kernel,"void at::native::vectorized_elementwise_kernel<(int)4, at::native::<unnamed>::clamp_min_scalar_kernel_impl(at::TensorIterator &, c10::Scalar)::[lambda() (instance 1)]::operator ()() const::[lambda() (instance 8)]::operator ()() const::[lambda(float) (instance 1)], at::detail::Array<char *, (int)2>>(int, T2, T3)",[19496] python3.8,"50176,    1,    1","   64,    1,    1","771,921",0.57,"67,862.62",0.61,"2,809,856",1.36,64,"50,176",1.53,0.05,90.43,51.38,90.43,"401,408","401,408","816,203","1,605,632","1,605,632","1,606,640","1,606,314",0,"1,605,632","1,638,484","1,516,901",14.22,13.16,"1,638,484","1,516,901"
46,max_pool_forward_nchw,"void at::native::<unnamed>::max_pool_forward_nchw<float, float>(int, const T1 *, int, int, int, int, int, int, int, int, int, int, int, int, int, int, T1 *, long *)",[19496] python3.8,"12544,    1,    1","  256,    1,    1","1,444,124",1.06,"127,184.51",2.40,"20,772,864",1.36,256,"12,544",5.29,0.05,48.98,38.54,36.24,"704,140","301,056","1,005,556","1,627,045","1,204,224","1,416,037","1,713,867","210,036","1,605,632","1,676,057","1,131,295",7.77,5.25,"1,676,057","1,131,295"
47,winogradForwardData4x4,"void cudnn::winograd_nonfused::winogradForwardData4x4<float, float>(cudnn::winograd_nonfused::WinogradDataParams<T1, T2>)",[19496] python3.8,"    4,  256,    1","  256,    1,    1","575,100",0.42,"50,745.63",1.40,"4,845,568",1.37,256,"1,024",3.86,0.02,54.95,28.90,68.89,"299,507","329,928","639,141","720,027","903,168","1,314,737","425,841","409,277","401,408","417,909","821,174",4.87,9.56,"417,909","821,174"
48,winogradForwardFilter4x4,"void cudnn::winograd_nonfused::winogradForwardFilter4x4<float, float>(cudnn::winograd_nonfused::WinogradFilterParams<T1, T2>)",[19496] python3.8,"    8,   64,    1","   32,    8,    1","216,352",0.17,"19,191.84",0.96,"1,253,376",1.29,256,512,3.62,0.00,28.15,18.87,112.58,"36,864","147,456","188,375","147,456","589,824","590,854","165,124",0,"147,456","147,858","501,298",4.58,15.52,"147,858","501,298"
49,volta_sgemm_128x128_nn,volta_sgemm_128x128_nn,[19496] python3.8,"    7,    4,   36","  256,    1,    1","11,853,547",8.69,"1,043,141.49",2.22,"157,506,048",1.36,256,"1,008",8.24,0.25,28.50,57.80,6.65,"5,182,154","581,181","6,048,443","7,740,267","1,806,336","8,352,802","1,828,201","6,542,213","1,492,992","2,041,369","1,725,672",1.15,0.98,"2,041,369","1,725,672"
50,winogradForwardOutput4x4,"void cudnn::winograd_nonfused::winogradForwardOutput4x4<float, float>(cudnn::winograd_nonfused::WinogradOutputParams<T1, T2>)",[19496] python3.8,"    4,  512,    1","  256,    1,    1","790,305",0.58,"69,036.51",2.14,"10,057,216",1.36,256,"2,048",4.68,0.06,99.67,33.03,56.95,"696,014","483,205","1,180,024","1,806,336","1,032,192","1,033,305","1,835,039",0,"1,806,336","1,833,053","748,505",15.54,6.34,"1,833,053","748,505"
51,unrolled_elementwise_kernel,"void at::native::unrolled_elementwise_kernel<at::native::AddFunctor<float>, at::detail::Array<char *, (int)3>, OffsetCalculator<(int)2, unsigned int>, OffsetCalculator<(int)1, unsigned int>, at::native::memory::LoadWithoutCast, at::native::memory::StoreWithoutCast>(int, T1, T2, T3, T4, T5, T6)",[19496] python3.8,"25088,    1,    1","   64,    1,    1","941,953",0.69,"82,927.44",2.76,"15,554,560",1.36,64,"25,088",6.07,0.03,37.41,25.69,37.13,"206,847","200,704","424,252","808,962","802,816","810,693","832,052","6,113","802,880","838,064","715,279",5.96,5.09,"838,064","715,279"
52,vectorized_elementwise_kernel,"void at::native::vectorized_elementwise_kernel<(int)4, at::native::<unnamed>::clamp_min_scalar_kernel_impl(at::TensorIterator &, c10::Scalar)::[lambda() (instance 1)]::operator ()() const::[lambda() (instance 8)]::operator ()() const::[lambda(float) (instance 1)], at::detail::Array<char *, (int)2>>(int, T2, T3)",[19496] python3.8,"25088,    1,    1","   64,    1,    1","383,864",0.29,"33,597.38",0.61,"1,404,928",1.34,64,"25,088",1.54,0.03,89.50,25.69,89.50,"200,704","200,704","405,181","802,816","802,816","803,820","816,834",0,"802,816","806,858","713,880",14.08,12.46,"806,858","713,880"
53,winogradForwardData4x4,"void cudnn::winograd_nonfused::winogradForwardData4x4<float, float>(cudnn::winograd_nonfused::WinogradDataParams<T1, T2>)",[19496] python3.8,"    4,  512,    1","  256,    1,    1","1,129,005",0.83,"100,037.72",1.42,"9,691,136",1.36,256,"2,048",3.94,0.05,55.46,57.80,69.51,"599,768","659,447","1,273,957","1,441,316","1,806,336","2,628,817","853,634","818,490","802,816","804,719","1,723,897",4.77,10.23,"804,719","1,723,897"
54,winogradForwardFilter4x4,"void cudnn::winograd_nonfused::winogradForwardFilter4x4<float, float>(cudnn::winograd_nonfused::WinogradFilterParams<T1, T2>)",[19496] python3.8,"   16,   64,    1","   32,    8,    1","430,272",0.32,"37,948.10",0.97,"2,506,752",1.33,256,"1,024",3.64,0.01,29.18,37.75,116.70,"73,728","294,912","379,477","294,912","1,179,648","1,180,650","313,812",0,"294,912","315,938","1,091,552",4.92,16.99,"315,938","1,091,552"
55,volta_sgemm_128x128_nn,volta_sgemm_128x128_nn,[19496] python3.8,"    7,    4,   36","  256,    1,    1","23,008,737",16.85,"2,026,241.72",2.23,"307,948,032",1.37,256,"1,008",8.46,0.50,29.39,57.80,3.43,"10,353,022","579,744","11,400,328","15,481,715","1,806,336","14,896,519","3,920,285","13,085,625","2,986,016","3,936,563","1,745,795",1.15,0.51,"3,936,563","1,745,795"
56,winogradForwardOutput4x4,"void cudnn::winograd_nonfused::winogradForwardOutput4x4<float, float>(cudnn::winograd_nonfused::WinogradOutputParams<T1, T2>)",[19496] python3.8,"    4,  512,    1","  256,    1,    1","789,495",0.58,"69,246.93",2.14,"10,057,216",1.36,256,"2,048",4.68,0.06,99.49,33.03,56.85,"696,548","483,434","1,193,054","1,806,336","1,032,192","1,033,567","1,822,495",0,"1,806,336","1,848,897","749,830",15.69,6.36,"1,848,897","749,830"
57,unrolled_elementwise_kernel,"void at::native::unrolled_elementwise_kernel<at::native::AddFunctor<float>, at::detail::Array<char *, (int)3>, OffsetCalculator<(int)2, unsigned int>, OffsetCalculator<(int)1, unsigned int>, at::native::memory::LoadWithoutCast, at::native::memory::StoreWithoutCast>(int, T1, T2, T3, T4, T5, T6)",[19496] python3.8,"25088,    1,    1","   64,    1,    1","942,333",0.69,"82,931.18",2.76,"15,554,560",1.36,64,"25,088",6.07,0.03,37.39,25.69,37.11,"206,850","200,704","420,704","808,964","802,816","810,432","826,264","6,113","802,880","831,770","790,500",5.91,5.62,"831,770","790,500"
58,vectorized_elementwise_kernel,"void at::native::vectorized_elementwise_kernel<(int)4, at::native::<unnamed>::clamp_min_scalar_kernel_impl(at::TensorIterator &, c10::Scalar)::[lambda() (instance 1)]::operator ()() const::[lambda() (instance 8)]::operator ()() const::[lambda(float) (instance 1)], at::detail::Array<char *, (int)2>>(int, T2, T3)",[19496] python3.8,"25088,    1,    1","   64,    1,    1","385,672",0.28,"33,724.94",0.61,"1,404,928",1.37,64,"25,088",1.53,0.03,91.27,25.69,91.27,"200,704","200,704","411,942","802,816","802,816","804,610","819,852",0,"802,816","813,762","713,805",14.13,12.40,"813,762","713,805"
59,winogradForwardData4x4,"void cudnn::winograd_nonfused::winogradForwardData4x4<float, float>(cudnn::winograd_nonfused::WinogradDataParams<T1, T2>)",[19496] python3.8,"    4,  512,    1","  256,    1,    1","1,132,821",0.83,"101,250.65",1.41,"9,691,136",1.37,256,"2,048",3.92,0.05,55.59,57.80,69.69,"599,934","658,879","1,276,887","1,441,068","1,806,336","2,627,975","851,249","820,655","802,816","976,081","1,801,845",5.77,10.65,"976,081","1,801,845"
60,winogradForwardFilter4x4,"void cudnn::winograd_nonfused::winogradForwardFilter4x4<float, float>(cudnn::winograd_nonfused::WinogradFilterParams<T1, T2>)",[19496] python3.8,"   16,   64,    1","   32,    8,    1","427,226",0.32,"38,023.47",0.97,"2,506,752",1.32,256,"1,024",3.67,0.01,29.23,37.75,116.94,"73,728","294,912","373,859","294,912","1,179,648","1,180,893","315,018",0,"294,912","319,018","1,092,102",5.00,17.12,"319,018","1,092,102"
61,volta_sgemm_128x128_nn,volta_sgemm_128x128_nn,[19496] python3.8,"    7,    4,   36","  256,    1,    1","22,987,658",16.86,"2,024,481.07",2.24,"307,948,032",1.36,256,"1,008",8.47,0.50,29.38,57.80,3.43,"10,352,603","580,260","11,401,255","15,481,756","1,806,336","14,900,815","3,983,769","13,085,520","2,986,020","3,946,480","1,748,147",1.15,0.51,"3,946,480","1,748,147"
62,winogradForwardOutput4x4,"void cudnn::winograd_nonfused::winogradForwardOutput4x4<float, float>(cudnn::winograd_nonfused::WinogradOutputParams<T1, T2>)",[19496] python3.8,"    4,  512,    1","  256,    1,    1","783,863",0.58,"69,029.01",2.14,"10,057,216",1.36,256,"2,048",4.72,0.06,100.20,33.03,57.25,"696,585","483,479","1,197,127","1,806,336","1,032,192","1,033,408","1,826,955",0,"1,806,336","1,821,415","749,415",15.56,6.40,"1,821,415","749,415"
63,unrolled_elementwise_kernel,"void at::native::unrolled_elementwise_kernel<at::native::AddFunctor<float>, at::detail::Array<char *, (int)3>, OffsetCalculator<(int)2, unsigned int>, OffsetCalculator<(int)1, unsigned int>, at::native::memory::LoadWithoutCast, at::native::memory::StoreWithoutCast>(int, T1, T2, T3, T4, T5, T6)",[19496] python3.8,"25088,    1,    1","   64,    1,    1","941,786",0.69,"82,909.74",2.76,"15,554,560",1.36,64,"25,088",6.07,0.03,37.44,25.69,37.16,"206,847","200,704","427,524","808,960","802,816","810,701","828,864","6,113","802,880","847,545","715,085",6.03,5.09,"847,545","715,085"
64,vectorized_elementwise_kernel,"void at::native::vectorized_elementwise_kernel<(int)4, at::native::<unnamed>::clamp_min_scalar_kernel_impl(at::TensorIterator &, c10::Scalar)::[lambda() (instance 1)]::operator ()() const::[lambda() (instance 8)]::operator ()() const::[lambda(float) (instance 1)], at::detail::Array<char *, (int)2>>(int, T2, T3)",[19496] python3.8,"25088,    1,    1","   64,    1,    1","382,947",0.28,"33,709.78",0.61,"1,404,928",1.36,64,"25,088",1.54,0.03,90.93,25.69,90.93,"200,704","200,704","409,909","802,816","802,816","803,819","818,202",0,"802,816","818,604","791,508",14.32,13.84,"818,604","791,508"
65,winogradForwardData4x4,"void cudnn::winograd_nonfused::winogradForwardData4x4<float, float>(cudnn::winograd_nonfused::WinogradDataParams<T1, T2>)",[19496] python3.8,"    4,  512,    1","  256,    1,    1","1,131,382",0.84,"98,523.47",1.45,"9,691,136",1.35,256,"2,048",3.93,0.05,55.04,57.80,68.98,"599,759","658,122","1,308,123","1,441,332","1,806,336","2,627,608","904,847","820,055","802,816","841,561","1,724,033",4.98,10.21,"841,561","1,724,033"
66,winogradForwardFilter4x4,"void cudnn::winograd_nonfused::winogradForwardFilter4x4<float, float>(cudnn::winograd_nonfused::WinogradFilterParams<T1, T2>)",[19496] python3.8,"   16,   64,    1","   32,    8,    1","432,959",0.32,"38,127.93",0.97,"2,506,752",1.34,256,"1,024",3.62,0.01,29.21,37.75,116.84,"73,728","294,912","410,849","294,912","1,179,648","1,180,893","312,358",0,"294,912","306,398","1,092,662",4.74,16.90,"306,398","1,092,662"
67,volta_sgemm_128x128_nn,volta_sgemm_128x128_nn,[19496] python3.8,"    7,    4,   36","  256,    1,    1","22,999,784",16.85,"2,028,944.10",2.23,"307,948,032",1.36,256,"1,008",8.47,0.50,29.40,57.80,3.43,"10,352,401","578,402","11,398,601","15,481,739","1,806,336","14,906,404","3,954,263","13,085,498","2,986,028","3,926,982","1,746,926",1.14,0.51,"3,926,982","1,746,926"
68,winogradForwardOutput4x4,"void cudnn::winograd_nonfused::winogradForwardOutput4x4<float, float>(cudnn::winograd_nonfused::WinogradOutputParams<T1, T2>)",[19496] python3.8,"    4,  512,    1","  256,    1,    1","787,718",0.58,"69,135.47",2.14,"10,057,216",1.36,256,"2,048",4.69,0.06,100.04,33.03,57.17,"696,039","483,401","1,187,852","1,806,336","1,032,192","1,033,232","1,807,927",0,"1,806,336","1,807,145","821,286",15.37,6.98,"1,807,145","821,286"
69,unrolled_elementwise_kernel,"void at::native::unrolled_elementwise_kernel<at::native::AddFunctor<float>, at::detail::Array<char *, (int)3>, OffsetCalculator<(int)2, unsigned int>, OffsetCalculator<(int)1, unsigned int>, at::native::memory::LoadWithoutCast, at::native::memory::StoreWithoutCast>(int, T1, T2, T3, T4, T5, T6)",[19496] python3.8,"25088,    1,    1","   64,    1,    1","941,912",0.69,"83,009.78",2.76,"15,554,560",1.36,64,"25,088",6.07,0.03,37.41,25.69,37.13,"206,845","200,704","411,084","808,959","802,816","810,383","832,696","6,113","802,880","824,208","714,254",5.86,5.08,"824,208","714,254"
70,vectorized_elementwise_kernel,"void at::native::vectorized_elementwise_kernel<(int)4, at::native::<unnamed>::clamp_min_scalar_kernel_impl(at::TensorIterator &, c10::Scalar)::[lambda() (instance 1)]::operator ()() const::[lambda() (instance 8)]::operator ()() const::[lambda(float) (instance 1)], at::detail::Array<char *, (int)2>>(int, T2, T3)",[19496] python3.8,"25088,    1,    1","   64,    1,    1","381,057",0.29,"33,470.85",0.62,"1,404,928",1.33,64,"25,088",1.55,0.03,89.88,25.69,89.88,"200,704","200,704","408,281","802,816","802,816","803,848","904,146",0,"802,816","809,076","713,870",14.22,12.55,"809,076","713,870"
71,max_pool_forward_nchw,"void at::native::<unnamed>::max_pool_forward_nchw<float, float>(int, const T1 *, int, int, int, int, int, int, int, int, int, int, int, int, int, int, T1 *, long *)",[19496] python3.8," 6272,    1,    1","  256,    1,    1","706,750",0.52,"62,136.75",2.46,"10,386,432",1.36,256,"6,272",5.40,0.03,50.12,19.27,36.96,"429,812","150,528","580,655","816,493","602,112","761,981","827,563","158,715","802,816","827,405","527,400",7.84,5.00,"827,405","527,400"
72,winogradForwardData4x4,"void cudnn::winograd_nonfused::winogradForwardData4x4<float, float>(cudnn::winograd_nonfused::WinogradDataParams<T1, T2>)",[19496] python3.8,"    1,  512,    1","  256,    1,    1","305,157",0.22,"26,422.35",1.43,"2,564,096",1.39,256,512,3.91,0.01,30.23,18.87,86.26,"88,924","147,456","247,552","206,715","589,824","623,102","204,303","30,599","200,704","204,241","502,012",4.48,11.02,"204,241","502,012"
73,winogradForwardFilter4x4,"void cudnn::winograd_nonfused::winogradForwardFilter4x4<float, float>(cudnn::winograd_nonfused::WinogradFilterParams<T1, T2>)",[19496] python3.8,"   16,   64,    1","   32,    8,    1","442,932",0.32,"37,760.38",0.98,"2,506,752",1.37,256,"1,024",3.54,0.01,29.26,37.75,117.04,"73,728","294,912","376,131","294,912","1,179,648","1,180,678","305,947",0,"294,912","294,916","1,091,789",4.46,16.51,"294,916","1,091,789"
74,volta_sgemm_128x64_nn,volta_sgemm_128x64_nn,[19496] python3.8,"    2,    8,   36","  128,    1,    1","6,591,300",4.83,"581,022.57",2.27,"89,491,968",1.36,128,576,8.44,0.23,46.86,18.87,3.91,"3,535,122","147,456","3,903,291","7,073,445","589,824","6,485,554","1,996,353","5,894,220","1,769,472","2,210,325","544,202",2.25,0.55,"2,210,325","544,202"
75,winogradForwardOutput4x4,"void cudnn::winograd_nonfused::winogradForwardOutput4x4<float, float>(cudnn::winograd_nonfused::WinogradOutputParams<T1, T2>)",[19496] python3.8,"    1,  512,    1","  256,    1,    1","194,677",0.14,"17,002.13",2.21,"2,560,000",1.34,256,512,4.84,0.02,130.26,7.33,50.60,"147,456","99,812","249,853","589,824","229,050","230,121","591,575",0,"589,824","595,961","229,810",20.51,7.91,"595,961","229,810"
76,unrolled_elementwise_kernel,"void at::native::unrolled_elementwise_kernel<at::native::AddFunctor<float>, at::detail::Array<char *, (int)3>, OffsetCalculator<(int)2, unsigned int>, OffsetCalculator<(int)1, unsigned int>, at::native::memory::LoadWithoutCast, at::native::memory::StoreWithoutCast>(int, T1, T2, T3, T4, T5, T6)",[19496] python3.8," 6272,    1,    1","   64,    1,    1","237,705",0.18,"20,828.54",2.75,"3,888,640",1.36,64,"6,272",6.02,0.01,37.22,6.42,36.61,"53,552","50,176","112,170","204,116","200,704","210,806","203,864","3,316","200,768","210,304","112,042",5.93,3.16,"210,304","112,042"
77,vectorized_elementwise_kernel,"void at::native::vectorized_elementwise_kernel<(int)4, at::native::<unnamed>::clamp_min_scalar_kernel_impl(at::TensorIterator &, c10::Scalar)::[lambda() (instance 1)]::operator ()() const::[lambda() (instance 8)]::operator ()() const::[lambda(float) (instance 1)], at::detail::Array<char *, (int)2>>(int, T2, T3)",[19496] python3.8," 6272,    1,    1","   64,    1,    1","94,013",0.07,"8,067.53",0.64,"351,232",1.31,64,"6,272",1.57,0.01,89.44,6.42,89.44,"50,176","50,176","102,714","200,704","200,704","201,500","200,708",0,"200,704","200,780","111,750",14.30,7.96,"200,780","111,750"
78,winogradForwardData4x4,"void cudnn::winograd_nonfused::winogradForwardData4x4<float, float>(cudnn::winograd_nonfused::WinogradDataParams<T1, T2>)",[19496] python3.8,"    1,  512,    1","  256,    1,    1","303,068",0.22,"26,272.07",1.44,"2,564,096",1.37,256,512,3.94,0.01,29.91,18.87,85.40,"88,933","147,456","236,906","206,571","589,824","623,115","201,339","30,548","200,704","213,263","502,425",4.71,11.10,"213,263","502,425"
79,winogradForwardFilter4x4,"void cudnn::winograd_nonfused::winogradForwardFilter4x4<float, float>(cudnn::winograd_nonfused::WinogradFilterParams<T1, T2>)",[19496] python3.8,"   16,   64,    1","   32,    8,    1","430,048",0.32,"38,355.88",0.96,"2,506,752",1.33,256,"1,024",3.64,0.01,29.24,37.75,116.96,"73,728","294,912","374,863","294,912","1,179,648","1,180,933","308,362",0,"294,912","307,358","1,092,238",4.79,17.01,"307,358","1,092,238"
80,volta_sgemm_128x64_nn,volta_sgemm_128x64_nn,[19496] python3.8,"    2,    8,   36","  128,    1,    1","6,594,002",4.83,"581,533.75",2.26,"89,491,968",1.36,128,576,8.44,0.23,46.84,18.87,3.91,"3,535,379","147,456","3,776,626","7,073,681","589,824","6,488,291","2,217,077","5,893,979","1,769,472","1,981,485","543,919",2.01,0.55,"1,981,485","543,919"
81,winogradForwardOutput4x4,"void cudnn::winograd_nonfused::winogradForwardOutput4x4<float, float>(cudnn::winograd_nonfused::WinogradOutputParams<T1, T2>)",[19496] python3.8,"    1,  512,    1","  256,    1,    1","194,110",0.15,"17,037.50",2.21,"2,560,000",1.32,256,512,4.85,0.02,128.75,7.33,50.00,"147,456","99,802","249,793","589,824","229,115","232,433","603,249",0,"589,824","591,467","155,309",20.41,5.36,"591,467","155,309"
82,unrolled_elementwise_kernel,"void at::native::unrolled_elementwise_kernel<at::native::AddFunctor<float>, at::detail::Array<char *, (int)3>, OffsetCalculator<(int)2, unsigned int>, OffsetCalculator<(int)1, unsigned int>, at::native::memory::LoadWithoutCast, at::native::memory::StoreWithoutCast>(int, T1, T2, T3, T4, T5, T6)",[19496] python3.8," 6272,    1,    1","   64,    1,    1","237,963",0.18,"20,772.85",2.75,"3,888,640",1.35,64,"6,272",6.01,0.01,37.07,6.42,36.44,"53,739","50,176","104,533","204,303","200,704","205,697","204,888","3,554","200,768","220,644","112,755",6.21,3.17,"220,644","112,755"
83,vectorized_elementwise_kernel,"void at::native::vectorized_elementwise_kernel<(int)4, at::native::<unnamed>::clamp_min_scalar_kernel_impl(at::TensorIterator &, c10::Scalar)::[lambda() (instance 1)]::operator ()() const::[lambda() (instance 8)]::operator ()() const::[lambda(float) (instance 1)], at::detail::Array<char *, (int)2>>(int, T2, T3)",[19496] python3.8," 6272,    1,    1","   64,    1,    1","93,652",0.07,"8,180.16",0.63,"351,232",1.32,64,"6,272",1.58,0.01,90.73,6.42,90.73,"50,176","50,176","102,628","200,704","200,704","201,583","207,718",0,"200,704","216,502","113,540",15.48,8.12,"216,502","113,540"
84,winogradForwardData4x4,"void cudnn::winograd_nonfused::winogradForwardData4x4<float, float>(cudnn::winograd_nonfused::WinogradDataParams<T1, T2>)",[19496] python3.8,"    1,  512,    1","  256,    1,    1","304,790",0.22,"26,735.94",1.41,"2,564,096",1.40,256,512,3.91,0.01,30.33,18.87,86.60,"89,314","147,456","237,032","206,768","589,824","621,685","204,499","30,763","200,704","212,553","502,215",4.67,11.04,"212,553","502,215"
85,winogradForwardFilter4x4,"void cudnn::winograd_nonfused::winogradForwardFilter4x4<float, float>(cudnn::winograd_nonfused::WinogradFilterParams<T1, T2>)",[19496] python3.8,"   16,   64,    1","   32,    8,    1","433,206",0.32,"38,207.47",0.96,"2,506,752",1.33,256,"1,024",3.62,0.01,29.05,37.75,116.20,"73,728","294,912","369,463","294,912","1,179,648","1,181,440","310,852",0,"294,912","315,068","1,168,710",4.87,18.07,"315,068","1,168,710"
86,volta_sgemm_128x64_nn,volta_sgemm_128x64_nn,[19496] python3.8,"    2,    8,   36","  128,    1,    1","6,593,994",4.83,"581,134.16",2.26,"89,491,968",1.37,128,576,8.44,0.23,46.88,18.87,3.91,"3,535,412","147,456","3,798,214","7,073,796","589,824","6,484,903","2,206,193","5,894,043","1,769,472","1,981,809","620,483",2.01,0.63,"1,981,809","620,483"
87,winogradForwardOutput4x4,"void cudnn::winograd_nonfused::winogradForwardOutput4x4<float, float>(cudnn::winograd_nonfused::WinogradOutputParams<T1, T2>)",[19496] python3.8,"    1,  512,    1","  256,    1,    1","196,624",0.14,"16,955.75",2.22,"2,560,000",1.36,256,512,4.79,0.02,130.41,7.33,50.65,"147,456","99,930","253,596","589,824","229,092","230,160","602,095",0,"589,824","596,777","228,631",20.33,7.79,"596,777","228,631"
88,unrolled_elementwise_kernel,"void at::native::unrolled_elementwise_kernel<at::native::AddFunctor<float>, at::detail::Array<char *, (int)3>, OffsetCalculator<(int)2, unsigned int>, OffsetCalculator<(int)1, unsigned int>, at::native::memory::LoadWithoutCast, at::native::memory::StoreWithoutCast>(int, T1, T2, T3, T4, T5, T6)",[19496] python3.8," 6272,    1,    1","   64,    1,    1","238,123",0.18,"20,808.03",2.75,"3,888,640",1.36,64,"6,272",6.01,0.01,37.19,6.42,36.58,"53,573","50,176","107,636","204,135","200,704","205,694","209,840","3,497","200,768","209,032","189,964",5.88,5.34,"209,032","189,964"
89,vectorized_elementwise_kernel,"void at::native::vectorized_elementwise_kernel<(int)4, at::native::<unnamed>::clamp_min_scalar_kernel_impl(at::TensorIterator &, c10::Scalar)::[lambda() (instance 1)]::operator ()() const::[lambda() (instance 8)]::operator ()() const::[lambda(float) (instance 1)], at::detail::Array<char *, (int)2>>(int, T2, T3)",[19496] python3.8," 6272,    1,    1","   64,    1,    1","92,569",0.08,"8,095.19",0.64,"351,232",1.23,64,"6,272",1.59,0.01,85.33,6.42,85.33,"50,176","50,176","104,274","200,704","200,704","201,915","205,628",0,"200,704","201,844","111,749",14.61,8.09,"201,844","111,749"
90,winogradForwardData4x4,"void cudnn::winograd_nonfused::winogradForwardData4x4<float, float>(cudnn::winograd_nonfused::WinogradDataParams<T1, T2>)",[19496] python3.8,"    1,  512,    1","  256,    1,    1","304,184",0.22,"26,122.41",1.44,"2,564,096",1.36,256,512,3.92,0.01,29.65,18.87,84.57,"88,793","147,456","236,813","206,536","589,824","624,305","201,317","30,397","200,704","213,861","502,791",4.71,11.07,"213,861","502,791"
91,winogradForwardFilter4x4,"void cudnn::winograd_nonfused::winogradForwardFilter4x4<float, float>(cudnn::winograd_nonfused::WinogradFilterParams<T1, T2>)",[19496] python3.8,"   16,   64,    1","   32,    8,    1","433,490",0.32,"37,688.66",0.98,"2,506,752",1.36,256,"1,024",3.61,0.01,29.68,37.75,118.72,"73,728","294,912","374,755","294,912","1,179,648","1,180,782","316,194",0,"294,912","312,108","1,091,719",4.82,16.87,"312,108","1,091,719"
92,volta_sgemm_128x64_nn,volta_sgemm_128x64_nn,[19496] python3.8,"    2,    8,   36","  128,    1,    1","6,594,300",4.83,"581,591.88",2.26,"89,491,968",1.36,128,576,8.44,0.23,46.84,18.87,3.91,"3,535,487","147,456","3,797,906","7,073,828","589,824","6,490,961","1,961,041","5,893,970","1,769,472","1,990,305","544,071",2.02,0.55,"1,990,305","544,071"
93,winogradForwardOutput4x4,"void cudnn::winograd_nonfused::winogradForwardOutput4x4<float, float>(cudnn::winograd_nonfused::WinogradOutputParams<T1, T2>)",[19496] python3.8,"    1,  512,    1","  256,    1,    1","196,199",0.15,"16,926.59",2.22,"2,560,000",1.34,256,512,4.80,0.02,129.38,7.33,50.23,"147,456","99,856","249,961","589,824","229,041","231,257","595,937",0,"589,824","602,507","155,289",20.57,5.30,"602,507","155,289"
94,unrolled_elementwise_kernel,"void at::native::unrolled_elementwise_kernel<at::native::AddFunctor<float>, at::detail::Array<char *, (int)3>, OffsetCalculator<(int)2, unsigned int>, OffsetCalculator<(int)1, unsigned int>, at::native::memory::LoadWithoutCast, at::native::memory::StoreWithoutCast>(int, T1, T2, T3, T4, T5, T6)",[19496] python3.8," 6272,    1,    1","   64,    1,    1","238,679",0.18,"20,916.21",2.73,"3,888,640",1.36,64,"6,272",5.99,0.01,37.12,6.42,36.52,"53,486","50,176","107,257","204,049","200,704","205,728","210,192","3,448","200,768","209,112","187,258",5.87,5.26,"209,112","187,258"
95,vectorized_elementwise_kernel,"void at::native::vectorized_elementwise_kernel<(int)4, at::native::<unnamed>::clamp_min_scalar_kernel_impl(at::TensorIterator &, c10::Scalar)::[lambda() (instance 1)]::operator ()() const::[lambda() (instance 8)]::operator ()() const::[lambda(float) (instance 1)], at::detail::Array<char *, (int)2>>(int, T2, T3)",[19496] python3.8," 6272,    1,    1","   64,    1,    1","95,878",0.07,"8,095.96",0.64,"351,232",1.34,64,"6,272",1.54,0.01,89.52,6.42,89.52,"50,176","50,176","102,084","200,704","200,704","201,499","200,708",0,"200,704","205,590","111,978",14.36,7.82,"205,590","111,978"
96,max_pool_forward_nchw,"void at::native::<unnamed>::max_pool_forward_nchw<float, float>(int, const T1 *, int, int, int, int, int, int, int, int, int, int, int, int, int, int, T1 *, long *)",[19496] python3.8," 1568,    1,    1","  256,    1,    1","174,298",0.13,"15,265.34",2.50,"2,596,608",1.33,256,"1,568",5.48,0.01,50.05,4.82,36.89,"109,065","37,632","151,903","204,344","150,528","215,639","203,915","63,936","200,704","207,779","152,293",7.98,5.85,"207,779","152,293"
97,adaptive_average_pool,"void at::native::<unnamed>::adaptive_average_pool<float>(T1 *, T1 *, int, int, int, int, long, long, long)",[19496] python3.8," 8192,    1,    1","   32,    8,    1","1,236,897",0.91,"108,994.35",2.72,"20,169,638",1.36,256,"8,192",6.05,0.00,1.99,3.04,3.34,"43,898","58,791","114,488","56,606","95,045","121,025","101,080","23,488","50,176","93,022",0,0.50,0,"93,022",0
98,unrolled_elementwise_kernel,"void at::native::unrolled_elementwise_kernel<at::native::copy_device_to_device(at::TensorIterator &, bool)::[lambda() (instance 2)]::operator ()() const::[lambda() (instance 8)]::operator ()() const::[lambda(float) (instance 1)], at::detail::Array<char *, (int)2>, OffsetCalculator<(int)1, unsigned int>, OffsetCalculator<(int)1, unsigned int>, at::native::memory::LoadWithoutCast, at::native::memory::StoreWithoutCast>(int, T1, T2, T3, T4, T5, T6)",[19496] python3.8,"  256,    1,    1","   64,    1,    1","10,318",0.01,718.87,2.26,"110,592",1.19,64,256,4.01,0.00,10.58,0.26,30.34,728,"2,048","4,464","2,912","8,192","11,316",531,"2,336",512,709,0,0.46,0,709,0
99,volta_sgemm_128x32_sliced1x4_tn,volta_sgemm_128x32_sliced1x4_tn,[19496] python3.8,"   32,    1,    4","  256,    1,    1","12,184,130",8.93,"1,048,654.71",1.81,"129,275,136",1.36,256,128,6.21,0.46,51.91,1.05,0.12,"3,621,632","8,320","3,827,894","14,484,224","32,896","1,346,779","13,864,057","1,305,456","13,178,808","13,802,383","33,318",7.59,0.02,"13,802,383","33,318"
100,vectorized_elementwise_kernel,"void at::native::vectorized_elementwise_kernel<(int)4, at::native::<unnamed>::clamp_min_scalar_kernel_impl(at::TensorIterator &, c10::Scalar)::[lambda() (instance 1)]::operator ()() const::[lambda() (instance 8)]::operator ()() const::[lambda(float) (instance 1)], at::detail::Array<char *, (int)2>>(int, T2, T3)",[19496] python3.8,"  256,    1,    1","   64,    1,    1","6,900",0.01,444.04,0.47,"14,336",1.02,64,256,0.87,0.00,38.82,0.26,38.82,"2,048","2,048","5,236","8,192","8,192","9,339","8,454",0,"8,192","8,516",0,8.28,0,"8,516",0
101,fused_dropout_kernel_vec,"void at::native::<unnamed>::fused_dropout_kernel_vec<float, float, unsigned int, (int)1, (int)4>(at::cuda::detail::TensorInfo<T1, T3>, at::cuda::detail::TensorInfo<T1, T3>, at::cuda::detail::TensorInfo<unsigned char, T3>, T3, T2, at::PhiloxCudaState)",[19496] python3.8,"   24,    1,    1","  256,    1,    1","9,179",0.01,591.85,1.89,"76,032",1.29,256,24,3.08,0.00,36.74,0.33,45.92,"2,048","2,560","5,238","8,192","10,240","11,967","8,512",0,"8,192","8,624",0,6.30,0,"8,624",0
102,unrolled_elementwise_kernel,"void at::native::unrolled_elementwise_kernel<at::native::copy_device_to_device(at::TensorIterator &, bool)::[lambda() (instance 2)]::operator ()() const::[lambda() (instance 8)]::operator ()() const::[lambda(float) (instance 1)], at::detail::Array<char *, (int)2>, OffsetCalculator<(int)1, unsigned int>, OffsetCalculator<(int)1, unsigned int>, at::native::memory::LoadWithoutCast, at::native::memory::StoreWithoutCast>(int, T1, T2, T3, T4, T5, T6)",[19496] python3.8,"  256,    1,    1","   64,    1,    1","10,151",0.01,722.24,2.25,"110,592",1.16,64,256,4.08,0.00,10.54,0.26,29.90,738,"2,048","5,581","2,952","8,192","11,096","1,243","2,240",512,"1,075",0,0.71,0,"1,075",0
103,volta_sgemm_128x32_sliced1x4_tn,volta_sgemm_128x32_sliced1x4_tn,[19496] python3.8,"   32,    1,    2","  256,    1,    1","2,066,674",1.51,"175,548.63",1.80,"21,451,008",1.36,256,64,6.00,0.08,50.19,0.53,0.35,"594,176","4,160","643,172","2,375,936","16,448","247,576","2,186,247","226,959","2,148,766","2,186,689","15,055",7.09,0.05,"2,186,689","15,055"
104,vectorized_elementwise_kernel,"void at::native::vectorized_elementwise_kernel<(int)4, at::native::<unnamed>::clamp_min_scalar_kernel_impl(at::TensorIterator &, c10::Scalar)::[lambda() (instance 1)]::operator ()() const::[lambda() (instance 8)]::operator ()() const::[lambda(float) (instance 1)], at::detail::Array<char *, (int)2>>(int, T2, T3)",[19496] python3.8,"  256,    1,    1","   64,    1,    1","6,897",0.01,418.49,0.50,"14,336",1.16,64,256,0.87,0.00,44.04,0.26,44.04,"2,048","2,048","4,766","8,192","8,192","8,783","8,620",0,"8,192","8,308",0,8.07,0,"8,308",0
105,fused_dropout_kernel_vec,"void at::native::<unnamed>::fused_dropout_kernel_vec<float, float, unsigned int, (int)1, (int)4>(at::cuda::detail::TensorInfo<T1, T3>, at::cuda::detail::TensorInfo<T1, T3>, at::cuda::detail::TensorInfo<unsigned char, T3>, T3, T2, at::PhiloxCudaState)",[19496] python3.8,"   24,    1,    1","  256,    1,    1","8,638",0.01,585.01,1.91,"76,032",1.21,256,24,3.27,0.00,36.90,0.33,46.13,"2,048","2,560","5,168","8,192","10,240","10,899","8,272",0,"8,192","8,200",0,6.36,0,"8,200",0
106,unrolled_elementwise_kernel,"void at::native::unrolled_elementwise_kernel<at::native::copy_device_to_device(at::TensorIterator &, bool)::[lambda() (instance 2)]::operator ()() const::[lambda() (instance 8)]::operator ()() const::[lambda(float) (instance 1)], at::detail::Array<char *, (int)2>, OffsetCalculator<(int)1, unsigned int>, OffsetCalculator<(int)1, unsigned int>, at::native::memory::LoadWithoutCast, at::native::memory::StoreWithoutCast>(int, T1, T2, T3, T4, T5, T6)",[19496] python3.8,"   63,    1,    1","   64,    1,    1","5,246",0.00,269.28,1.48,"27,030",1.06,64,63,2.00,0.00,4.87,0.06,12.99,346,500,"2,472",750,"2,000","7,776",185,642,126,129,0,0.16,0,129,0
107,volta_sgemm_128x32_sliced1x4_tn,volta_sgemm_128x32_sliced1x4_tn,[19496] python3.8,"    8,    1,    1","  256,    1,    1","687,619",0.50,"41,845.18",1.86,"5,296,704",1.36,256,8,4.49,0.02,36.78,0.06,0.13,"145,268",717,"155,862","579,536","2,000","54,507","548,411","51,456","528,320","550,351","1,075",5.36,0.01,"550,351","1,075"
