ID,Issues Detected,Function Name,Demangled Name,Device Name,Grid Size,Block Size,Cycles [cycle],Duration [usecond],Compute Throughput [%],Memory Throughput [%],# Registers [register/thread]
98,12,computeOffsetsKernel,cudnn::gemm::computeOffsetsKernel(cudnn::gemm::ComputeOffsetsParams),NVIDIA GeForce RTX 2080 Ti,"    7,    1,    1","  128,    1,    1","4,144",2.53,0.19,0.61,16
64,12,computeOffsetsKernel,cudnn::gemm::computeOffsetsKernel(cudnn::gemm::ComputeOffsetsParams),NVIDIA GeForce RTX 2080 Ti,"    7,    1,    1","  128,    1,    1","2,792",2.5,0.29,0.63,16
83,12,computeOffsetsKernel,cudnn::gemm::computeOffsetsKernel(cudnn::gemm::ComputeOffsetsParams),NVIDIA GeForce RTX 2080 Ti,"    7,    1,    1","  128,    1,    1","2,781",3.2,0.29,0.81,16
68,12,computeOffsetsKernel,cudnn::gemm::computeOffsetsKernel(cudnn::gemm::ComputeOffsetsParams),NVIDIA GeForce RTX 2080 Ti,"    7,    1,    1","  128,    1,    1","2,765",2.56,0.29,0.63,16
0,12,computeOffsetsKernel,cudnn::gemm::computeOffsetsKernel(cudnn::gemm::ComputeOffsetsParams),NVIDIA GeForce RTX 2080 Ti,"   99,    1,    1","  128,    1,    1","2,763",2.59,4.46,3.65,16
15,12,computeOffsetsKernel,cudnn::gemm::computeOffsetsKernel(cudnn::gemm::ComputeOffsetsParams),NVIDIA GeForce RTX 2080 Ti,"   25,    1,    1","  128,    1,    1","2,618",2.46,1.18,1.2,16
113,12,computeOffsetsKernel,cudnn::gemm::computeOffsetsKernel(cudnn::gemm::ComputeOffsetsParams),NVIDIA GeForce RTX 2080 Ti,"    7,    1,    1","  128,    1,    1","2,618",2.53,0.3,1.63,16
130,11,computeOffsetsKernel,cudnn::gemm::computeOffsetsKernel(cudnn::gemm::ComputeOffsetsParams),NVIDIA GeForce RTX 2080 Ti,"    2,    1,    1","  128,    1,    1","2,610",2.53,0.09,0.46,16
55,11,computeOffsetsKernel,cudnn::gemm::computeOffsetsKernel(cudnn::gemm::ComputeOffsetsParams),NVIDIA GeForce RTX 2080 Ti,"   25,    1,    1","  128,    1,    1","2,609",3.17,1.18,1.32,16
19,11,computeOffsetsKernel,cudnn::gemm::computeOffsetsKernel(cudnn::gemm::ComputeOffsetsParams),NVIDIA GeForce RTX 2080 Ti,"   25,    1,    1","  128,    1,    1","2,603",2.46,1.18,1.79,16
49,11,computeOffsetsKernel,cudnn::gemm::computeOffsetsKernel(cudnn::gemm::ComputeOffsetsParams),NVIDIA GeForce RTX 2080 Ti,"   25,    1,    1","  128,    1,    1","2,602",3.2,1.18,1.17,16
34,11,computeOffsetsKernel,cudnn::gemm::computeOffsetsKernel(cudnn::gemm::ComputeOffsetsParams),NVIDIA GeForce RTX 2080 Ti,"   25,    1,    1","  128,    1,    1","2,601",2.46,1.18,1.16,16
5,12,max_pool_forward_nchw,"void at::native::<unnamed>::max_pool_forward_nchw<float, float>(int, const T1 *, int, int, int, int, int, int, int, int, int, int, int, int, int, int, T1 *, long *)",NVIDIA GeForce RTX 2080 Ti,"  784,    1,    1","  256,    1,    1","15,154",13.6,43.62,44.02,26
251,13,reduce_kernel,"void at::native::reduce_kernel<(int)512, (int)1, at::native::ReduceOp<float, at::native::MeanOps<float, float>, unsigned int, float, (int)4>>(T3)",NVIDIA GeForce RTX 2080 Ti,"  128,    1,    1","   32,   16,    1","6,626",7.78,23.95,14.4,32
54,8,vectorized_elementwise_kernel,"void at::native::vectorized_elementwise_kernel<(int)4, at::native::<unnamed>::clamp_min_scalar_kernel_impl(at::TensorIterator &, c10::Scalar)::[lambda() (instance 1)]::operator ()() const::[lambda() (instance 8)]::operator ()() const::[lambda(float) (instance 1)], at::detail::Array<char *, (int)2>>(int, T2, T3)",NVIDIA GeForce RTX 2080 Ti," 3136,    1,    1","   64,    1,    1","11,109",10.56,6.73,67.13,18
24,8,vectorized_elementwise_kernel,"void at::native::vectorized_elementwise_kernel<(int)4, at::native::<unnamed>::clamp_min_scalar_kernel_impl(at::TensorIterator &, c10::Scalar)::[lambda() (instance 1)]::operator ()() const::[lambda() (instance 8)]::operator ()() const::[lambda(float) (instance 1)], at::detail::Array<char *, (int)2>>(int, T2, T3)",NVIDIA GeForce RTX 2080 Ti," 3136,    1,    1","   64,    1,    1","11,105",13.41,6.72,67.39,18
4,8,vectorized_elementwise_kernel,"void at::native::vectorized_elementwise_kernel<(int)4, at::native::<unnamed>::clamp_min_scalar_kernel_impl(at::TensorIterator &, c10::Scalar)::[lambda() (instance 1)]::operator ()() const::[lambda() (instance 8)]::operator ()() const::[lambda(float) (instance 1)], at::detail::Array<char *, (int)2>>(int, T2, T3)",NVIDIA GeForce RTX 2080 Ti," 3136,    1,    1","   64,    1,    1","10,767",13.57,6.95,69.42,18
39,8,vectorized_elementwise_kernel,"void at::native::vectorized_elementwise_kernel<(int)4, at::native::<unnamed>::clamp_min_scalar_kernel_impl(at::TensorIterator &, c10::Scalar)::[lambda() (instance 1)]::operator ()() const::[lambda() (instance 8)]::operator ()() const::[lambda(float) (instance 1)], at::detail::Array<char *, (int)2>>(int, T2, T3)",NVIDIA GeForce RTX 2080 Ti," 3136,    1,    1","   64,    1,    1","10,723",12.58,6.97,70.5,18
88,8,vectorized_elementwise_kernel,"void at::native::vectorized_elementwise_kernel<(int)4, at::native::<unnamed>::clamp_min_scalar_kernel_impl(at::TensorIterator &, c10::Scalar)::[lambda() (instance 1)]::operator ()() const::[lambda() (instance 8)]::operator ()() const::[lambda(float) (instance 1)], at::detail::Array<char *, (int)2>>(int, T2, T3)",NVIDIA GeForce RTX 2080 Ti," 1568,    1,    1","   64,    1,    1","9,379",6.18,3.96,38.66,18
118,8,vectorized_elementwise_kernel,"void at::native::vectorized_elementwise_kernel<(int)4, at::native::<unnamed>::clamp_min_scalar_kernel_impl(at::TensorIterator &, c10::Scalar)::[lambda() (instance 1)]::operator ()() const::[lambda() (instance 8)]::operator ()() const::[lambda(float) (instance 1)], at::detail::Array<char *, (int)2>>(int, T2, T3)",NVIDIA GeForce RTX 2080 Ti," 1568,    1,    1","   64,    1,    1","6,933",7.87,5.36,48.49,18
59,8,vectorized_elementwise_kernel,"void at::native::vectorized_elementwise_kernel<(int)4, at::native::<unnamed>::clamp_min_scalar_kernel_impl(at::TensorIterator &, c10::Scalar)::[lambda() (instance 1)]::operator ()() const::[lambda() (instance 8)]::operator ()() const::[lambda(float) (instance 1)], at::detail::Array<char *, (int)2>>(int, T2, T3)",NVIDIA GeForce RTX 2080 Ti," 1568,    1,    1","   64,    1,    1","6,871",7.01,5.41,49,18
73,8,vectorized_elementwise_kernel,"void at::native::vectorized_elementwise_kernel<(int)4, at::native::<unnamed>::clamp_min_scalar_kernel_impl(at::TensorIterator &, c10::Scalar)::[lambda() (instance 1)]::operator ()() const::[lambda() (instance 8)]::operator ()() const::[lambda(float) (instance 1)], at::detail::Array<char *, (int)2>>(int, T2, T3)",NVIDIA GeForce RTX 2080 Ti," 1568,    1,    1","   64,    1,    1","6,811",7.1,5.46,49.01,18
103,8,vectorized_elementwise_kernel,"void at::native::vectorized_elementwise_kernel<(int)4, at::native::<unnamed>::clamp_min_scalar_kernel_impl(at::TensorIterator &, c10::Scalar)::[lambda() (instance 1)]::operator ()() const::[lambda() (instance 8)]::operator ()() const::[lambda(float) (instance 1)], at::detail::Array<char *, (int)2>>(int, T2, T3)",NVIDIA GeForce RTX 2080 Ti," 1568,    1,    1","   64,    1,    1","6,714",8.45,5.54,50.04,18
236,8,vectorized_elementwise_kernel,"void at::native::vectorized_elementwise_kernel<(int)4, at::native::<unnamed>::clamp_min_scalar_kernel_impl(at::TensorIterator &, c10::Scalar)::[lambda() (instance 1)]::operator ()() const::[lambda() (instance 8)]::operator ()() const::[lambda(float) (instance 1)], at::detail::Array<char *, (int)2>>(int, T2, T3)",NVIDIA GeForce RTX 2080 Ti,"  392,    1,    1","   64,    1,    1","6,485",3.52,1.43,13.04,18
250,8,vectorized_elementwise_kernel,"void at::native::vectorized_elementwise_kernel<(int)4, at::native::<unnamed>::clamp_min_scalar_kernel_impl(at::TensorIterator &, c10::Scalar)::[lambda() (instance 1)]::operator ()() const::[lambda() (instance 8)]::operator ()() const::[lambda(float) (instance 1)], at::detail::Array<char *, (int)2>>(int, T2, T3)",NVIDIA GeForce RTX 2080 Ti,"  392,    1,    1","   64,    1,    1","6,190",3.49,1.49,13.62,18
163,7,vectorized_elementwise_kernel,"void at::native::vectorized_elementwise_kernel<(int)4, at::native::<unnamed>::clamp_min_scalar_kernel_impl(at::TensorIterator &, c10::Scalar)::[lambda() (instance 1)]::operator ()() const::[lambda() (instance 8)]::operator ()() const::[lambda(float) (instance 1)], at::detail::Array<char *, (int)2>>(int, T2, T3)",NVIDIA GeForce RTX 2080 Ti,"  784,    1,    1","   64,    1,    1","5,709",4.48,3.25,46.06,18
177,7,vectorized_elementwise_kernel,"void at::native::vectorized_elementwise_kernel<(int)4, at::native::<unnamed>::clamp_min_scalar_kernel_impl(at::TensorIterator &, c10::Scalar)::[lambda() (instance 1)]::operator ()() const::[lambda() (instance 8)]::operator ()() const::[lambda(float) (instance 1)], at::detail::Array<char *, (int)2>>(int, T2, T3)",NVIDIA GeForce RTX 2080 Ti,"  784,    1,    1","   64,    1,    1","5,645",4.45,3.32,45.82,18
14,7,vectorized_elementwise_kernel,"void at::native::vectorized_elementwise_kernel<(int)4, at::native::<unnamed>::clamp_min_scalar_kernel_impl(at::TensorIterator &, c10::Scalar)::[lambda() (instance 1)]::operator ()() const::[lambda() (instance 8)]::operator ()() const::[lambda(float) (instance 1)], at::detail::Array<char *, (int)2>>(int, T2, T3)",NVIDIA GeForce RTX 2080 Ti,"  784,    1,    1","   64,    1,    1","5,404",4.48,3.43,46.96,18
48,7,vectorized_elementwise_kernel,"void at::native::vectorized_elementwise_kernel<(int)4, at::native::<unnamed>::clamp_min_scalar_kernel_impl(at::TensorIterator &, c10::Scalar)::[lambda() (instance 1)]::operator ()() const::[lambda() (instance 8)]::operator ()() const::[lambda(float) (instance 1)], at::detail::Array<char *, (int)2>>(int, T2, T3)",NVIDIA GeForce RTX 2080 Ti,"  784,    1,    1","   64,    1,    1","5,379",4.83,3.44,31.11,18
205,7,vectorized_elementwise_kernel,"void at::native::vectorized_elementwise_kernel<(int)4, at::native::<unnamed>::clamp_min_scalar_kernel_impl(at::TensorIterator &, c10::Scalar)::[lambda() (instance 1)]::operator ()() const::[lambda() (instance 8)]::operator ()() const::[lambda(float) (instance 1)], at::detail::Array<char *, (int)2>>(int, T2, T3)",NVIDIA GeForce RTX 2080 Ti,"  784,    1,    1","   64,    1,    1","5,175",4.35,3.58,32.52,18
191,7,vectorized_elementwise_kernel,"void at::native::vectorized_elementwise_kernel<(int)4, at::native::<unnamed>::clamp_min_scalar_kernel_impl(at::TensorIterator &, c10::Scalar)::[lambda() (instance 1)]::operator ()() const::[lambda() (instance 8)]::operator ()() const::[lambda(float) (instance 1)], at::detail::Array<char *, (int)2>>(int, T2, T3)",NVIDIA GeForce RTX 2080 Ti,"  784,    1,    1","   64,    1,    1","5,169",4.32,3.59,50,18
43,7,vectorized_elementwise_kernel,"void at::native::vectorized_elementwise_kernel<(int)4, at::native::<unnamed>::clamp_min_scalar_kernel_impl(at::TensorIterator &, c10::Scalar)::[lambda() (instance 1)]::operator ()() const::[lambda() (instance 8)]::operator ()() const::[lambda(float) (instance 1)], at::detail::Array<char *, (int)2>>(int, T2, T3)",NVIDIA GeForce RTX 2080 Ti,"  784,    1,    1","   64,    1,    1","5,162",4.61,3.59,32.77,18
28,7,vectorized_elementwise_kernel,"void at::native::vectorized_elementwise_kernel<(int)4, at::native::<unnamed>::clamp_min_scalar_kernel_impl(at::TensorIterator &, c10::Scalar)::[lambda() (instance 1)]::operator ()() const::[lambda() (instance 8)]::operator ()() const::[lambda(float) (instance 1)], at::detail::Array<char *, (int)2>>(int, T2, T3)",NVIDIA GeForce RTX 2080 Ti,"  784,    1,    1","   64,    1,    1","5,116",4.32,3.62,32.88,18
33,7,vectorized_elementwise_kernel,"void at::native::vectorized_elementwise_kernel<(int)4, at::native::<unnamed>::clamp_min_scalar_kernel_impl(at::TensorIterator &, c10::Scalar)::[lambda() (instance 1)]::operator ()() const::[lambda() (instance 8)]::operator ()() const::[lambda(float) (instance 1)], at::detail::Array<char *, (int)2>>(int, T2, T3)",NVIDIA GeForce RTX 2080 Ti,"  784,    1,    1","   64,    1,    1","5,084",6.21,3.65,33.04,18
149,7,vectorized_elementwise_kernel,"void at::native::vectorized_elementwise_kernel<(int)4, at::native::<unnamed>::clamp_min_scalar_kernel_impl(at::TensorIterator &, c10::Scalar)::[lambda() (instance 1)]::operator ()() const::[lambda() (instance 8)]::operator ()() const::[lambda(float) (instance 1)], at::detail::Array<char *, (int)2>>(int, T2, T3)",NVIDIA GeForce RTX 2080 Ti,"  784,    1,    1","   64,    1,    1","5,046",5.6,3.67,33.37,18
135,7,vectorized_elementwise_kernel,"void at::native::vectorized_elementwise_kernel<(int)4, at::native::<unnamed>::clamp_min_scalar_kernel_impl(at::TensorIterator &, c10::Scalar)::[lambda() (instance 1)]::operator ()() const::[lambda() (instance 8)]::operator ()() const::[lambda(float) (instance 1)], at::detail::Array<char *, (int)2>>(int, T2, T3)",NVIDIA GeForce RTX 2080 Ti,"  784,    1,    1","   64,    1,    1","5,022",5.38,3.69,33.96,18
122,7,vectorized_elementwise_kernel,"void at::native::vectorized_elementwise_kernel<(int)4, at::native::<unnamed>::clamp_min_scalar_kernel_impl(at::TensorIterator &, c10::Scalar)::[lambda() (instance 1)]::operator ()() const::[lambda() (instance 8)]::operator ()() const::[lambda(float) (instance 1)], at::detail::Array<char *, (int)2>>(int, T2, T3)",NVIDIA GeForce RTX 2080 Ti,"  784,    1,    1","   64,    1,    1","5,016",5.73,3.69,33.73,18
9,7,vectorized_elementwise_kernel,"void at::native::vectorized_elementwise_kernel<(int)4, at::native::<unnamed>::clamp_min_scalar_kernel_impl(at::TensorIterator &, c10::Scalar)::[lambda() (instance 1)]::operator ()() const::[lambda() (instance 8)]::operator ()() const::[lambda(float) (instance 1)], at::detail::Array<char *, (int)2>>(int, T2, T3)",NVIDIA GeForce RTX 2080 Ti,"  784,    1,    1","   64,    1,    1","5,012",4.64,3.7,34.44,18
82,8,vectorized_elementwise_kernel,"void at::native::vectorized_elementwise_kernel<(int)4, at::native::<unnamed>::clamp_min_scalar_kernel_impl(at::TensorIterator &, c10::Scalar)::[lambda() (instance 1)]::operator ()() const::[lambda() (instance 8)]::operator ()() const::[lambda(float) (instance 1)], at::detail::Array<char *, (int)2>>(int, T2, T3)",NVIDIA GeForce RTX 2080 Ti,"  392,    1,    1","   64,    1,    1","4,215",5.06,2.19,19.84,18
92,7,vectorized_elementwise_kernel,"void at::native::vectorized_elementwise_kernel<(int)4, at::native::<unnamed>::clamp_min_scalar_kernel_impl(at::TensorIterator &, c10::Scalar)::[lambda() (instance 1)]::operator ()() const::[lambda() (instance 8)]::operator ()() const::[lambda(float) (instance 1)], at::detail::Array<char *, (int)2>>(int, T2, T3)",NVIDIA GeForce RTX 2080 Ti,"  392,    1,    1","   64,    1,    1","4,194",3.52,2.2,26.62,18
97,8,vectorized_elementwise_kernel,"void at::native::vectorized_elementwise_kernel<(int)4, at::native::<unnamed>::clamp_min_scalar_kernel_impl(at::TensorIterator &, c10::Scalar)::[lambda() (instance 1)]::operator ()() const::[lambda() (instance 8)]::operator ()() const::[lambda(float) (instance 1)], at::detail::Array<char *, (int)2>>(int, T2, T3)",NVIDIA GeForce RTX 2080 Ti,"  392,    1,    1","   64,    1,    1","4,169",5.22,2.22,20.33,18
209,7,vectorized_elementwise_kernel,"void at::native::vectorized_elementwise_kernel<(int)4, at::native::<unnamed>::clamp_min_scalar_kernel_impl(at::TensorIterator &, c10::Scalar)::[lambda() (instance 1)]::operator ()() const::[lambda() (instance 8)]::operator ()() const::[lambda(float) (instance 1)], at::detail::Array<char *, (int)2>>(int, T2, T3)",NVIDIA GeForce RTX 2080 Ti,"  392,    1,    1","   64,    1,    1","4,129",3.52,2.24,24.95,18
77,7,vectorized_elementwise_kernel,"void at::native::vectorized_elementwise_kernel<(int)4, at::native::<unnamed>::clamp_min_scalar_kernel_impl(at::TensorIterator &, c10::Scalar)::[lambda() (instance 1)]::operator ()() const::[lambda() (instance 8)]::operator ()() const::[lambda(float) (instance 1)], at::detail::Array<char *, (int)2>>(int, T2, T3)",NVIDIA GeForce RTX 2080 Ti,"  392,    1,    1","   64,    1,    1","4,125",3.65,2.24,20.94,18
107,8,vectorized_elementwise_kernel,"void at::native::vectorized_elementwise_kernel<(int)4, at::native::<unnamed>::clamp_min_scalar_kernel_impl(at::TensorIterator &, c10::Scalar)::[lambda() (instance 1)]::operator ()() const::[lambda() (instance 8)]::operator ()() const::[lambda(float) (instance 1)], at::detail::Array<char *, (int)2>>(int, T2, T3)",NVIDIA GeForce RTX 2080 Ti,"  392,    1,    1","   64,    1,    1","4,125",4.93,2.24,20.91,18
112,7,vectorized_elementwise_kernel,"void at::native::vectorized_elementwise_kernel<(int)4, at::native::<unnamed>::clamp_min_scalar_kernel_impl(at::TensorIterator &, c10::Scalar)::[lambda() (instance 1)]::operator ()() const::[lambda() (instance 8)]::operator ()() const::[lambda(float) (instance 1)], at::detail::Array<char *, (int)2>>(int, T2, T3)",NVIDIA GeForce RTX 2080 Ti,"  392,    1,    1","   64,    1,    1","4,060",3.58,2.28,20.61,18
222,7,vectorized_elementwise_kernel,"void at::native::vectorized_elementwise_kernel<(int)4, at::native::<unnamed>::clamp_min_scalar_kernel_impl(at::TensorIterator &, c10::Scalar)::[lambda() (instance 1)]::operator ()() const::[lambda() (instance 8)]::operator ()() const::[lambda(float) (instance 1)], at::detail::Array<char *, (int)2>>(int, T2, T3)",NVIDIA GeForce RTX 2080 Ti,"  392,    1,    1","   64,    1,    1","4,050",4.9,2.28,20.96,18
63,7,vectorized_elementwise_kernel,"void at::native::vectorized_elementwise_kernel<(int)4, at::native::<unnamed>::clamp_min_scalar_kernel_impl(at::TensorIterator &, c10::Scalar)::[lambda() (instance 1)]::operator ()() const::[lambda() (instance 8)]::operator ()() const::[lambda(float) (instance 1)], at::detail::Array<char *, (int)2>>(int, T2, T3)",NVIDIA GeForce RTX 2080 Ti,"  392,    1,    1","   64,    1,    1","4,043",3.52,2.29,20.92,18
158,8,vectorized_elementwise_kernel,"void at::native::vectorized_elementwise_kernel<(int)4, at::native::<unnamed>::clamp_min_scalar_kernel_impl(at::TensorIterator &, c10::Scalar)::[lambda() (instance 1)]::operator ()() const::[lambda() (instance 8)]::operator ()() const::[lambda(float) (instance 1)], at::detail::Array<char *, (int)2>>(int, T2, T3)",NVIDIA GeForce RTX 2080 Ti,"  196,    1,    1","   64,    1,    1","3,681",3.1,1.25,11.59,18
144,8,vectorized_elementwise_kernel,"void at::native::vectorized_elementwise_kernel<(int)4, at::native::<unnamed>::clamp_min_scalar_kernel_impl(at::TensorIterator &, c10::Scalar)::[lambda() (instance 1)]::operator ()() const::[lambda() (instance 8)]::operator ()() const::[lambda(float) (instance 1)], at::detail::Array<char *, (int)2>>(int, T2, T3)",NVIDIA GeForce RTX 2080 Ti,"  196,    1,    1","   64,    1,    1","3,642",3.14,1.27,16.54,18
167,8,vectorized_elementwise_kernel,"void at::native::vectorized_elementwise_kernel<(int)4, at::native::<unnamed>::clamp_min_scalar_kernel_impl(at::TensorIterator &, c10::Scalar)::[lambda() (instance 1)]::operator ()() const::[lambda() (instance 8)]::operator ()() const::[lambda(float) (instance 1)], at::detail::Array<char *, (int)2>>(int, T2, T3)",NVIDIA GeForce RTX 2080 Ti,"  196,    1,    1","   64,    1,    1","3,598",3.84,1.28,11.67,18
126,8,vectorized_elementwise_kernel,"void at::native::vectorized_elementwise_kernel<(int)4, at::native::<unnamed>::clamp_min_scalar_kernel_impl(at::TensorIterator &, c10::Scalar)::[lambda() (instance 1)]::operator ()() const::[lambda() (instance 8)]::operator ()() const::[lambda(float) (instance 1)], at::detail::Array<char *, (int)2>>(int, T2, T3)",NVIDIA GeForce RTX 2080 Ti,"  196,    1,    1","   64,    1,    1","3,578",4.03,1.29,12.15,18
200,8,vectorized_elementwise_kernel,"void at::native::vectorized_elementwise_kernel<(int)4, at::native::<unnamed>::clamp_min_scalar_kernel_impl(at::TensorIterator &, c10::Scalar)::[lambda() (instance 1)]::operator ()() const::[lambda() (instance 8)]::operator ()() const::[lambda(float) (instance 1)], at::detail::Array<char *, (int)2>>(int, T2, T3)",NVIDIA GeForce RTX 2080 Ti,"  196,    1,    1","   64,    1,    1","3,548",4.51,1.3,15.92,18
139,8,vectorized_elementwise_kernel,"void at::native::vectorized_elementwise_kernel<(int)4, at::native::<unnamed>::clamp_min_scalar_kernel_impl(at::TensorIterator &, c10::Scalar)::[lambda() (instance 1)]::operator ()() const::[lambda() (instance 8)]::operator ()() const::[lambda(float) (instance 1)], at::detail::Array<char *, (int)2>>(int, T2, T3)",NVIDIA GeForce RTX 2080 Ti,"  196,    1,    1","   64,    1,    1","3,536",3.14,1.31,16.91,18
186,8,vectorized_elementwise_kernel,"void at::native::vectorized_elementwise_kernel<(int)4, at::native::<unnamed>::clamp_min_scalar_kernel_impl(at::TensorIterator &, c10::Scalar)::[lambda() (instance 1)]::operator ()() const::[lambda() (instance 8)]::operator ()() const::[lambda(float) (instance 1)], at::detail::Array<char *, (int)2>>(int, T2, T3)",NVIDIA GeForce RTX 2080 Ti,"  196,    1,    1","   64,    1,    1","3,536",3.1,1.31,12.01,18
195,8,vectorized_elementwise_kernel,"void at::native::vectorized_elementwise_kernel<(int)4, at::native::<unnamed>::clamp_min_scalar_kernel_impl(at::TensorIterator &, c10::Scalar)::[lambda() (instance 1)]::operator ()() const::[lambda() (instance 8)]::operator ()() const::[lambda(float) (instance 1)], at::detail::Array<char *, (int)2>>(int, T2, T3)",NVIDIA GeForce RTX 2080 Ti,"  196,    1,    1","   64,    1,    1","3,536",3.14,1.31,11.99,18
153,8,vectorized_elementwise_kernel,"void at::native::vectorized_elementwise_kernel<(int)4, at::native::<unnamed>::clamp_min_scalar_kernel_impl(at::TensorIterator &, c10::Scalar)::[lambda() (instance 1)]::operator ()() const::[lambda() (instance 8)]::operator ()() const::[lambda(float) (instance 1)], at::detail::Array<char *, (int)2>>(int, T2, T3)",NVIDIA GeForce RTX 2080 Ti,"  196,    1,    1","   64,    1,    1","3,530",3.1,1.31,11.96,18
181,8,vectorized_elementwise_kernel,"void at::native::vectorized_elementwise_kernel<(int)4, at::native::<unnamed>::clamp_min_scalar_kernel_impl(at::TensorIterator &, c10::Scalar)::[lambda() (instance 1)]::operator ()() const::[lambda() (instance 8)]::operator ()() const::[lambda(float) (instance 1)], at::detail::Array<char *, (int)2>>(int, T2, T3)",NVIDIA GeForce RTX 2080 Ti,"  196,    1,    1","   64,    1,    1","3,525",3.07,1.31,12.16,18
172,8,vectorized_elementwise_kernel,"void at::native::vectorized_elementwise_kernel<(int)4, at::native::<unnamed>::clamp_min_scalar_kernel_impl(at::TensorIterator &, c10::Scalar)::[lambda() (instance 1)]::operator ()() const::[lambda() (instance 8)]::operator ()() const::[lambda(float) (instance 1)], at::detail::Array<char *, (int)2>>(int, T2, T3)",NVIDIA GeForce RTX 2080 Ti,"  196,    1,    1","   64,    1,    1","3,521",4.48,1.31,12.18,18
231,9,vectorized_elementwise_kernel,"void at::native::vectorized_elementwise_kernel<(int)4, at::native::<unnamed>::clamp_min_scalar_kernel_impl(at::TensorIterator &, c10::Scalar)::[lambda() (instance 1)]::operator ()() const::[lambda() (instance 8)]::operator ()() const::[lambda(float) (instance 1)], at::detail::Array<char *, (int)2>>(int, T2, T3)",NVIDIA GeForce RTX 2080 Ti,"   98,    1,    1","   64,    1,    1","3,433",2.85,0.67,6.37,18
245,9,vectorized_elementwise_kernel,"void at::native::vectorized_elementwise_kernel<(int)4, at::native::<unnamed>::clamp_min_scalar_kernel_impl(at::TensorIterator &, c10::Scalar)::[lambda() (instance 1)]::operator ()() const::[lambda() (instance 8)]::operator ()() const::[lambda(float) (instance 1)], at::detail::Array<char *, (int)2>>(int, T2, T3)",NVIDIA GeForce RTX 2080 Ti,"   98,    1,    1","   64,    1,    1","3,271",2.88,0.71,6.42,18
214,9,vectorized_elementwise_kernel,"void at::native::vectorized_elementwise_kernel<(int)4, at::native::<unnamed>::clamp_min_scalar_kernel_impl(at::TensorIterator &, c10::Scalar)::[lambda() (instance 1)]::operator ()() const::[lambda() (instance 8)]::operator ()() const::[lambda(float) (instance 1)], at::detail::Array<char *, (int)2>>(int, T2, T3)",NVIDIA GeForce RTX 2080 Ti,"   98,    1,    1","   64,    1,    1","3,258",2.88,0.71,8.77,18
226,9,vectorized_elementwise_kernel,"void at::native::vectorized_elementwise_kernel<(int)4, at::native::<unnamed>::clamp_min_scalar_kernel_impl(at::TensorIterator &, c10::Scalar)::[lambda() (instance 1)]::operator ()() const::[lambda() (instance 8)]::operator ()() const::[lambda(float) (instance 1)], at::detail::Array<char *, (int)2>>(int, T2, T3)",NVIDIA GeForce RTX 2080 Ti,"   98,    1,    1","   64,    1,    1","3,232",10.72,0.71,6.88,18
240,9,vectorized_elementwise_kernel,"void at::native::vectorized_elementwise_kernel<(int)4, at::native::<unnamed>::clamp_min_scalar_kernel_impl(at::TensorIterator &, c10::Scalar)::[lambda() (instance 1)]::operator ()() const::[lambda() (instance 8)]::operator ()() const::[lambda(float) (instance 1)], at::detail::Array<char *, (int)2>>(int, T2, T3)",NVIDIA GeForce RTX 2080 Ti,"   98,    1,    1","   64,    1,    1","3,195",4.19,0.72,7.02,18
53,8,vectorized_elementwise_kernel,"void at::native::vectorized_elementwise_kernel<(int)4, at::native::AddFunctor<float>, at::detail::Array<char *, (int)3>>(int, T2, T3)",NVIDIA GeForce RTX 2080 Ti," 3136,    1,    1","   64,    1,    1","19,167",19.55,4.87,74.11,20
23,7,vectorized_elementwise_kernel,"void at::native::vectorized_elementwise_kernel<(int)4, at::native::AddFunctor<float>, at::detail::Array<char *, (int)3>>(int, T2, T3)",NVIDIA GeForce RTX 2080 Ti," 3136,    1,    1","   64,    1,    1","19,106",19.97,4.88,74.47,20
38,7,vectorized_elementwise_kernel,"void at::native::vectorized_elementwise_kernel<(int)4, at::native::AddFunctor<float>, at::detail::Array<char *, (int)3>>(int, T2, T3)",NVIDIA GeForce RTX 2080 Ti," 3136,    1,    1","   64,    1,    1","18,967",19.65,4.92,75.15,20
87,8,vectorized_elementwise_kernel,"void at::native::vectorized_elementwise_kernel<(int)4, at::native::AddFunctor<float>, at::detail::Array<char *, (int)3>>(int, T2, T3)",NVIDIA GeForce RTX 2080 Ti," 1568,    1,    1","   64,    1,    1","13,756",11.52,3.37,64.89,20
72,8,vectorized_elementwise_kernel,"void at::native::vectorized_elementwise_kernel<(int)4, at::native::AddFunctor<float>, at::detail::Array<char *, (int)3>>(int, T2, T3)",NVIDIA GeForce RTX 2080 Ti," 1568,    1,    1","   64,    1,    1","10,688",9.31,4.36,62.88,20
117,8,vectorized_elementwise_kernel,"void at::native::vectorized_elementwise_kernel<(int)4, at::native::AddFunctor<float>, at::detail::Array<char *, (int)3>>(int, T2, T3)",NVIDIA GeForce RTX 2080 Ti," 1568,    1,    1","   64,    1,    1","10,685",11.2,4.36,62.85,20
102,8,vectorized_elementwise_kernel,"void at::native::vectorized_elementwise_kernel<(int)4, at::native::AddFunctor<float>, at::detail::Array<char *, (int)3>>(int, T2, T3)",NVIDIA GeForce RTX 2080 Ti," 1568,    1,    1","   64,    1,    1","10,492",9.44,4.44,65.27,20
190,7,vectorized_elementwise_kernel,"void at::native::vectorized_elementwise_kernel<(int)4, at::native::AddFunctor<float>, at::detail::Array<char *, (int)3>>(int, T2, T3)",NVIDIA GeForce RTX 2080 Ti,"  784,    1,    1","   64,    1,    1","8,902",5.5,2.6,37.89,20
134,7,vectorized_elementwise_kernel,"void at::native::vectorized_elementwise_kernel<(int)4, at::native::AddFunctor<float>, at::detail::Array<char *, (int)3>>(int, T2, T3)",NVIDIA GeForce RTX 2080 Ti,"  784,    1,    1","   64,    1,    1","7,025",5.73,3.31,60.76,20
204,7,vectorized_elementwise_kernel,"void at::native::vectorized_elementwise_kernel<(int)4, at::native::AddFunctor<float>, at::detail::Array<char *, (int)3>>(int, T2, T3)",NVIDIA GeForce RTX 2080 Ti,"  784,    1,    1","   64,    1,    1","6,875",5.6,3.37,62.71,20
148,7,vectorized_elementwise_kernel,"void at::native::vectorized_elementwise_kernel<(int)4, at::native::AddFunctor<float>, at::detail::Array<char *, (int)3>>(int, T2, T3)",NVIDIA GeForce RTX 2080 Ti,"  784,    1,    1","   64,    1,    1","6,766",5.63,3.43,49.75,20
176,7,vectorized_elementwise_kernel,"void at::native::vectorized_elementwise_kernel<(int)4, at::native::AddFunctor<float>, at::detail::Array<char *, (int)3>>(int, T2, T3)",NVIDIA GeForce RTX 2080 Ti,"  784,    1,    1","   64,    1,    1","6,764",6.14,3.44,49.83,20
162,7,vectorized_elementwise_kernel,"void at::native::vectorized_elementwise_kernel<(int)4, at::native::AddFunctor<float>, at::detail::Array<char *, (int)3>>(int, T2, T3)",NVIDIA GeForce RTX 2080 Ti,"  784,    1,    1","   64,    1,    1","6,734",5.47,3.45,49.88,20
235,7,vectorized_elementwise_kernel,"void at::native::vectorized_elementwise_kernel<(int)4, at::native::AddFunctor<float>, at::detail::Array<char *, (int)3>>(int, T2, T3)",NVIDIA GeForce RTX 2080 Ti,"  392,    1,    1","   64,    1,    1","5,152",4.16,2.24,32.78,20
249,7,vectorized_elementwise_kernel,"void at::native::vectorized_elementwise_kernel<(int)4, at::native::AddFunctor<float>, at::detail::Array<char *, (int)3>>(int, T2, T3)",NVIDIA GeForce RTX 2080 Ti,"  392,    1,    1","   64,    1,    1","5,093",4.32,2.27,39.79,20
221,7,vectorized_elementwise_kernel,"void at::native::vectorized_elementwise_kernel<(int)4, at::native::AddFunctor<float>, at::detail::Array<char *, (int)3>>(int, T2, T3)",NVIDIA GeForce RTX 2080 Ti,"  392,    1,    1","   64,    1,    1","4,908",4.32,2.36,34.15,20
46,11,vectorized_elementwise_kernel,"void at::native::vectorized_elementwise_kernel<(int)4, at::native::BUnaryFunctor<at::native::AddFunctor<long>>, at::detail::Array<char *, (int)2>>(int, T2, T3)",NVIDIA GeForce RTX 2080 Ti,"    1,    1,    1","   64,    1,    1","3,872",2.69,0.01,0.34,20
12,11,vectorized_elementwise_kernel,"void at::native::vectorized_elementwise_kernel<(int)4, at::native::BUnaryFunctor<at::native::AddFunctor<long>>, at::detail::Array<char *, (int)2>>(int, T2, T3)",NVIDIA GeForce RTX 2080 Ti,"    1,    1,    1","   64,    1,    1","3,859",2.56,0.01,0.86,20
36,11,vectorized_elementwise_kernel,"void at::native::vectorized_elementwise_kernel<(int)4, at::native::BUnaryFunctor<at::native::AddFunctor<long>>, at::detail::Array<char *, (int)2>>(int, T2, T3)",NVIDIA GeForce RTX 2080 Ti,"    1,    1,    1","   64,    1,    1","2,993",2.56,0.01,0.86,20
151,11,vectorized_elementwise_kernel,"void at::native::vectorized_elementwise_kernel<(int)4, at::native::BUnaryFunctor<at::native::AddFunctor<long>>, at::detail::Array<char *, (int)2>>(int, T2, T3)",NVIDIA GeForce RTX 2080 Ti,"    1,    1,    1","   64,    1,    1","2,984",2.56,0.01,0.39,20
219,11,vectorized_elementwise_kernel,"void at::native::vectorized_elementwise_kernel<(int)4, at::native::BUnaryFunctor<at::native::AddFunctor<long>>, at::detail::Array<char *, (int)2>>(int, T2, T3)",NVIDIA GeForce RTX 2080 Ti,"    1,    1,    1","   64,    1,    1","2,981",2.56,0.01,0.68,20
61,11,vectorized_elementwise_kernel,"void at::native::vectorized_elementwise_kernel<(int)4, at::native::BUnaryFunctor<at::native::AddFunctor<long>>, at::detail::Array<char *, (int)2>>(int, T2, T3)",NVIDIA GeForce RTX 2080 Ti,"    1,    1,    1","   64,    1,    1","2,965",2.59,0.01,3.77,20
51,11,vectorized_elementwise_kernel,"void at::native::vectorized_elementwise_kernel<(int)4, at::native::BUnaryFunctor<at::native::AddFunctor<long>>, at::detail::Array<char *, (int)2>>(int, T2, T3)",NVIDIA GeForce RTX 2080 Ti,"    1,    1,    1","   64,    1,    1","2,926",2.66,0.01,0.92,20
174,11,vectorized_elementwise_kernel,"void at::native::vectorized_elementwise_kernel<(int)4, at::native::BUnaryFunctor<at::native::AddFunctor<long>>, at::detail::Array<char *, (int)2>>(int, T2, T3)",NVIDIA GeForce RTX 2080 Ti,"    1,    1,    1","   64,    1,    1","2,926",2.56,0.01,0.52,20
100,11,vectorized_elementwise_kernel,"void at::native::vectorized_elementwise_kernel<(int)4, at::native::BUnaryFunctor<at::native::AddFunctor<long>>, at::detail::Array<char *, (int)2>>(int, T2, T3)",NVIDIA GeForce RTX 2080 Ti,"    1,    1,    1","   64,    1,    1","2,917",2.94,0.01,0.4,20
179,11,vectorized_elementwise_kernel,"void at::native::vectorized_elementwise_kernel<(int)4, at::native::BUnaryFunctor<at::native::AddFunctor<long>>, at::detail::Array<char *, (int)2>>(int, T2, T3)",NVIDIA GeForce RTX 2080 Ti,"    1,    1,    1","   64,    1,    1","2,916",3.74,0.01,0.58,20
90,11,vectorized_elementwise_kernel,"void at::native::vectorized_elementwise_kernel<(int)4, at::native::BUnaryFunctor<at::native::AddFunctor<long>>, at::detail::Array<char *, (int)2>>(int, T2, T3)",NVIDIA GeForce RTX 2080 Ti,"    1,    1,    1","   64,    1,    1","2,915",2.56,0.01,0.58,20
7,11,vectorized_elementwise_kernel,"void at::native::vectorized_elementwise_kernel<(int)4, at::native::BUnaryFunctor<at::native::AddFunctor<long>>, at::detail::Array<char *, (int)2>>(int, T2, T3)",NVIDIA GeForce RTX 2080 Ti,"    1,    1,    1","   64,    1,    1","2,911",2.59,0.01,1.79,20
120,11,vectorized_elementwise_kernel,"void at::native::vectorized_elementwise_kernel<(int)4, at::native::BUnaryFunctor<at::native::AddFunctor<long>>, at::detail::Array<char *, (int)2>>(int, T2, T3)",NVIDIA GeForce RTX 2080 Ti,"    1,    1,    1","   64,    1,    1","2,907",2.59,0.01,0.8,20
137,11,vectorized_elementwise_kernel,"void at::native::vectorized_elementwise_kernel<(int)4, at::native::BUnaryFunctor<at::native::AddFunctor<long>>, at::detail::Array<char *, (int)2>>(int, T2, T3)",NVIDIA GeForce RTX 2080 Ti,"    1,    1,    1","   64,    1,    1","2,900",2.98,0.01,1.3,20
21,11,vectorized_elementwise_kernel,"void at::native::vectorized_elementwise_kernel<(int)4, at::native::BUnaryFunctor<at::native::AddFunctor<long>>, at::detail::Array<char *, (int)2>>(int, T2, T3)",NVIDIA GeForce RTX 2080 Ti,"    1,    1,    1","   64,    1,    1","2,898",2.59,0.01,0.49,20
66,11,vectorized_elementwise_kernel,"void at::native::vectorized_elementwise_kernel<(int)4, at::native::BUnaryFunctor<at::native::AddFunctor<long>>, at::detail::Array<char *, (int)2>>(int, T2, T3)",NVIDIA GeForce RTX 2080 Ti,"    1,    1,    1","   64,    1,    1","2,894",2.59,0.01,0.78,20
247,11,vectorized_elementwise_kernel,"void at::native::vectorized_elementwise_kernel<(int)4, at::native::BUnaryFunctor<at::native::AddFunctor<long>>, at::detail::Array<char *, (int)2>>(int, T2, T3)",NVIDIA GeForce RTX 2080 Ti,"    1,    1,    1","   64,    1,    1","2,888",3.65,0.01,1.11,20
229,11,vectorized_elementwise_kernel,"void at::native::vectorized_elementwise_kernel<(int)4, at::native::BUnaryFunctor<at::native::AddFunctor<long>>, at::detail::Array<char *, (int)2>>(int, T2, T3)",NVIDIA GeForce RTX 2080 Ti,"    1,    1,    1","   64,    1,    1","2,864",2.56,0.01,0.85,20
224,11,vectorized_elementwise_kernel,"void at::native::vectorized_elementwise_kernel<(int)4, at::native::BUnaryFunctor<at::native::AddFunctor<long>>, at::detail::Array<char *, (int)2>>(int, T2, T3)",NVIDIA GeForce RTX 2080 Ti,"    1,    1,    1","   64,    1,    1","2,855",2.59,0.01,1.08,20
26,11,vectorized_elementwise_kernel,"void at::native::vectorized_elementwise_kernel<(int)4, at::native::BUnaryFunctor<at::native::AddFunctor<long>>, at::detail::Array<char *, (int)2>>(int, T2, T3)",NVIDIA GeForce RTX 2080 Ti,"    1,    1,    1","   64,    1,    1","2,851",2.59,0.01,4.19,20
132,11,vectorized_elementwise_kernel,"void at::native::vectorized_elementwise_kernel<(int)4, at::native::BUnaryFunctor<at::native::AddFunctor<long>>, at::detail::Array<char *, (int)2>>(int, T2, T3)",NVIDIA GeForce RTX 2080 Ti,"    1,    1,    1","   64,    1,    1","2,851",2.56,0.01,0.74,20
70,11,vectorized_elementwise_kernel,"void at::native::vectorized_elementwise_kernel<(int)4, at::native::BUnaryFunctor<at::native::AddFunctor<long>>, at::detail::Array<char *, (int)2>>(int, T2, T3)",NVIDIA GeForce RTX 2080 Ti,"    1,    1,    1","   64,    1,    1","2,848",3.65,0.01,0.48,20
105,11,vectorized_elementwise_kernel,"void at::native::vectorized_elementwise_kernel<(int)4, at::native::BUnaryFunctor<at::native::AddFunctor<long>>, at::detail::Array<char *, (int)2>>(int, T2, T3)",NVIDIA GeForce RTX 2080 Ti,"    1,    1,    1","   64,    1,    1","2,845",3.74,0.01,0.94,20
243,11,vectorized_elementwise_kernel,"void at::native::vectorized_elementwise_kernel<(int)4, at::native::BUnaryFunctor<at::native::AddFunctor<long>>, at::detail::Array<char *, (int)2>>(int, T2, T3)",NVIDIA GeForce RTX 2080 Ti,"    1,    1,    1","   64,    1,    1","2,844",3.33,0.01,0.96,20
85,11,vectorized_elementwise_kernel,"void at::native::vectorized_elementwise_kernel<(int)4, at::native::BUnaryFunctor<at::native::AddFunctor<long>>, at::detail::Array<char *, (int)2>>(int, T2, T3)",NVIDIA GeForce RTX 2080 Ti,"    1,    1,    1","   64,    1,    1","2,841",2.62,0.01,0.95,20
216,11,vectorized_elementwise_kernel,"void at::native::vectorized_elementwise_kernel<(int)4, at::native::BUnaryFunctor<at::native::AddFunctor<long>>, at::detail::Array<char *, (int)2>>(int, T2, T3)",NVIDIA GeForce RTX 2080 Ti,"    1,    1,    1","   64,    1,    1","2,841",2.69,0.01,1.58,20
165,11,vectorized_elementwise_kernel,"void at::native::vectorized_elementwise_kernel<(int)4, at::native::BUnaryFunctor<at::native::AddFunctor<long>>, at::detail::Array<char *, (int)2>>(int, T2, T3)",NVIDIA GeForce RTX 2080 Ti,"    1,    1,    1","   64,    1,    1","2,836",2.59,0.01,0.74,20
188,11,vectorized_elementwise_kernel,"void at::native::vectorized_elementwise_kernel<(int)4, at::native::BUnaryFunctor<at::native::AddFunctor<long>>, at::detail::Array<char *, (int)2>>(int, T2, T3)",NVIDIA GeForce RTX 2080 Ti,"    1,    1,    1","   64,    1,    1","2,833",3.23,0.01,0.73,20
17,11,vectorized_elementwise_kernel,"void at::native::vectorized_elementwise_kernel<(int)4, at::native::BUnaryFunctor<at::native::AddFunctor<long>>, at::detail::Array<char *, (int)2>>(int, T2, T3)",NVIDIA GeForce RTX 2080 Ti,"    1,    1,    1","   64,    1,    1","2,832",3.01,0.01,0.37,20
75,11,vectorized_elementwise_kernel,"void at::native::vectorized_elementwise_kernel<(int)4, at::native::BUnaryFunctor<at::native::AddFunctor<long>>, at::detail::Array<char *, (int)2>>(int, T2, T3)",NVIDIA GeForce RTX 2080 Ti,"    1,    1,    1","   64,    1,    1","2,832",2.59,0.01,0.39,20
207,11,vectorized_elementwise_kernel,"void at::native::vectorized_elementwise_kernel<(int)4, at::native::BUnaryFunctor<at::native::AddFunctor<long>>, at::detail::Array<char *, (int)2>>(int, T2, T3)",NVIDIA GeForce RTX 2080 Ti,"    1,    1,    1","   64,    1,    1","2,831",2.59,0.01,0.5,20
124,11,vectorized_elementwise_kernel,"void at::native::vectorized_elementwise_kernel<(int)4, at::native::BUnaryFunctor<at::native::AddFunctor<long>>, at::detail::Array<char *, (int)2>>(int, T2, T3)",NVIDIA GeForce RTX 2080 Ti,"    1,    1,    1","   64,    1,    1","2,827",3.01,0.01,0.89,20
146,11,vectorized_elementwise_kernel,"void at::native::vectorized_elementwise_kernel<(int)4, at::native::BUnaryFunctor<at::native::AddFunctor<long>>, at::detail::Array<char *, (int)2>>(int, T2, T3)",NVIDIA GeForce RTX 2080 Ti,"    1,    1,    1","   64,    1,    1","2,827",2.59,0.01,0.38,20
184,11,vectorized_elementwise_kernel,"void at::native::vectorized_elementwise_kernel<(int)4, at::native::BUnaryFunctor<at::native::AddFunctor<long>>, at::detail::Array<char *, (int)2>>(int, T2, T3)",NVIDIA GeForce RTX 2080 Ti,"    1,    1,    1","   64,    1,    1","2,827",3.62,0.01,0.76,20
95,11,vectorized_elementwise_kernel,"void at::native::vectorized_elementwise_kernel<(int)4, at::native::BUnaryFunctor<at::native::AddFunctor<long>>, at::detail::Array<char *, (int)2>>(int, T2, T3)",NVIDIA GeForce RTX 2080 Ti,"    1,    1,    1","   64,    1,    1","2,825",2.59,0.01,0.51,20
170,11,vectorized_elementwise_kernel,"void at::native::vectorized_elementwise_kernel<(int)4, at::native::BUnaryFunctor<at::native::AddFunctor<long>>, at::detail::Array<char *, (int)2>>(int, T2, T3)",NVIDIA GeForce RTX 2080 Ti,"    1,    1,    1","   64,    1,    1","2,824",2.56,0.01,1.34,20
198,11,vectorized_elementwise_kernel,"void at::native::vectorized_elementwise_kernel<(int)4, at::native::BUnaryFunctor<at::native::AddFunctor<long>>, at::detail::Array<char *, (int)2>>(int, T2, T3)",NVIDIA GeForce RTX 2080 Ti,"    1,    1,    1","   64,    1,    1","2,824",3.36,0.01,1,20
238,11,vectorized_elementwise_kernel,"void at::native::vectorized_elementwise_kernel<(int)4, at::native::BUnaryFunctor<at::native::AddFunctor<long>>, at::detail::Array<char *, (int)2>>(int, T2, T3)",NVIDIA GeForce RTX 2080 Ti,"    1,    1,    1","   64,    1,    1","2,823",2.59,0.01,0.59,20
110,11,vectorized_elementwise_kernel,"void at::native::vectorized_elementwise_kernel<(int)4, at::native::BUnaryFunctor<at::native::AddFunctor<long>>, at::detail::Array<char *, (int)2>>(int, T2, T3)",NVIDIA GeForce RTX 2080 Ti,"    1,    1,    1","   64,    1,    1","2,821",3.68,0.01,0.52,20
2,11,vectorized_elementwise_kernel,"void at::native::vectorized_elementwise_kernel<(int)4, at::native::BUnaryFunctor<at::native::AddFunctor<long>>, at::detail::Array<char *, (int)2>>(int, T2, T3)",NVIDIA GeForce RTX 2080 Ti,"    1,    1,    1","   64,    1,    1","2,819",3.65,0.01,0.4,20
233,11,vectorized_elementwise_kernel,"void at::native::vectorized_elementwise_kernel<(int)4, at::native::BUnaryFunctor<at::native::AddFunctor<long>>, at::detail::Array<char *, (int)2>>(int, T2, T3)",NVIDIA GeForce RTX 2080 Ti,"    1,    1,    1","   64,    1,    1","2,817",3.65,0.01,1.19,20
142,11,vectorized_elementwise_kernel,"void at::native::vectorized_elementwise_kernel<(int)4, at::native::BUnaryFunctor<at::native::AddFunctor<long>>, at::detail::Array<char *, (int)2>>(int, T2, T3)",NVIDIA GeForce RTX 2080 Ti,"    1,    1,    1","   64,    1,    1","2,816",2.56,0.01,0.56,20
31,11,vectorized_elementwise_kernel,"void at::native::vectorized_elementwise_kernel<(int)4, at::native::BUnaryFunctor<at::native::AddFunctor<long>>, at::detail::Array<char *, (int)2>>(int, T2, T3)",NVIDIA GeForce RTX 2080 Ti,"    1,    1,    1","   64,    1,    1","2,812",3.65,0.01,0.42,20
156,11,vectorized_elementwise_kernel,"void at::native::vectorized_elementwise_kernel<(int)4, at::native::BUnaryFunctor<at::native::AddFunctor<long>>, at::detail::Array<char *, (int)2>>(int, T2, T3)",NVIDIA GeForce RTX 2080 Ti,"    1,    1,    1","   64,    1,    1","2,812",2.59,0.01,0.91,20
212,11,vectorized_elementwise_kernel,"void at::native::vectorized_elementwise_kernel<(int)4, at::native::BUnaryFunctor<at::native::AddFunctor<long>>, at::detail::Array<char *, (int)2>>(int, T2, T3)",NVIDIA GeForce RTX 2080 Ti,"    1,    1,    1","   64,    1,    1","2,812",2.59,0.01,1.13,20
193,11,vectorized_elementwise_kernel,"void at::native::vectorized_elementwise_kernel<(int)4, at::native::BUnaryFunctor<at::native::AddFunctor<long>>, at::detail::Array<char *, (int)2>>(int, T2, T3)",NVIDIA GeForce RTX 2080 Ti,"    1,    1,    1","   64,    1,    1","2,811",2.56,0.01,0.59,20
41,11,vectorized_elementwise_kernel,"void at::native::vectorized_elementwise_kernel<(int)4, at::native::BUnaryFunctor<at::native::AddFunctor<long>>, at::detail::Array<char *, (int)2>>(int, T2, T3)",NVIDIA GeForce RTX 2080 Ti,"    1,    1,    1","   64,    1,    1","2,809",3.68,0.01,0.44,20
57,11,vectorized_elementwise_kernel,"void at::native::vectorized_elementwise_kernel<(int)4, at::native::BUnaryFunctor<at::native::AddFunctor<long>>, at::detail::Array<char *, (int)2>>(int, T2, T3)",NVIDIA GeForce RTX 2080 Ti,"    1,    1,    1","   64,    1,    1","2,807",2.98,0.01,0.82,20
115,11,vectorized_elementwise_kernel,"void at::native::vectorized_elementwise_kernel<(int)4, at::native::BUnaryFunctor<at::native::AddFunctor<long>>, at::detail::Array<char *, (int)2>>(int, T2, T3)",NVIDIA GeForce RTX 2080 Ti,"    1,    1,    1","   64,    1,    1","2,803",2.59,0.01,2.43,20
128,11,vectorized_elementwise_kernel,"void at::native::vectorized_elementwise_kernel<(int)4, at::native::BUnaryFunctor<at::native::AddFunctor<long>>, at::detail::Array<char *, (int)2>>(int, T2, T3)",NVIDIA GeForce RTX 2080 Ti,"    1,    1,    1","   64,    1,    1","2,803",2.59,0.01,0.6,20
160,11,vectorized_elementwise_kernel,"void at::native::vectorized_elementwise_kernel<(int)4, at::native::BUnaryFunctor<at::native::AddFunctor<long>>, at::detail::Array<char *, (int)2>>(int, T2, T3)",NVIDIA GeForce RTX 2080 Ti,"    1,    1,    1","   64,    1,    1","2,801",2.56,0.01,0.39,20
202,11,vectorized_elementwise_kernel,"void at::native::vectorized_elementwise_kernel<(int)4, at::native::BUnaryFunctor<at::native::AddFunctor<long>>, at::detail::Array<char *, (int)2>>(int, T2, T3)",NVIDIA GeForce RTX 2080 Ti,"    1,    1,    1","   64,    1,    1","2,800",2.56,0.01,1.7,20
80,11,vectorized_elementwise_kernel,"void at::native::vectorized_elementwise_kernel<(int)4, at::native::BUnaryFunctor<at::native::AddFunctor<long>>, at::detail::Array<char *, (int)2>>(int, T2, T3)",NVIDIA GeForce RTX 2080 Ti,"    1,    1,    1","   64,    1,    1","2,793",3.26,0.01,0.6,20
3,9,bn_fw_tr_1C11_kernel_NCHW,"void cudnn::detail::bn_fw_tr_1C11_kernel_NCHW<float, float, (int)512, (bool)1, (int)1>(cudnnTensorStruct, const T1 *, cudnnTensorStruct, T1 *, const T2 *, const T2 *, T2, T2, T2 *, T2 *, T2 *, T2 *, T2, T2)",NVIDIA GeForce RTX 2080 Ti,"   64,    1,    1","  512,    1,    1","94,912",68.06,3.83,8.77,48
220,12,bn_fw_tr_1C11_singleread,"void cudnn::detail::bn_fw_tr_1C11_singleread<float, (int)512, (bool)1, (int)1, (int)2, (int)0>(cudnnTensorStruct, const T1 *, cudnnTensorStruct, T1 *, const float *, const float *, float, float, float *, float *, float *, float *, float, float, cudnn::reduced_divisor, int, cudnn::reduced_divisor, cudnn::detail::bnFwPersistentState *, int, float, float, float, int, float, float, cudnnStatus_t *, bool)",NVIDIA GeForce RTX 2080 Ti," 2048,    1,    1","  512,    1,    1","58,980",45.18,40.84,38.85,38
234,12,bn_fw_tr_1C11_singleread,"void cudnn::detail::bn_fw_tr_1C11_singleread<float, (int)512, (bool)1, (int)1, (int)2, (int)0>(cudnnTensorStruct, const T1 *, cudnnTensorStruct, T1 *, const float *, const float *, float, float, float *, float *, float *, float *, float, float, cudnn::reduced_divisor, int, cudnn::reduced_divisor, cudnn::detail::bnFwPersistentState *, int, float, float, float, int, float, float, cudnnStatus_t *, bool)",NVIDIA GeForce RTX 2080 Ti," 2048,    1,    1","  512,    1,    1","57,904",42.94,41.59,39.57,38
217,12,bn_fw_tr_1C11_singleread,"void cudnn::detail::bn_fw_tr_1C11_singleread<float, (int)512, (bool)1, (int)1, (int)2, (int)0>(cudnnTensorStruct, const T1 *, cudnnTensorStruct, T1 *, const float *, const float *, float, float, float *, float *, float *, float *, float, float, cudnn::reduced_divisor, int, cudnn::reduced_divisor, cudnn::detail::bnFwPersistentState *, int, float, float, float, int, float, float, cudnnStatus_t *, bool)",NVIDIA GeForce RTX 2080 Ti," 2048,    1,    1","  512,    1,    1","57,818",43.52,41.69,39.67,38
248,12,bn_fw_tr_1C11_singleread,"void cudnn::detail::bn_fw_tr_1C11_singleread<float, (int)512, (bool)1, (int)1, (int)2, (int)0>(cudnnTensorStruct, const T1 *, cudnnTensorStruct, T1 *, const float *, const float *, float, float, float *, float *, float *, float *, float, float, cudnn::reduced_divisor, int, cudnn::reduced_divisor, cudnn::detail::bnFwPersistentState *, int, float, float, float, int, float, float, cudnnStatus_t *, bool)",NVIDIA GeForce RTX 2080 Ti," 2048,    1,    1","  512,    1,    1","57,755",46.46,41.61,39.59,38
106,9,bn_fw_tr_1C11_singleread,"void cudnn::detail::bn_fw_tr_1C11_singleread<float, (int)512, (bool)1, (int)1, (int)2, (int)0>(cudnnTensorStruct, const T1 *, cudnnTensorStruct, T1 *, const float *, const float *, float, float, float *, float *, float *, float *, float, float, cudnn::reduced_divisor, int, cudnn::reduced_divisor, cudnn::detail::bnFwPersistentState *, int, float, float, float, int, float, float, cudnnStatus_t *, bool)",NVIDIA GeForce RTX 2080 Ti,"  128,    1,    1","  512,    1,    1","56,885",6.56,3.77,3.33,38
175,12,bn_fw_tr_1C11_singleread,"void cudnn::detail::bn_fw_tr_1C11_singleread<float, (int)512, (bool)1, (int)1, (int)2, (int)0>(cudnnTensorStruct, const T1 *, cudnnTensorStruct, T1 *, const float *, const float *, float, float, float *, float *, float *, float *, float, float, cudnn::reduced_divisor, int, cudnn::reduced_divisor, cudnn::detail::bnFwPersistentState *, int, float, float, float, int, float, float, cudnnStatus_t *, bool)",NVIDIA GeForce RTX 2080 Ti," 1024,    1,    1","  512,    1,    1","32,687",25.63,39.65,37.08,38
161,12,bn_fw_tr_1C11_singleread,"void cudnn::detail::bn_fw_tr_1C11_singleread<float, (int)512, (bool)1, (int)1, (int)2, (int)0>(cudnnTensorStruct, const T1 *, cudnnTensorStruct, T1 *, const float *, const float *, float, float, float *, float *, float *, float *, float, float, cudnn::reduced_divisor, int, cudnn::reduced_divisor, cudnn::detail::bnFwPersistentState *, int, float, float, float, int, float, float, cudnnStatus_t *, bool)",NVIDIA GeForce RTX 2080 Ti," 1024,    1,    1","  512,    1,    1","32,217",24.38,40.21,37.61,38
147,12,bn_fw_tr_1C11_singleread,"void cudnn::detail::bn_fw_tr_1C11_singleread<float, (int)512, (bool)1, (int)1, (int)2, (int)0>(cudnnTensorStruct, const T1 *, cudnnTensorStruct, T1 *, const float *, const float *, float, float, float *, float *, float *, float *, float, float, cudnn::reduced_divisor, int, cudnn::reduced_divisor, cudnn::detail::bnFwPersistentState *, int, float, float, float, int, float, float, cudnnStatus_t *, bool)",NVIDIA GeForce RTX 2080 Ti," 1024,    1,    1","  512,    1,    1","31,859",24.32,40.69,38.06,38
129,12,bn_fw_tr_1C11_singleread,"void cudnn::detail::bn_fw_tr_1C11_singleread<float, (int)512, (bool)1, (int)1, (int)2, (int)0>(cudnnTensorStruct, const T1 *, cudnnTensorStruct, T1 *, const float *, const float *, float, float, float *, float *, float *, float *, float, float, cudnn::reduced_divisor, int, cudnn::reduced_divisor, cudnn::detail::bnFwPersistentState *, int, float, float, float, int, float, float, cudnnStatus_t *, bool)",NVIDIA GeForce RTX 2080 Ti," 1024,    1,    1","  512,    1,    1","31,837",24.38,40.69,38.06,38
203,12,bn_fw_tr_1C11_singleread,"void cudnn::detail::bn_fw_tr_1C11_singleread<float, (int)512, (bool)1, (int)1, (int)2, (int)0>(cudnnTensorStruct, const T1 *, cudnnTensorStruct, T1 *, const float *, const float *, float, float, float *, float *, float *, float *, float, float, cudnn::reduced_divisor, int, cudnn::reduced_divisor, cudnn::detail::bnFwPersistentState *, int, float, float, float, int, float, float, cudnnStatus_t *, bool)",NVIDIA GeForce RTX 2080 Ti," 1024,    1,    1","  512,    1,    1","31,704",26.24,40.88,38.24,38
189,12,bn_fw_tr_1C11_singleread,"void cudnn::detail::bn_fw_tr_1C11_singleread<float, (int)512, (bool)1, (int)1, (int)2, (int)0>(cudnnTensorStruct, const T1 *, cudnnTensorStruct, T1 *, const float *, const float *, float, float, float *, float *, float *, float *, float, float, cudnn::reduced_divisor, int, cudnn::reduced_divisor, cudnn::detail::bnFwPersistentState *, int, float, float, float, int, float, float, cudnnStatus_t *, bool)",NVIDIA GeForce RTX 2080 Ti," 1024,    1,    1","  512,    1,    1","31,660",24.38,40.92,38.27,38
133,12,bn_fw_tr_1C11_singleread,"void cudnn::detail::bn_fw_tr_1C11_singleread<float, (int)512, (bool)1, (int)1, (int)2, (int)0>(cudnnTensorStruct, const T1 *, cudnnTensorStruct, T1 *, const float *, const float *, float, float, float *, float *, float *, float *, float, float, cudnn::reduced_divisor, int, cudnn::reduced_divisor, cudnn::detail::bnFwPersistentState *, int, float, float, float, int, float, float, cudnnStatus_t *, bool)",NVIDIA GeForce RTX 2080 Ti," 1024,    1,    1","  512,    1,    1","31,582",24.19,41.04,38.37,38
101,8,bn_fw_tr_1C11_singleread,"void cudnn::detail::bn_fw_tr_1C11_singleread<float, (int)512, (bool)1, (int)1, (int)2, (int)0>(cudnnTensorStruct, const T1 *, cudnnTensorStruct, T1 *, const float *, const float *, float, float, float *, float *, float *, float *, float, float, cudnn::reduced_divisor, int, cudnn::reduced_divisor, cudnn::detail::bnFwPersistentState *, int, float, float, float, int, float, float, cudnnStatus_t *, bool)",NVIDIA GeForce RTX 2080 Ti,"  512,    1,    1","  512,    1,    1","24,972",18.98,33.72,30.63,38
86,8,bn_fw_tr_1C11_singleread,"void cudnn::detail::bn_fw_tr_1C11_singleread<float, (int)512, (bool)1, (int)1, (int)2, (int)0>(cudnnTensorStruct, const T1 *, cudnnTensorStruct, T1 *, const float *, const float *, float, float, float *, float *, float *, float *, float, float, cudnn::reduced_divisor, int, cudnn::reduced_divisor, cudnn::detail::bnFwPersistentState *, int, float, float, float, int, float, float, cudnnStatus_t *, bool)",NVIDIA GeForce RTX 2080 Ti,"  512,    1,    1","  512,    1,    1","23,620",18.34,35.75,32.48,38
52,8,bn_fw_tr_1C11_singleread,"void cudnn::detail::bn_fw_tr_1C11_singleread<float, (int)512, (bool)1, (int)1, (int)2, (int)0>(cudnnTensorStruct, const T1 *, cudnnTensorStruct, T1 *, const float *, const float *, float, float, float *, float *, float *, float *, float, float, cudnn::reduced_divisor, int, cudnn::reduced_divisor, cudnn::detail::bnFwPersistentState *, int, float, float, float, int, float, float, cudnnStatus_t *, bool)",NVIDIA GeForce RTX 2080 Ti,"  256,    1,    1","  512,    1,    1","23,553",17.18,30.25,50.45,38
116,8,bn_fw_tr_1C11_singleread,"void cudnn::detail::bn_fw_tr_1C11_singleread<float, (int)512, (bool)1, (int)1, (int)2, (int)0>(cudnnTensorStruct, const T1 *, cudnnTensorStruct, T1 *, const float *, const float *, float, float, float *, float *, float *, float *, float, float, cudnn::reduced_divisor, int, cudnn::reduced_divisor, cudnn::detail::bnFwPersistentState *, int, float, float, float, int, float, float, cudnnStatus_t *, bool)",NVIDIA GeForce RTX 2080 Ti,"  512,    1,    1","  512,    1,    1","21,931",17.66,38.54,35.02,38
67,8,bn_fw_tr_1C11_singleread,"void cudnn::detail::bn_fw_tr_1C11_singleread<float, (int)512, (bool)1, (int)1, (int)2, (int)0>(cudnnTensorStruct, const T1 *, cudnnTensorStruct, T1 *, const float *, const float *, float, float, float *, float *, float *, float *, float, float, cudnn::reduced_divisor, int, cudnn::reduced_divisor, cudnn::detail::bnFwPersistentState *, int, float, float, float, int, float, float, cudnnStatus_t *, bool)",NVIDIA GeForce RTX 2080 Ti,"  512,    1,    1","  512,    1,    1","21,818",17.98,38.72,35.18,38
71,8,bn_fw_tr_1C11_singleread,"void cudnn::detail::bn_fw_tr_1C11_singleread<float, (int)512, (bool)1, (int)1, (int)2, (int)0>(cudnnTensorStruct, const T1 *, cudnnTensorStruct, T1 *, const float *, const float *, float, float, float *, float *, float *, float *, float, float, cudnn::reduced_divisor, int, cudnn::reduced_divisor, cudnn::detail::bnFwPersistentState *, int, float, float, float, int, float, float, cudnnStatus_t *, bool)",NVIDIA GeForce RTX 2080 Ti,"  512,    1,    1","  512,    1,    1","21,679",17.41,39.04,35.47,38
22,6,bn_fw_tr_1C11_singleread,"void cudnn::detail::bn_fw_tr_1C11_singleread<float, (int)512, (bool)1, (int)1, (int)2, (int)0>(cudnnTensorStruct, const T1 *, cudnnTensorStruct, T1 *, const float *, const float *, float, float, float *, float *, float *, float *, float, float, cudnn::reduced_divisor, int, cudnn::reduced_divisor, cudnn::detail::bnFwPersistentState *, int, float, float, float, int, float, float, cudnnStatus_t *, bool)",NVIDIA GeForce RTX 2080 Ti,"  256,    1,    1","  512,    1,    1","20,836",17.66,34.27,35.64,38
37,6,bn_fw_tr_1C11_singleread,"void cudnn::detail::bn_fw_tr_1C11_singleread<float, (int)512, (bool)1, (int)1, (int)2, (int)0>(cudnnTensorStruct, const T1 *, cudnnTensorStruct, T1 *, const float *, const float *, float, float, float *, float *, float *, float *, float, float, cudnn::reduced_divisor, int, cudnn::reduced_divisor, cudnn::detail::bnFwPersistentState *, int, float, float, float, int, float, float, cudnnStatus_t *, bool)",NVIDIA GeForce RTX 2080 Ti,"  256,    1,    1","  512,    1,    1","20,727",17.34,34.44,57.07,38
18,8,bn_fw_tr_1C11_singleread,"void cudnn::detail::bn_fw_tr_1C11_singleread<float, (int)512, (bool)1, (int)1, (int)2, (int)0>(cudnnTensorStruct, const T1 *, cudnnTensorStruct, T1 *, const float *, const float *, float, float, float *, float *, float *, float *, float, float, cudnn::reduced_divisor, int, cudnn::reduced_divisor, cudnn::detail::bnFwPersistentState *, int, float, float, float, int, float, float, cudnnStatus_t *, bool)",NVIDIA GeForce RTX 2080 Ti,"  256,    1,    1","  512,    1,    1","20,529",19.2,34.81,36.54,38
225,12,bn_fw_tr_1C11_singleread,"void cudnn::detail::bn_fw_tr_1C11_singleread<float, (int)512, (bool)1, (int)1, (int)2, (int)0>(cudnnTensorStruct, const T1 *, cudnnTensorStruct, T1 *, const float *, const float *, float, float, float *, float *, float *, float *, float, float, cudnn::reduced_divisor, int, cudnn::reduced_divisor, cudnn::detail::bnFwPersistentState *, int, float, float, float, int, float, float, cudnnStatus_t *, bool)",NVIDIA GeForce RTX 2080 Ti,"  512,    1,    1","  512,    1,    1","19,266",13.63,31.64,29.77,38
239,12,bn_fw_tr_1C11_singleread,"void cudnn::detail::bn_fw_tr_1C11_singleread<float, (int)512, (bool)1, (int)1, (int)2, (int)0>(cudnnTensorStruct, const T1 *, cudnnTensorStruct, T1 *, const float *, const float *, float, float, float *, float *, float *, float *, float, float, cudnn::reduced_divisor, int, cudnn::reduced_divisor, cudnn::detail::bnFwPersistentState *, int, float, float, float, int, float, float, cudnnStatus_t *, bool)",NVIDIA GeForce RTX 2080 Ti,"  512,    1,    1","  512,    1,    1","18,052",13.6,33.76,31.78,38
230,12,bn_fw_tr_1C11_singleread,"void cudnn::detail::bn_fw_tr_1C11_singleread<float, (int)512, (bool)1, (int)1, (int)2, (int)0>(cudnnTensorStruct, const T1 *, cudnnTensorStruct, T1 *, const float *, const float *, float, float, float *, float *, float *, float *, float, float, cudnn::reduced_divisor, int, cudnn::reduced_divisor, cudnn::detail::bnFwPersistentState *, int, float, float, float, int, float, float, cudnnStatus_t *, bool)",NVIDIA GeForce RTX 2080 Ti,"  512,    1,    1","  512,    1,    1","18,044",13.79,33.77,31.79,38
244,12,bn_fw_tr_1C11_singleread,"void cudnn::detail::bn_fw_tr_1C11_singleread<float, (int)512, (bool)1, (int)1, (int)2, (int)0>(cudnnTensorStruct, const T1 *, cudnnTensorStruct, T1 *, const float *, const float *, float, float, float *, float *, float *, float *, float, float, cudnn::reduced_divisor, int, cudnn::reduced_divisor, cudnn::detail::bnFwPersistentState *, int, float, float, float, int, float, float, cudnnStatus_t *, bool)",NVIDIA GeForce RTX 2080 Ti,"  512,    1,    1","  512,    1,    1","17,719",14.4,34.41,32.4,38
208,12,bn_fw_tr_1C11_singleread,"void cudnn::detail::bn_fw_tr_1C11_singleread<float, (int)512, (bool)1, (int)1, (int)2, (int)0>(cudnnTensorStruct, const T1 *, cudnnTensorStruct, T1 *, const float *, const float *, float, float, float *, float *, float *, float *, float, float, cudnn::reduced_divisor, int, cudnn::reduced_divisor, cudnn::detail::bnFwPersistentState *, int, float, float, float, int, float, float, cudnnStatus_t *, bool)",NVIDIA GeForce RTX 2080 Ti,"  512,    1,    1","  512,    1,    1","17,713",13.86,36.79,34.19,38
213,12,bn_fw_tr_1C11_singleread,"void cudnn::detail::bn_fw_tr_1C11_singleread<float, (int)512, (bool)1, (int)1, (int)2, (int)0>(cudnnTensorStruct, const T1 *, cudnnTensorStruct, T1 *, const float *, const float *, float, float, float *, float *, float *, float *, float, float, cudnn::reduced_divisor, int, cudnn::reduced_divisor, cudnn::detail::bnFwPersistentState *, int, float, float, float, int, float, float, cudnnStatus_t *, bool)",NVIDIA GeForce RTX 2080 Ti,"  512,    1,    1","  512,    1,    1","17,295",14.18,35.25,33.19,38
121,8,bn_fw_tr_1C11_singleread,"void cudnn::detail::bn_fw_tr_1C11_singleread<float, (int)512, (bool)1, (int)1, (int)2, (int)0>(cudnnTensorStruct, const T1 *, cudnnTensorStruct, T1 *, const float *, const float *, float, float, float *, float *, float *, float *, float, float, cudnn::reduced_divisor, int, cudnn::reduced_divisor, cudnn::detail::bnFwPersistentState *, int, float, float, float, int, float, float, cudnnStatus_t *, bool)",NVIDIA GeForce RTX 2080 Ti,"  256,    1,    1","  512,    1,    1","12,645",10.11,33.66,30.26,38
58,9,bn_fw_tr_1C11_singleread,"void cudnn::detail::bn_fw_tr_1C11_singleread<float, (int)512, (bool)1, (int)1, (int)2, (int)0>(cudnnTensorStruct, const T1 *, cudnnTensorStruct, T1 *, const float *, const float *, float, float, float *, float *, float *, float *, float, float, cudnn::reduced_divisor, int, cudnn::reduced_divisor, cudnn::detail::bnFwPersistentState *, int, float, float, float, int, float, float, cudnnStatus_t *, bool)",NVIDIA GeForce RTX 2080 Ti,"  128,    1,    1","  512,    1,    1","12,240",10.21,29.44,47.93,38
152,12,bn_fw_tr_1C11_singleread,"void cudnn::detail::bn_fw_tr_1C11_singleread<float, (int)512, (bool)1, (int)1, (int)2, (int)0>(cudnnTensorStruct, const T1 *, cudnnTensorStruct, T1 *, const float *, const float *, float, float, float *, float *, float *, float *, float, float, cudnn::reduced_divisor, int, cudnn::reduced_divisor, cudnn::detail::bnFwPersistentState *, int, float, float, float, int, float, float, cudnnStatus_t *, bool)",NVIDIA GeForce RTX 2080 Ti,"  256,    1,    1","  512,    1,    1","12,076",8.61,27.3,25,38
157,10,bn_fw_tr_1C11_singleread,"void cudnn::detail::bn_fw_tr_1C11_singleread<float, (int)512, (bool)1, (int)1, (int)2, (int)0>(cudnnTensorStruct, const T1 *, cudnnTensorStruct, T1 *, const float *, const float *, float, float, float *, float *, float *, float *, float, float, cudnn::reduced_divisor, int, cudnn::reduced_divisor, cudnn::detail::bnFwPersistentState *, int, float, float, float, int, float, float, cudnnStatus_t *, bool)",NVIDIA GeForce RTX 2080 Ti,"  256,    1,    1","  512,    1,    1","11,270",8.61,29.26,26.79,38
185,12,bn_fw_tr_1C11_singleread,"void cudnn::detail::bn_fw_tr_1C11_singleread<float, (int)512, (bool)1, (int)1, (int)2, (int)0>(cudnnTensorStruct, const T1 *, cudnnTensorStruct, T1 *, const float *, const float *, float, float, float *, float *, float *, float *, float, float, cudnn::reduced_divisor, int, cudnn::reduced_divisor, cudnn::detail::bnFwPersistentState *, int, float, float, float, int, float, float, cudnnStatus_t *, bool)",NVIDIA GeForce RTX 2080 Ti,"  256,    1,    1","  512,    1,    1","10,682",8.54,30.85,28.31,38
194,10,bn_fw_tr_1C11_singleread,"void cudnn::detail::bn_fw_tr_1C11_singleread<float, (int)512, (bool)1, (int)1, (int)2, (int)0>(cudnnTensorStruct, const T1 *, cudnnTensorStruct, T1 *, const float *, const float *, float, float, float *, float *, float *, float *, float, float, cudnn::reduced_divisor, int, cudnn::reduced_divisor, cudnn::detail::bnFwPersistentState *, int, float, float, float, int, float, float, cudnnStatus_t *, bool)",NVIDIA GeForce RTX 2080 Ti,"  256,    1,    1","  512,    1,    1","10,573",8.67,31.15,28.58,38
180,12,bn_fw_tr_1C11_singleread,"void cudnn::detail::bn_fw_tr_1C11_singleread<float, (int)512, (bool)1, (int)1, (int)2, (int)0>(cudnnTensorStruct, const T1 *, cudnnTensorStruct, T1 *, const float *, const float *, float, float, float *, float *, float *, float *, float, float, cudnn::reduced_divisor, int, cudnn::reduced_divisor, cudnn::detail::bnFwPersistentState *, int, float, float, float, int, float, float, cudnnStatus_t *, bool)",NVIDIA GeForce RTX 2080 Ti,"  256,    1,    1","  512,    1,    1","10,523",9.79,31.3,28.72,38
199,10,bn_fw_tr_1C11_singleread,"void cudnn::detail::bn_fw_tr_1C11_singleread<float, (int)512, (bool)1, (int)1, (int)2, (int)0>(cudnnTensorStruct, const T1 *, cudnnTensorStruct, T1 *, const float *, const float *, float, float, float *, float *, float *, float *, float, float, cudnn::reduced_divisor, int, cudnn::reduced_divisor, cudnn::detail::bnFwPersistentState *, int, float, float, float, int, float, float, cudnnStatus_t *, bool)",NVIDIA GeForce RTX 2080 Ti,"  256,    1,    1","  512,    1,    1","10,513",9.41,31.26,28.68,38
125,10,bn_fw_tr_1C11_singleread,"void cudnn::detail::bn_fw_tr_1C11_singleread<float, (int)512, (bool)1, (int)1, (int)2, (int)0>(cudnnTensorStruct, const T1 *, cudnnTensorStruct, T1 *, const float *, const float *, float, float, float *, float *, float *, float *, float, float, cudnn::reduced_divisor, int, cudnn::reduced_divisor, cudnn::detail::bnFwPersistentState *, int, float, float, float, int, float, float, cudnnStatus_t *, bool)",NVIDIA GeForce RTX 2080 Ti,"  256,    1,    1","  512,    1,    1","10,482",8.61,31.45,28.86,38
143,10,bn_fw_tr_1C11_singleread,"void cudnn::detail::bn_fw_tr_1C11_singleread<float, (int)512, (bool)1, (int)1, (int)2, (int)0>(cudnnTensorStruct, const T1 *, cudnnTensorStruct, T1 *, const float *, const float *, float, float, float *, float *, float *, float *, float, float, cudnn::reduced_divisor, int, cudnn::reduced_divisor, cudnn::detail::bnFwPersistentState *, int, float, float, float, int, float, float, cudnnStatus_t *, bool)",NVIDIA GeForce RTX 2080 Ti,"  256,    1,    1","  512,    1,    1","10,475",8.64,31.49,28.89,38
138,12,bn_fw_tr_1C11_singleread,"void cudnn::detail::bn_fw_tr_1C11_singleread<float, (int)512, (bool)1, (int)1, (int)2, (int)0>(cudnnTensorStruct, const T1 *, cudnnTensorStruct, T1 *, const float *, const float *, float, float, float *, float *, float *, float *, float, float, cudnn::reduced_divisor, int, cudnn::reduced_divisor, cudnn::detail::bnFwPersistentState *, int, float, float, float, int, float, float, cudnnStatus_t *, bool)",NVIDIA GeForce RTX 2080 Ti,"  256,    1,    1","  512,    1,    1","10,467",9.38,31.47,28.88,38
171,10,bn_fw_tr_1C11_singleread,"void cudnn::detail::bn_fw_tr_1C11_singleread<float, (int)512, (bool)1, (int)1, (int)2, (int)0>(cudnnTensorStruct, const T1 *, cudnnTensorStruct, T1 *, const float *, const float *, float, float, float *, float *, float *, float *, float, float, cudnn::reduced_divisor, int, cudnn::reduced_divisor, cudnn::detail::bnFwPersistentState *, int, float, float, float, int, float, float, cudnnStatus_t *, bool)",NVIDIA GeForce RTX 2080 Ti,"  256,    1,    1","  512,    1,    1","10,398",9.73,31.71,29.1,38
166,12,bn_fw_tr_1C11_singleread,"void cudnn::detail::bn_fw_tr_1C11_singleread<float, (int)512, (bool)1, (int)1, (int)2, (int)0>(cudnnTensorStruct, const T1 *, cudnnTensorStruct, T1 *, const float *, const float *, float, float, float *, float *, float *, float *, float, float, cudnn::reduced_divisor, int, cudnn::reduced_divisor, cudnn::detail::bnFwPersistentState *, int, float, float, float, int, float, float, cudnnStatus_t *, bool)",NVIDIA GeForce RTX 2080 Ti,"  256,    1,    1","  512,    1,    1","10,339",8.96,31.78,29.16,38
47,7,bn_fw_tr_1C11_singleread,"void cudnn::detail::bn_fw_tr_1C11_singleread<float, (int)512, (bool)1, (int)1, (int)2, (int)0>(cudnnTensorStruct, const T1 *, cudnnTensorStruct, T1 *, const float *, const float *, float, float, float *, float *, float *, float *, float, float, cudnn::reduced_divisor, int, cudnn::reduced_divisor, cudnn::detail::bnFwPersistentState *, int, float, float, float, int, float, float, cudnnStatus_t *, bool)",NVIDIA GeForce RTX 2080 Ti,"   64,    1,    1","  512,    1,    1","9,864",7.81,18.2,17.03,38
32,7,bn_fw_tr_1C11_singleread,"void cudnn::detail::bn_fw_tr_1C11_singleread<float, (int)512, (bool)1, (int)1, (int)2, (int)0>(cudnnTensorStruct, const T1 *, cudnnTensorStruct, T1 *, const float *, const float *, float, float, float *, float *, float *, float *, float, float, cudnn::reduced_divisor, int, cudnn::reduced_divisor, cudnn::detail::bnFwPersistentState *, int, float, float, float, int, float, float, cudnnStatus_t *, bool)",NVIDIA GeForce RTX 2080 Ti,"   64,    1,    1","  512,    1,    1","9,503",8.03,18.9,18.14,38
13,7,bn_fw_tr_1C11_singleread,"void cudnn::detail::bn_fw_tr_1C11_singleread<float, (int)512, (bool)1, (int)1, (int)2, (int)0>(cudnnTensorStruct, const T1 *, cudnnTensorStruct, T1 *, const float *, const float *, float, float, float *, float *, float *, float *, float, float, cudnn::reduced_divisor, int, cudnn::reduced_divisor, cudnn::detail::bnFwPersistentState *, int, float, float, float, int, float, float, cudnnStatus_t *, bool)",NVIDIA GeForce RTX 2080 Ti,"   64,    1,    1","  512,    1,    1","9,496",7.87,18.96,17.87,38
8,7,bn_fw_tr_1C11_singleread,"void cudnn::detail::bn_fw_tr_1C11_singleread<float, (int)512, (bool)1, (int)1, (int)2, (int)0>(cudnnTensorStruct, const T1 *, cudnnTensorStruct, T1 *, const float *, const float *, float, float, float *, float *, float *, float *, float, float, cudnn::reduced_divisor, int, cudnn::reduced_divisor, cudnn::detail::bnFwPersistentState *, int, float, float, float, int, float, float, cudnnStatus_t *, bool)",NVIDIA GeForce RTX 2080 Ti,"   64,    1,    1","  512,    1,    1","9,438",7.81,19.04,18.11,38
42,7,bn_fw_tr_1C11_singleread,"void cudnn::detail::bn_fw_tr_1C11_singleread<float, (int)512, (bool)1, (int)1, (int)2, (int)0>(cudnnTensorStruct, const T1 *, cudnnTensorStruct, T1 *, const float *, const float *, float, float, float *, float *, float *, float *, float, float, cudnn::reduced_divisor, int, cudnn::reduced_divisor, cudnn::detail::bnFwPersistentState *, int, float, float, float, int, float, float, cudnnStatus_t *, bool)",NVIDIA GeForce RTX 2080 Ti,"   64,    1,    1","  512,    1,    1","9,394",7.87,19.13,18.06,38
27,7,bn_fw_tr_1C11_singleread,"void cudnn::detail::bn_fw_tr_1C11_singleread<float, (int)512, (bool)1, (int)1, (int)2, (int)0>(cudnnTensorStruct, const T1 *, cudnnTensorStruct, T1 *, const float *, const float *, float, float, float *, float *, float *, float *, float, float, cudnn::reduced_divisor, int, cudnn::reduced_divisor, cudnn::detail::bnFwPersistentState *, int, float, float, float, int, float, float, cudnnStatus_t *, bool)",NVIDIA GeForce RTX 2080 Ti,"   64,    1,    1","  512,    1,    1","9,361",7.87,19.19,17.99,38
96,9,bn_fw_tr_1C11_singleread,"void cudnn::detail::bn_fw_tr_1C11_singleread<float, (int)512, (bool)1, (int)1, (int)2, (int)0>(cudnnTensorStruct, const T1 *, cudnnTensorStruct, T1 *, const float *, const float *, float, float, float *, float *, float *, float *, float, float, cudnn::reduced_divisor, int, cudnn::reduced_divisor, cudnn::detail::bnFwPersistentState *, int, float, float, float, int, float, float, cudnnStatus_t *, bool)",NVIDIA GeForce RTX 2080 Ti,"  128,    1,    1","  512,    1,    1","8,509",7.78,25.38,22.39,38
76,9,bn_fw_tr_1C11_singleread,"void cudnn::detail::bn_fw_tr_1C11_singleread<float, (int)512, (bool)1, (int)1, (int)2, (int)0>(cudnnTensorStruct, const T1 *, cudnnTensorStruct, T1 *, const float *, const float *, float, float, float *, float *, float *, float *, float, float, cudnn::reduced_divisor, int, cudnn::reduced_divisor, cudnn::detail::bnFwPersistentState *, int, float, float, float, int, float, float, cudnnStatus_t *, bool)",NVIDIA GeForce RTX 2080 Ti,"  128,    1,    1","  512,    1,    1","8,103",6.56,26.68,23.53,38
91,9,bn_fw_tr_1C11_singleread,"void cudnn::detail::bn_fw_tr_1C11_singleread<float, (int)512, (bool)1, (int)1, (int)2, (int)0>(cudnnTensorStruct, const T1 *, cudnnTensorStruct, T1 *, const float *, const float *, float, float, float *, float *, float *, float *, float, float, cudnn::reduced_divisor, int, cudnn::reduced_divisor, cudnn::detail::bnFwPersistentState *, int, float, float, float, int, float, float, cudnnStatus_t *, bool)",NVIDIA GeForce RTX 2080 Ti,"  128,    1,    1","  512,    1,    1","7,851",6.46,27.53,24.29,38
111,9,bn_fw_tr_1C11_singleread,"void cudnn::detail::bn_fw_tr_1C11_singleread<float, (int)512, (bool)1, (int)1, (int)2, (int)0>(cudnnTensorStruct, const T1 *, cudnnTensorStruct, T1 *, const float *, const float *, float, float, float *, float *, float *, float *, float, float, cudnn::reduced_divisor, int, cudnn::reduced_divisor, cudnn::detail::bnFwPersistentState *, int, float, float, float, int, float, float, cudnnStatus_t *, bool)",NVIDIA GeForce RTX 2080 Ti,"  128,    1,    1","  512,    1,    1","7,807",6.62,27.72,24.46,38
81,9,bn_fw_tr_1C11_singleread,"void cudnn::detail::bn_fw_tr_1C11_singleread<float, (int)512, (bool)1, (int)1, (int)2, (int)0>(cudnnTensorStruct, const T1 *, cudnnTensorStruct, T1 *, const float *, const float *, float, float, float *, float *, float *, float *, float, float, cudnn::reduced_divisor, int, cudnn::reduced_divisor, cudnn::detail::bnFwPersistentState *, int, float, float, float, int, float, float, cudnnStatus_t *, bool)",NVIDIA GeForce RTX 2080 Ti,"  128,    1,    1","  512,    1,    1","7,725",6.59,27.99,24.7,38
62,9,bn_fw_tr_1C11_singleread,"void cudnn::detail::bn_fw_tr_1C11_singleread<float, (int)512, (bool)1, (int)1, (int)2, (int)0>(cudnnTensorStruct, const T1 *, cudnnTensorStruct, T1 *, const float *, const float *, float, float, float *, float *, float *, float *, float, float, cudnn::reduced_divisor, int, cudnn::reduced_divisor, cudnn::detail::bnFwPersistentState *, int, float, float, float, int, float, float, cudnnStatus_t *, bool)",NVIDIA GeForce RTX 2080 Ti,"  128,    1,    1","  512,    1,    1","7,723",6.53,28.01,24.7,38
211,13,explicit_convolve_sgemm,"void cudnn::detail::explicit_convolve_sgemm<float, int, (int)128, (int)5, (int)5, (int)3, (int)3, (int)3, (int)0, (bool)1>(int, int, int, const T1 *, int, const T1 *, int, T1 *, kernel_conv_params, int, int, float, float, int, T1 *, T1 *)",NVIDIA GeForce RTX 2080 Ti,"    2,   16,    1","    8,    8,    1","398,048",304.32,8.74,8.07,70
123,13,implicit_convolve_sgemm,"void cudnn::detail::implicit_convolve_sgemm<float, float, (int)1024, (int)5, (int)5, (int)3, (int)3, (int)3, (int)1, (bool)1, (bool)0, (bool)1>(int, int, int, const T1 *, int, T2 *, T1 *, kernel_conv_params, int, float, float, int, T2 *, T2 *, int, int)",NVIDIA GeForce RTX 2080 Ti,"    7,    8,    1","    8,    8,    1","216,276",163.55,17.64,16.39,63
237,13,implicit_convolve_sgemm,"void cudnn::detail::implicit_convolve_sgemm<float, float, (int)1024, (int)5, (int)5, (int)3, (int)3, (int)3, (int)1, (bool)1, (bool)0, (bool)1>(int, int, int, const T1 *, int, T2 *, T1 *, kernel_conv_params, int, float, float, int, T2 *, T2 *, int, int)",NVIDIA GeForce RTX 2080 Ti,"    2,   16,    1","    8,    8,    1","194,009",145.5,9.98,8.19,63
223,13,implicit_convolve_sgemm,"void cudnn::detail::implicit_convolve_sgemm<float, float, (int)1024, (int)5, (int)5, (int)3, (int)3, (int)3, (int)1, (bool)1, (bool)0, (bool)1>(int, int, int, const T1 *, int, T2 *, T1 *, kernel_conv_params, int, float, float, int, T2 *, T2 *, int, int)",NVIDIA GeForce RTX 2080 Ti,"    2,   16,    1","    8,    8,    1","193,867",146.5,9.98,8.19,63
60,13,implicit_convolve_sgemm,"void cudnn::detail::implicit_convolve_sgemm<float, float, (int)1024, (int)5, (int)5, (int)3, (int)3, (int)3, (int)1, (bool)1, (bool)0, (bool)1>(int, int, int, const T1 *, int, T2 *, T1 *, kernel_conv_params, int, float, float, int, T2 *, T2 *, int, int)",NVIDIA GeForce RTX 2080 Ti,"   25,    4,    1","    8,    8,    1","143,897",105.98,23.76,21.61,63
218,14,implicit_convolve_sgemm,"void cudnn::detail::implicit_convolve_sgemm<float, float, (int)1024, (int)5, (int)5, (int)3, (int)3, (int)3, (int)1, (bool)1, (bool)0, (bool)1>(int, int, int, const T1 *, int, T2 *, T1 *, kernel_conv_params, int, float, float, int, T2 *, T2 *, int, int)",NVIDIA GeForce RTX 2080 Ti,"    2,   64,    1","    8,    8,    1","126,975",95.1,30.76,33.37,63
206,13,implicit_convolve_sgemm,"void cudnn::detail::implicit_convolve_sgemm<float, float, (int)1024, (int)5, (int)5, (int)3, (int)3, (int)3, (int)1, (bool)1, (bool)0, (bool)1>(int, int, int, const T1 *, int, T2 *, T1 *, kernel_conv_params, int, float, float, int, T2 *, T2 *, int, int)",NVIDIA GeForce RTX 2080 Ti,"    7,   16,    1","    8,    8,    1","123,391",93.12,27.66,22.5,63
192,13,implicit_convolve_sgemm,"void cudnn::detail::implicit_convolve_sgemm<float, float, (int)1024, (int)5, (int)5, (int)3, (int)3, (int)3, (int)1, (bool)1, (bool)0, (bool)1>(int, int, int, const T1 *, int, T2 *, T1 *, kernel_conv_params, int, float, float, int, T2 *, T2 *, int, int)",NVIDIA GeForce RTX 2080 Ti,"    7,    8,    1","    8,    8,    1","99,069",73.7,17.17,13.81,63
164,13,implicit_convolve_sgemm,"void cudnn::detail::implicit_convolve_sgemm<float, float, (int)1024, (int)5, (int)5, (int)3, (int)3, (int)3, (int)1, (bool)1, (bool)0, (bool)1>(int, int, int, const T1 *, int, T2 *, T1 *, kernel_conv_params, int, float, float, int, T2 *, T2 *, int, int)",NVIDIA GeForce RTX 2080 Ti,"    7,    8,    1","    8,    8,    1","98,346",75.78,17.31,13.92,63
178,13,implicit_convolve_sgemm,"void cudnn::detail::implicit_convolve_sgemm<float, float, (int)1024, (int)5, (int)5, (int)3, (int)3, (int)3, (int)1, (bool)1, (bool)0, (bool)1>(int, int, int, const T1 *, int, T2 *, T1 *, kernel_conv_params, int, float, float, int, T2 *, T2 *, int, int)",NVIDIA GeForce RTX 2080 Ti,"    7,    8,    1","    8,    8,    1","98,180",73.22,17.33,13.93,63
136,13,implicit_convolve_sgemm,"void cudnn::detail::implicit_convolve_sgemm<float, float, (int)1024, (int)5, (int)5, (int)3, (int)3, (int)3, (int)1, (bool)1, (bool)0, (bool)1>(int, int, int, const T1 *, int, T2 *, T1 *, kernel_conv_params, int, float, float, int, T2 *, T2 *, int, int)",NVIDIA GeForce RTX 2080 Ti,"    7,    8,    1","    8,    8,    1","96,748",73.22,17.59,14.14,63
150,13,implicit_convolve_sgemm,"void cudnn::detail::implicit_convolve_sgemm<float, float, (int)1024, (int)5, (int)5, (int)3, (int)3, (int)3, (int)1, (bool)1, (bool)0, (bool)1>(int, int, int, const T1 *, int, T2 *, T1 *, kernel_conv_params, int, float, float, int, T2 *, T2 *, int, int)",NVIDIA GeForce RTX 2080 Ti,"    7,    8,    1","    8,    8,    1","96,565",75.3,17.59,14.15,63
119,12,implicit_convolve_sgemm,"void cudnn::detail::implicit_convolve_sgemm<float, float, (int)1024, (int)5, (int)5, (int)3, (int)3, (int)3, (int)1, (bool)1, (bool)0, (bool)1>(int, int, int, const T1 *, int, T2 *, T1 *, kernel_conv_params, int, float, float, int, T2 *, T2 *, int, int)",NVIDIA GeForce RTX 2080 Ti,"   25,    8,    1","    8,    8,    1","71,090",53.12,43.21,35.13,63
215,13,implicit_convolve_sgemm,"void cudnn::detail::implicit_convolve_sgemm<float, float, (int)1024, (int)5, (int)5, (int)3, (int)3, (int)3, (int)1, (bool)1, (bool)0, (bool)1>(int, int, int, const T1 *, int, T2 *, T1 *, kernel_conv_params, int, float, float, int, T2 *, T2 *, int, int)",NVIDIA GeForce RTX 2080 Ti,"    2,   64,    1","    8,    8,    1","68,734",51.23,28.58,24.19,63
232,13,implicit_convolve_sgemm,"void cudnn::detail::implicit_convolve_sgemm<float, float, (int)1024, (int)5, (int)5, (int)3, (int)3, (int)3, (int)1, (bool)1, (bool)0, (bool)1>(int, int, int, const T1 *, int, T2 *, T1 *, kernel_conv_params, int, float, float, int, T2 *, T2 *, int, int)",NVIDIA GeForce RTX 2080 Ti,"    2,   64,    1","    8,    8,    1","67,721",51.07,29.04,24.52,63
246,13,implicit_convolve_sgemm,"void cudnn::detail::implicit_convolve_sgemm<float, float, (int)1024, (int)5, (int)5, (int)3, (int)3, (int)3, (int)1, (bool)1, (bool)0, (bool)1>(int, int, int, const T1 *, int, T2 *, T1 *, kernel_conv_params, int, float, float, int, T2 *, T2 *, int, int)",NVIDIA GeForce RTX 2080 Ti,"    2,   64,    1","    8,    8,    1","67,257",51.14,29.24,24.68,63
104,13,implicit_convolve_sgemm,"void cudnn::detail::implicit_convolve_sgemm<float, float, (int)1024, (int)5, (int)5, (int)3, (int)3, (int)3, (int)1, (bool)1, (bool)0, (bool)1>(int, int, int, const T1 *, int, T2 *, T1 *, kernel_conv_params, int, float, float, int, T2 *, T2 *, int, int)",NVIDIA GeForce RTX 2080 Ti,"   25,    4,    1","    8,    8,    1","66,720",48.86,22.9,18.48,63
89,13,implicit_convolve_sgemm,"void cudnn::detail::implicit_convolve_sgemm<float, float, (int)1024, (int)5, (int)5, (int)3, (int)3, (int)3, (int)1, (bool)1, (bool)0, (bool)1>(int, int, int, const T1 *, int, T2 *, T1 *, kernel_conv_params, int, float, float, int, T2 *, T2 *, int, int)",NVIDIA GeForce RTX 2080 Ti,"   25,    4,    1","    8,    8,    1","66,506",49.38,23.04,18.58,63
74,13,implicit_convolve_sgemm,"void cudnn::detail::implicit_convolve_sgemm<float, float, (int)1024, (int)5, (int)5, (int)3, (int)3, (int)3, (int)1, (bool)1, (bool)0, (bool)1>(int, int, int, const T1 *, int, T2 *, T1 *, kernel_conv_params, int, float, float, int, T2 *, T2 *, int, int)",NVIDIA GeForce RTX 2080 Ti,"   25,    4,    1","    8,    8,    1","65,561",49.28,23.38,18.9,63
201,10,implicit_convolve_sgemm,"void cudnn::detail::implicit_convolve_sgemm<float, float, (int)1024, (int)5, (int)5, (int)3, (int)3, (int)3, (int)1, (bool)1, (bool)0, (bool)1>(int, int, int, const T1 *, int, T2 *, T1 *, kernel_conv_params, int, float, float, int, T2 *, T2 *, int, int)",NVIDIA GeForce RTX 2080 Ti,"    7,   32,    1","    8,    8,    1","46,365",36.06,37.56,31.45,63
173,10,implicit_convolve_sgemm,"void cudnn::detail::implicit_convolve_sgemm<float, float, (int)1024, (int)5, (int)5, (int)3, (int)3, (int)3, (int)1, (bool)1, (bool)0, (bool)1>(int, int, int, const T1 *, int, T2 *, T1 *, kernel_conv_params, int, float, float, int, T2 *, T2 *, int, int)",NVIDIA GeForce RTX 2080 Ti,"    7,   32,    1","    8,    8,    1","44,163",34.53,39.42,33,63
187,10,implicit_convolve_sgemm,"void cudnn::detail::implicit_convolve_sgemm<float, float, (int)1024, (int)5, (int)5, (int)3, (int)3, (int)3, (int)1, (bool)1, (bool)0, (bool)1>(int, int, int, const T1 *, int, T2 *, T1 *, kernel_conv_params, int, float, float, int, T2 *, T2 *, int, int)",NVIDIA GeForce RTX 2080 Ti,"    7,   32,    1","    8,    8,    1","44,133",34.72,39.48,33.05,63
127,10,implicit_convolve_sgemm,"void cudnn::detail::implicit_convolve_sgemm<float, float, (int)1024, (int)5, (int)5, (int)3, (int)3, (int)3, (int)1, (bool)1, (bool)0, (bool)1>(int, int, int, const T1 *, int, T2 *, T1 *, kernel_conv_params, int, float, float, int, T2 *, T2 *, int, int)",NVIDIA GeForce RTX 2080 Ti,"    7,   32,    1","    8,    8,    1","43,881",33.73,39.67,33.22,63
159,10,implicit_convolve_sgemm,"void cudnn::detail::implicit_convolve_sgemm<float, float, (int)1024, (int)5, (int)5, (int)3, (int)3, (int)3, (int)1, (bool)1, (bool)0, (bool)1>(int, int, int, const T1 *, int, T2 *, T1 *, kernel_conv_params, int, float, float, int, T2 *, T2 *, int, int)",NVIDIA GeForce RTX 2080 Ti,"    7,   32,    1","    8,    8,    1","43,716",34.27,39.82,33.36,63
145,10,implicit_convolve_sgemm,"void cudnn::detail::implicit_convolve_sgemm<float, float, (int)1024, (int)5, (int)5, (int)3, (int)3, (int)3, (int)1, (bool)1, (bool)0, (bool)1>(int, int, int, const T1 *, int, T2 *, T1 *, kernel_conv_params, int, float, float, int, T2 *, T2 *, int, int)",NVIDIA GeForce RTX 2080 Ti,"    7,   32,    1","    8,    8,    1","43,511",34.08,39.99,33.52,63
40,11,implicit_convolve_sgemm,"void cudnn::detail::implicit_convolve_sgemm<float, float, (int)1024, (int)5, (int)5, (int)3, (int)3, (int)3, (int)1, (bool)1, (bool)0, (bool)1>(int, int, int, const T1 *, int, T2 *, T1 *, kernel_conv_params, int, float, float, int, T2 *, T2 *, int, int)",NVIDIA GeForce RTX 2080 Ti,"   98,    2,    1","    8,    8,    1","39,677",29.98,38.66,31.57,63
25,11,implicit_convolve_sgemm,"void cudnn::detail::implicit_convolve_sgemm<float, float, (int)1024, (int)5, (int)5, (int)3, (int)3, (int)3, (int)1, (bool)1, (bool)0, (bool)1>(int, int, int, const T1 *, int, T2 *, T1 *, kernel_conv_params, int, float, float, int, T2 *, T2 *, int, int)",NVIDIA GeForce RTX 2080 Ti,"   98,    2,    1","    8,    8,    1","39,052",31.14,39.06,31.9,63
6,11,implicit_convolve_sgemm,"void cudnn::detail::implicit_convolve_sgemm<float, float, (int)1024, (int)5, (int)5, (int)3, (int)3, (int)3, (int)1, (bool)1, (bool)0, (bool)1>(int, int, int, const T1 *, int, T2 *, T1 *, kernel_conv_params, int, float, float, int, T2 *, T2 *, int, int)",NVIDIA GeForce RTX 2080 Ti,"   98,    2,    1","    8,    8,    1","15,656",12.83,25.52,28.84,63
227,10,generateWinogradTilesKernel,"void cudnn::winograd::generateWinogradTilesKernel<(int)0, float, float>(cudnn::winograd::GenerateWinogradTilesParams<T2, T3>)",NVIDIA GeForce RTX 2080 Ti,"   16,  128,    1","   32,    4,    1","76,771",57.5,14.22,69.73,62
241,10,generateWinogradTilesKernel,"void cudnn::winograd::generateWinogradTilesKernel<(int)0, float, float>(cudnn::winograd::GenerateWinogradTilesParams<T2, T3>)",NVIDIA GeForce RTX 2080 Ti,"   16,  128,    1","   32,    4,    1","68,281",56.64,16.25,69.28,62
196,11,generateWinogradTilesKernel,"void cudnn::winograd::generateWinogradTilesKernel<(int)0, float, float>(cudnn::winograd::GenerateWinogradTilesParams<T2, T3>)",NVIDIA GeForce RTX 2080 Ti,"    8,   64,    1","   32,    4,    1","18,248",14.78,15.04,64.58,62
154,11,generateWinogradTilesKernel,"void cudnn::winograd::generateWinogradTilesKernel<(int)0, float, float>(cudnn::winograd::GenerateWinogradTilesParams<T2, T3>)",NVIDIA GeForce RTX 2080 Ti,"    8,   64,    1","   32,    4,    1","17,316",11.68,15.83,42.44,62
140,11,generateWinogradTilesKernel,"void cudnn::winograd::generateWinogradTilesKernel<(int)0, float, float>(cudnn::winograd::GenerateWinogradTilesParams<T2, T3>)",NVIDIA GeForce RTX 2080 Ti,"    8,   64,    1","   32,    4,    1","12,174",14.88,22.6,59.74,62
168,11,generateWinogradTilesKernel,"void cudnn::winograd::generateWinogradTilesKernel<(int)0, float, float>(cudnn::winograd::GenerateWinogradTilesParams<T2, T3>)",NVIDIA GeForce RTX 2080 Ti,"    8,   64,    1","   32,    4,    1","11,907",12.26,23.12,98.31,62
182,13,generateWinogradTilesKernel,"void cudnn::winograd::generateWinogradTilesKernel<(int)0, float, float>(cudnn::winograd::GenerateWinogradTilesParams<T2, T3>)",NVIDIA GeForce RTX 2080 Ti,"    8,   64,    1","   32,    4,    1","11,784",14.4,23.35,98.55,62
108,13,generateWinogradTilesKernel,"void cudnn::winograd::generateWinogradTilesKernel<(int)0, float, float>(cudnn::winograd::GenerateWinogradTilesParams<T2, T3>)",NVIDIA GeForce RTX 2080 Ti,"    4,   32,    1","   32,    4,    1","5,658",5.02,12.15,23.35,62
78,13,generateWinogradTilesKernel,"void cudnn::winograd::generateWinogradTilesKernel<(int)0, float, float>(cudnn::winograd::GenerateWinogradTilesParams<T2, T3>)",NVIDIA GeForce RTX 2080 Ti,"    4,   32,    1","   32,    4,    1","5,514",4.86,12.38,24.37,62
93,13,generateWinogradTilesKernel,"void cudnn::winograd::generateWinogradTilesKernel<(int)0, float, float>(cudnn::winograd::GenerateWinogradTilesParams<T2, T3>)",NVIDIA GeForce RTX 2080 Ti,"    4,   32,    1","   32,    4,    1","5,478",4.83,12.46,24.18,62
10,11,generateWinogradTilesKernel,"void cudnn::winograd::generateWinogradTilesKernel<(int)0, float, float>(cudnn::winograd::GenerateWinogradTilesParams<T2, T3>)",NVIDIA GeForce RTX 2080 Ti,"    2,   16,    1","   32,    4,    1","3,993",3.55,4.26,8.95,62
29,11,generateWinogradTilesKernel,"void cudnn::winograd::generateWinogradTilesKernel<(int)0, float, float>(cudnn::winograd::GenerateWinogradTilesParams<T2, T3>)",NVIDIA GeForce RTX 2080 Ti,"    2,   16,    1","   32,    4,    1","3,896",4.8,4.36,9.37,62
44,13,generateWinogradTilesKernel,"void cudnn::winograd::generateWinogradTilesKernel<(int)0, float, float>(cudnn::winograd::GenerateWinogradTilesParams<T2, T3>)",NVIDIA GeForce RTX 2080 Ti,"    2,   16,    1","   32,    4,    1","3,860",3.49,4.4,9.26,62
252,14,gemv2T_kernel_val,"void gemv2T_kernel_val<int, int, float, float, float, (int)128, (int)16, (int)4, (int)4, (bool)0, cublasGemvParams<cublasGemvTensorStridedBatched<const float>, cublasGemvTensorStridedBatched<float>, float>>(T11, T5, T5)",NVIDIA GeForce RTX 2080 Ti,"  125,    1,    1","  128,    1,    1","26,088",22.98,17.43,66.37,52
210,14,im2col4d_kernel,"void im2col4d_kernel<float, int>(im2col4d_params, cudnnConvolutionStruct, cudnnTensor4dStruct, const T1 *, T1 *, int)",NVIDIA GeForce RTX 2080 Ti,"    1,   19,    1","  512,    1,    1","73,662",53.73,1.14,1.92,30
131,13,volta_scudnn_128x64_relu_interior_nn_v1,volta_scudnn_128x64_relu_interior_nn_v1,NVIDIA GeForce RTX 2080 Ti,"    2,   16,    1","  128,    1,    1","92,482",69.12,33.73,16.42,128
69,13,volta_scudnn_128x64_relu_interior_nn_v1,volta_scudnn_128x64_relu_interior_nn_v1,NVIDIA GeForce RTX 2080 Ti,"    7,    8,    1","  128,    1,    1","54,414",41.28,50.84,25.73,128
56,10,volta_scudnn_128x64_relu_interior_nn_v1,volta_scudnn_128x64_relu_interior_nn_v1,NVIDIA GeForce RTX 2080 Ti,"   25,    2,    1","  128,    1,    1","51,314",40.26,48.12,23.7,128
114,11,volta_scudnn_128x64_relu_interior_nn_v1,volta_scudnn_128x64_relu_interior_nn_v1,NVIDIA GeForce RTX 2080 Ti,"    7,    8,    1","  128,    1,    1","32,273",24.35,43.32,23.67,128
65,11,volta_scudnn_128x64_relu_interior_nn_v1,volta_scudnn_128x64_relu_interior_nn_v1,NVIDIA GeForce RTX 2080 Ti,"    7,    8,    1","  128,    1,    1","32,212",25.15,43.43,23.73,128
84,11,volta_scudnn_128x64_relu_interior_nn_v1,volta_scudnn_128x64_relu_interior_nn_v1,NVIDIA GeForce RTX 2080 Ti,"    7,    8,    1","  128,    1,    1","31,958",24.35,43.77,23.92,128
99,11,volta_scudnn_128x64_relu_interior_nn_v1,volta_scudnn_128x64_relu_interior_nn_v1,NVIDIA GeForce RTX 2080 Ti,"    7,    8,    1","  128,    1,    1","31,947",25.06,43.81,23.94,128
20,10,volta_scudnn_128x64_relu_interior_nn_v1,volta_scudnn_128x64_relu_interior_nn_v1,NVIDIA GeForce RTX 2080 Ti,"   25,    4,    1","  128,    1,    1","31,293",23.97,40.34,26.28,128
35,10,volta_scudnn_128x64_relu_interior_nn_v1,volta_scudnn_128x64_relu_interior_nn_v1,NVIDIA GeForce RTX 2080 Ti,"   25,    4,    1","  128,    1,    1","31,257",24.03,40.42,26.34,128
50,10,volta_scudnn_128x64_relu_interior_nn_v1,volta_scudnn_128x64_relu_interior_nn_v1,NVIDIA GeForce RTX 2080 Ti,"   25,    4,    1","  128,    1,    1","31,114",23.78,40.6,26.46,128
16,10,volta_scudnn_128x64_relu_interior_nn_v1,volta_scudnn_128x64_relu_interior_nn_v1,NVIDIA GeForce RTX 2080 Ti,"   25,    4,    1","  128,    1,    1","30,892",24.03,40.89,26.64,128
1,10,volta_scudnn_128x64_relu_medium_nn_v1,volta_scudnn_128x64_relu_medium_nn_v1,NVIDIA GeForce RTX 2080 Ti,"   98,    1,    1","  128,    1,    1","59,956",46.05,48.04,25.57,128
242,11,volta_scudnn_winograd_128x128_ldg1_ldg4_relu_tile148t_nt_v1,volta_scudnn_winograd_128x128_ldg1_ldg4_relu_tile148t_nt_v1,NVIDIA GeForce RTX 2080 Ti,"   16,    1,    1","  256,    1,    1","173,798",128.54,19.01,20.6,126
228,11,volta_scudnn_winograd_128x128_ldg1_ldg4_relu_tile148t_nt_v1,volta_scudnn_winograd_128x128_ldg1_ldg4_relu_tile148t_nt_v1,NVIDIA GeForce RTX 2080 Ti,"   16,    1,    1","  256,    1,    1","171,264",138.05,19.24,20.79,126
183,9,volta_scudnn_winograd_128x128_ldg1_ldg4_relu_tile148t_nt_v1,volta_scudnn_winograd_128x128_ldg1_ldg4_relu_tile148t_nt_v1,NVIDIA GeForce RTX 2080 Ti,"    8,    2,    1","  256,    1,    1","92,427",68,17.95,12.23,126
197,9,volta_scudnn_winograd_128x128_ldg1_ldg4_relu_tile148t_nt_v1,volta_scudnn_winograd_128x128_ldg1_ldg4_relu_tile148t_nt_v1,NVIDIA GeForce RTX 2080 Ti,"    8,    2,    1","  256,    1,    1","91,030",67.94,18.25,12.43,126
155,9,volta_scudnn_winograd_128x128_ldg1_ldg4_relu_tile148t_nt_v1,volta_scudnn_winograd_128x128_ldg1_ldg4_relu_tile148t_nt_v1,NVIDIA GeForce RTX 2080 Ti,"    8,    2,    1","  256,    1,    1","90,916",68.13,18.26,15.33,126
141,9,volta_scudnn_winograd_128x128_ldg1_ldg4_relu_tile148t_nt_v1,volta_scudnn_winograd_128x128_ldg1_ldg4_relu_tile148t_nt_v1,NVIDIA GeForce RTX 2080 Ti,"    8,    2,    1","  256,    1,    1","90,849",68.32,18.27,12.45,126
169,9,volta_scudnn_winograd_128x128_ldg1_ldg4_relu_tile148t_nt_v1,volta_scudnn_winograd_128x128_ldg1_ldg4_relu_tile148t_nt_v1,NVIDIA GeForce RTX 2080 Ti,"    8,    2,    1","  256,    1,    1","89,842",72.61,18.44,15.61,126
94,11,volta_scudnn_winograd_128x128_ldg1_ldg4_relu_tile148t_nt_v1,volta_scudnn_winograd_128x128_ldg1_ldg4_relu_tile148t_nt_v1,NVIDIA GeForce RTX 2080 Ti,"    4,    4,    2","  256,    1,    1","52,604",40.32,32.11,23.43,126
79,11,volta_scudnn_winograd_128x128_ldg1_ldg4_relu_tile148t_nt_v1,volta_scudnn_winograd_128x128_ldg1_ldg4_relu_tile148t_nt_v1,NVIDIA GeForce RTX 2080 Ti,"    4,    4,    2","  256,    1,    1","51,929",39.36,32.54,23.74,126
109,11,volta_scudnn_winograd_128x128_ldg1_ldg4_relu_tile148t_nt_v1,volta_scudnn_winograd_128x128_ldg1_ldg4_relu_tile148t_nt_v1,NVIDIA GeForce RTX 2080 Ti,"    4,    4,    2","  256,    1,    1","51,726",39.26,32.65,23.83,126
11,9,volta_scudnn_winograd_128x128_ldg1_ldg4_relu_tile148t_nt_v1,volta_scudnn_winograd_128x128_ldg1_ldg4_relu_tile148t_nt_v1,NVIDIA GeForce RTX 2080 Ti,"    2,    7,    4","  256,    1,    1","35,558",27.39,42.54,35.03,126
30,9,volta_scudnn_winograd_128x128_ldg1_ldg4_relu_tile148t_nt_v1,volta_scudnn_winograd_128x128_ldg1_ldg4_relu_tile148t_nt_v1,NVIDIA GeForce RTX 2080 Ti,"    2,    7,    4","  256,    1,    1","35,051",27.42,43.18,35.56,126
45,9,volta_scudnn_winograd_128x128_ldg1_ldg4_relu_tile148t_nt_v1,volta_scudnn_winograd_128x128_ldg1_ldg4_relu_tile148t_nt_v1,NVIDIA GeForce RTX 2080 Ti,"    2,    7,    4","  256,    1,    1","34,958",27.23,43.21,35.58,126
