ID,Issues Detected,Function Name,Demangled Name,Process,Device Name,Grid Size,Block Size,Cycles [cycle],Duration [usecond],Compute Throughput [%],Memory Throughput [%],# Registers [register/thread]
0,12,computeOffsetsKernel,cudnn::gemm::computeOffsetsKernel(cudnn::gemm::ComputeOffsetsParams),[6166] python3.8,NVIDIA GeForce RTX 2080 Ti,"   99,    1,    1","  128,    1,    1","2,755",2.4605,4.48,3.32,16
1,10,volta_scudnn_128x64_relu_medium_nn_v1,volta_scudnn_128x64_relu_medium_nn_v1,[6166] python3.8,NVIDIA GeForce RTX 2080 Ti,"   98,    1,    1","  128,    1,    1","60,183",42.959,47.82,25.46,128
2,11,vectorized_elementwise_kernel,"void at::native::vectorized_elementwise_kernel<(int)4, at::native::BUnaryFunctor<at::native::AddFunctor<long>>, at::detail::Array<char *, (int)2>>(int, T2, T3)",[6166] python3.8,NVIDIA GeForce RTX 2080 Ti,"    1,    1,    1","   64,    1,    1","2,802",3.4675,0.01,0.88,20
3,9,bn_fw_tr_1C11_kernel_NCHW,"void cudnn::detail::bn_fw_tr_1C11_kernel_NCHW<float, float, (int)512, (bool)1, (int)1>(cudnnTensorStruct, const T1 *, cudnnTensorStruct, T1 *, const T2 *, const T2 *, T2, T2, T2 *, T2 *, T2 *, T2 *, T2, T2)",[6166] python3.8,NVIDIA GeForce RTX 2080 Ti,"   64,    1,    1","  512,    1,    1","92,953",65.5405,3.91,8.98,48
4,8,vectorized_elementwise_kernel,"void at::native::vectorized_elementwise_kernel<(int)4, at::native::<unnamed>::clamp_min_scalar_kernel_impl(at::TensorIterator &, c10::Scalar)::[lambda() (instance 1)]::operator ()() const::[lambda() (instance 8)]::operator ()() const::[lambda(float) (instance 1)], at::detail::Array<char *, (int)2>>(int, T2, T3)",[6166] python3.8,NVIDIA GeForce RTX 2080 Ti," 3136,    1,    1","   64,    1,    1","11,047",10.1555,6.78,67.63,18
5,12,max_pool_forward_nchw,"void at::native::<unnamed>::max_pool_forward_nchw<float, float>(int, const T1 *, int, int, int, int, int, int, int, int, int, int, int, int, int, int, T1 *, long *)",[6166] python3.8,NVIDIA GeForce RTX 2080 Ti,"  784,    1,    1","  256,    1,    1","15,465",13.68,42.74,42.62,26
6,11,implicit_convolve_sgemm,"void cudnn::detail::implicit_convolve_sgemm<float, float, (int)1024, (int)5, (int)5, (int)3, (int)3, (int)3, (int)1, (bool)1, (bool)0, (bool)1>(int, int, int, const T1 *, int, T2 *, T1 *, kernel_conv_params, int, float, float, int, T2 *, T2 *, int, int)",[6166] python3.8,NVIDIA GeForce RTX 2080 Ti,"   98,    2,    1","    8,    8,    1","15,109",12.16,26.49,29.87,63
7,11,vectorized_elementwise_kernel,"void at::native::vectorized_elementwise_kernel<(int)4, at::native::BUnaryFunctor<at::native::AddFunctor<long>>, at::detail::Array<char *, (int)2>>(int, T2, T3)",[6166] python3.8,NVIDIA GeForce RTX 2080 Ti,"    1,    1,    1","   64,    1,    1","2,904",2.432,0.01,0.71,20
8,7,bn_fw_tr_1C11_singleread,"void cudnn::detail::bn_fw_tr_1C11_singleread<float, (int)512, (bool)1, (int)1, (int)2, (int)0>(cudnnTensorStruct, const T1 *, cudnnTensorStruct, T1 *, const float *, const float *, float, float, float *, float *, float *, float *, float, float, cudnn::reduced_divisor, int, cudnn::reduced_divisor, cudnn::detail::bnFwPersistentState *, int, float, float, float, int, float, float, cudnnStatus_t *, bool)",[6166] python3.8,NVIDIA GeForce RTX 2080 Ti,"   64,    1,    1","  512,    1,    1","9,933",7.144,18.09,26.79,38
9,7,vectorized_elementwise_kernel,"void at::native::vectorized_elementwise_kernel<(int)4, at::native::<unnamed>::clamp_min_scalar_kernel_impl(at::TensorIterator &, c10::Scalar)::[lambda() (instance 1)]::operator ()() const::[lambda() (instance 8)]::operator ()() const::[lambda(float) (instance 1)], at::detail::Array<char *, (int)2>>(int, T2, T3)",[6166] python3.8,NVIDIA GeForce RTX 2080 Ti,"  784,    1,    1","   64,    1,    1","5,135",4.104,3.61,32.87,18
10,13,generateWinogradTilesKernel,"void cudnn::winograd::generateWinogradTilesKernel<(int)0, float, float>(cudnn::winograd::GenerateWinogradTilesParams<T2, T3>)",[6166] python3.8,NVIDIA GeForce RTX 2080 Ti,"    2,   16,    1","   32,    4,    1","3,977",3.249,4.27,9.03,62
11,9,volta_scudnn_winograd_128x128_ldg1_ldg4_relu_tile148t_nt_v1,volta_scudnn_winograd_128x128_ldg1_ldg4_relu_tile148t_nt_v1,[6166] python3.8,NVIDIA GeForce RTX 2080 Ti,"    2,    7,    4","  256,    1,    1","35,546",25.897,42.57,35.05,126
12,11,vectorized_elementwise_kernel,"void at::native::vectorized_elementwise_kernel<(int)4, at::native::BUnaryFunctor<at::native::AddFunctor<long>>, at::detail::Array<char *, (int)2>>(int, T2, T3)",[6166] python3.8,NVIDIA GeForce RTX 2080 Ti,"    1,    1,    1","   64,    1,    1","3,008",2.432,0.01,0.84,20
13,7,bn_fw_tr_1C11_singleread,"void cudnn::detail::bn_fw_tr_1C11_singleread<float, (int)512, (bool)1, (int)1, (int)2, (int)0>(cudnnTensorStruct, const T1 *, cudnnTensorStruct, T1 *, const float *, const float *, float, float, float *, float *, float *, float *, float, float, cudnn::reduced_divisor, int, cudnn::reduced_divisor, cudnn::detail::bnFwPersistentState *, int, float, float, float, int, float, float, cudnnStatus_t *, bool)",[6166] python3.8,NVIDIA GeForce RTX 2080 Ti,"   64,    1,    1","  512,    1,    1","9,616",7.6,18.68,17.62,38
14,7,vectorized_elementwise_kernel,"void at::native::vectorized_elementwise_kernel<(int)4, at::native::<unnamed>::clamp_min_scalar_kernel_impl(at::TensorIterator &, c10::Scalar)::[lambda() (instance 1)]::operator ()() const::[lambda() (instance 8)]::operator ()() const::[lambda(float) (instance 1)], at::detail::Array<char *, (int)2>>(int, T2, T3)",[6166] python3.8,NVIDIA GeForce RTX 2080 Ti,"  784,    1,    1","   64,    1,    1","5,057",4.0755,3.67,33.01,18
15,12,computeOffsetsKernel,cudnn::gemm::computeOffsetsKernel(cudnn::gemm::ComputeOffsetsParams),[6166] python3.8,NVIDIA GeForce RTX 2080 Ti,"   25,    1,    1","  128,    1,    1","2,646",3.3725,1.16,1.22,16
16,10,volta_scudnn_128x64_relu_interior_nn_v1,volta_scudnn_128x64_relu_interior_nn_v1,[6166] python3.8,NVIDIA GeForce RTX 2080 Ti,"   25,    4,    1","  128,    1,    1","31,151",22.857,40.57,26.44,128
17,11,vectorized_elementwise_kernel,"void at::native::vectorized_elementwise_kernel<(int)4, at::native::BUnaryFunctor<at::native::AddFunctor<long>>, at::detail::Array<char *, (int)2>>(int, T2, T3)",[6166] python3.8,NVIDIA GeForce RTX 2080 Ti,"    1,    1,    1","   64,    1,    1","2,807",2.432,0.01,0.41,20
18,8,bn_fw_tr_1C11_singleread,"void cudnn::detail::bn_fw_tr_1C11_singleread<float, (int)512, (bool)1, (int)1, (int)2, (int)0>(cudnnTensorStruct, const T1 *, cudnnTensorStruct, T1 *, const float *, const float *, float, float, float *, float *, float *, float *, float, float, cudnn::reduced_divisor, int, cudnn::reduced_divisor, cudnn::detail::bnFwPersistentState *, int, float, float, float, int, float, float, cudnnStatus_t *, bool)",[6166] python3.8,NVIDIA GeForce RTX 2080 Ti,"  256,    1,    1","  512,    1,    1","20,813",18.544,34.31,36.11,38
19,11,computeOffsetsKernel,cudnn::gemm::computeOffsetsKernel(cudnn::gemm::ComputeOffsetsParams),[6166] python3.8,NVIDIA GeForce RTX 2080 Ti,"   25,    1,    1","  128,    1,    1","2,702",2.337,1.14,1.23,16
20,10,volta_scudnn_128x64_relu_interior_nn_v1,volta_scudnn_128x64_relu_interior_nn_v1,[6166] python3.8,NVIDIA GeForce RTX 2080 Ti,"   25,    4,    1","  128,    1,    1","31,037",22.9805,40.67,26.5,128
21,11,vectorized_elementwise_kernel,"void at::native::vectorized_elementwise_kernel<(int)4, at::native::BUnaryFunctor<at::native::AddFunctor<long>>, at::detail::Array<char *, (int)2>>(int, T2, T3)",[6166] python3.8,NVIDIA GeForce RTX 2080 Ti,"    1,    1,    1","   64,    1,    1","2,810",3.4675,0.01,0.53,20
22,8,bn_fw_tr_1C11_singleread,"void cudnn::detail::bn_fw_tr_1C11_singleread<float, (int)512, (bool)1, (int)1, (int)2, (int)0>(cudnnTensorStruct, const T1 *, cudnnTensorStruct, T1 *, const float *, const float *, float, float, float *, float *, float *, float *, float, float, cudnn::reduced_divisor, int, cudnn::reduced_divisor, cudnn::detail::bnFwPersistentState *, int, float, float, float, int, float, float, cudnnStatus_t *, bool)",[6166] python3.8,NVIDIA GeForce RTX 2080 Ti,"  256,    1,    1","  512,    1,    1","20,683",16.568,34.53,35.84,38
23,7,vectorized_elementwise_kernel,"void at::native::vectorized_elementwise_kernel<(int)4, at::native::AddFunctor<float>, at::detail::Array<char *, (int)3>>(int, T2, T3)",[6166] python3.8,NVIDIA GeForce RTX 2080 Ti," 3136,    1,    1","   64,    1,    1","19,210",18.8195,4.85,100.99,20
24,8,vectorized_elementwise_kernel,"void at::native::vectorized_elementwise_kernel<(int)4, at::native::<unnamed>::clamp_min_scalar_kernel_impl(at::TensorIterator &, c10::Scalar)::[lambda() (instance 1)]::operator ()() const::[lambda() (instance 8)]::operator ()() const::[lambda(float) (instance 1)], at::detail::Array<char *, (int)2>>(int, T2, T3)",[6166] python3.8,NVIDIA GeForce RTX 2080 Ti," 3136,    1,    1","   64,    1,    1","17,467",10.0605,4.25,42.84,18
25,11,implicit_convolve_sgemm,"void cudnn::detail::implicit_convolve_sgemm<float, float, (int)1024, (int)5, (int)5, (int)3, (int)3, (int)3, (int)1, (bool)1, (bool)0, (bool)1>(int, int, int, const T1 *, int, T2 *, T1 *, kernel_conv_params, int, float, float, int, T2 *, T2 *, int, int)",[6166] python3.8,NVIDIA GeForce RTX 2080 Ti,"   98,    2,    1","    8,    8,    1","38,744",28.2435,39.45,32.22,63
26,11,vectorized_elementwise_kernel,"void at::native::vectorized_elementwise_kernel<(int)4, at::native::BUnaryFunctor<at::native::AddFunctor<long>>, at::detail::Array<char *, (int)2>>(int, T2, T3)",[6166] python3.8,NVIDIA GeForce RTX 2080 Ti,"    1,    1,    1","   64,    1,    1","4,914",2.432,0.01,0.31,20
27,7,bn_fw_tr_1C11_singleread,"void cudnn::detail::bn_fw_tr_1C11_singleread<float, (int)512, (bool)1, (int)1, (int)2, (int)0>(cudnnTensorStruct, const T1 *, cudnnTensorStruct, T1 *, const float *, const float *, float, float, float *, float *, float *, float *, float, float, cudnn::reduced_divisor, int, cudnn::reduced_divisor, cudnn::detail::bnFwPersistentState *, int, float, float, float, int, float, float, cudnnStatus_t *, bool)",[6166] python3.8,NVIDIA GeForce RTX 2080 Ti,"   64,    1,    1","  512,    1,    1","9,332",7.4765,19.25,18.23,38
28,7,vectorized_elementwise_kernel,"void at::native::vectorized_elementwise_kernel<(int)4, at::native::<unnamed>::clamp_min_scalar_kernel_impl(at::TensorIterator &, c10::Scalar)::[lambda() (instance 1)]::operator ()() const::[lambda() (instance 8)]::operator ()() const::[lambda(float) (instance 1)], at::detail::Array<char *, (int)2>>(int, T2, T3)",[6166] python3.8,NVIDIA GeForce RTX 2080 Ti,"  784,    1,    1","   64,    1,    1","5,466",4.0755,3.39,31.07,18
29,11,generateWinogradTilesKernel,"void cudnn::winograd::generateWinogradTilesKernel<(int)0, float, float>(cudnn::winograd::GenerateWinogradTilesParams<T2, T3>)",[6166] python3.8,NVIDIA GeForce RTX 2080 Ti,"    2,   16,    1","   32,    4,    1","3,831",3.287,4.43,9.3,62
30,9,volta_scudnn_winograd_128x128_ldg1_ldg4_relu_tile148t_nt_v1,volta_scudnn_winograd_128x128_ldg1_ldg4_relu_tile148t_nt_v1,[6166] python3.8,NVIDIA GeForce RTX 2080 Ti,"    2,    7,    4","  256,    1,    1","35,312",25.536,42.85,35.28,126
31,11,vectorized_elementwise_kernel,"void at::native::vectorized_elementwise_kernel<(int)4, at::native::BUnaryFunctor<at::native::AddFunctor<long>>, at::detail::Array<char *, (int)2>>(int, T2, T3)",[6166] python3.8,NVIDIA GeForce RTX 2080 Ti,"    1,    1,    1","   64,    1,    1","2,937",2.4605,0.01,1.02,20
32,7,bn_fw_tr_1C11_singleread,"void cudnn::detail::bn_fw_tr_1C11_singleread<float, (int)512, (bool)1, (int)1, (int)2, (int)0>(cudnnTensorStruct, const T1 *, cudnnTensorStruct, T1 *, const float *, const float *, float, float, float *, float *, float *, float *, float, float, cudnn::reduced_divisor, int, cudnn::reduced_divisor, cudnn::detail::bnFwPersistentState *, int, float, float, float, int, float, float, cudnnStatus_t *, bool)",[6166] python3.8,NVIDIA GeForce RTX 2080 Ti,"   64,    1,    1","  512,    1,    1","9,758",7.239,18.4,17.38,38
33,7,vectorized_elementwise_kernel,"void at::native::vectorized_elementwise_kernel<(int)4, at::native::<unnamed>::clamp_min_scalar_kernel_impl(at::TensorIterator &, c10::Scalar)::[lambda() (instance 1)]::operator ()() const::[lambda() (instance 8)]::operator ()() const::[lambda(float) (instance 1)], at::detail::Array<char *, (int)2>>(int, T2, T3)",[6166] python3.8,NVIDIA GeForce RTX 2080 Ti,"  784,    1,    1","   64,    1,    1","5,395",4.047,3.43,45.69,18
34,12,computeOffsetsKernel,cudnn::gemm::computeOffsetsKernel(cudnn::gemm::ComputeOffsetsParams),[6166] python3.8,NVIDIA GeForce RTX 2080 Ti,"   25,    1,    1","  128,    1,    1","2,624",2.337,1.17,2.83,16
35,10,volta_scudnn_128x64_relu_interior_nn_v1,volta_scudnn_128x64_relu_interior_nn_v1,[6166] python3.8,NVIDIA GeForce RTX 2080 Ti,"   25,    4,    1","  128,    1,    1","31,108",23.8355,40.63,26.48,128
36,11,vectorized_elementwise_kernel,"void at::native::vectorized_elementwise_kernel<(int)4, at::native::BUnaryFunctor<at::native::AddFunctor<long>>, at::detail::Array<char *, (int)2>>(int, T2, T3)",[6166] python3.8,NVIDIA GeForce RTX 2080 Ti,"    1,    1,    1","   64,    1,    1","2,852",3.4675,0.01,0.93,20
37,8,bn_fw_tr_1C11_singleread,"void cudnn::detail::bn_fw_tr_1C11_singleread<float, (int)512, (bool)1, (int)1, (int)2, (int)0>(cudnnTensorStruct, const T1 *, cudnnTensorStruct, T1 *, const float *, const float *, float, float, float *, float *, float *, float *, float, float, cudnn::reduced_divisor, int, cudnn::reduced_divisor, cudnn::detail::bnFwPersistentState *, int, float, float, float, int, float, float, cudnnStatus_t *, bool)",[6166] python3.8,NVIDIA GeForce RTX 2080 Ti,"  256,    1,    1","  512,    1,    1","20,652",18.487,34.6,35.96,38
38,7,vectorized_elementwise_kernel,"void at::native::vectorized_elementwise_kernel<(int)4, at::native::AddFunctor<float>, at::detail::Array<char *, (int)3>>(int, T2, T3)",[6166] python3.8,NVIDIA GeForce RTX 2080 Ti," 3136,    1,    1","   64,    1,    1","24,997",19,3.71,75.79,20
39,8,vectorized_elementwise_kernel,"void at::native::vectorized_elementwise_kernel<(int)4, at::native::<unnamed>::clamp_min_scalar_kernel_impl(at::TensorIterator &, c10::Scalar)::[lambda() (instance 1)]::operator ()() const::[lambda() (instance 8)]::operator ()() const::[lambda(float) (instance 1)], at::detail::Array<char *, (int)2>>(int, T2, T3)",[6166] python3.8,NVIDIA GeForce RTX 2080 Ti," 3136,    1,    1","   64,    1,    1","16,386",10.2125,4.54,72.14,18
40,11,implicit_convolve_sgemm,"void cudnn::detail::implicit_convolve_sgemm<float, float, (int)1024, (int)5, (int)5, (int)3, (int)3, (int)3, (int)1, (bool)1, (bool)0, (bool)1>(int, int, int, const T1 *, int, T2 *, T1 *, kernel_conv_params, int, float, float, int, T2 *, T2 *, int, int)",[6166] python3.8,NVIDIA GeForce RTX 2080 Ti,"   98,    2,    1","    8,    8,    1","38,838",30.609,39.33,32.12,63
41,11,vectorized_elementwise_kernel,"void at::native::vectorized_elementwise_kernel<(int)4, at::native::BUnaryFunctor<at::native::AddFunctor<long>>, at::detail::Array<char *, (int)2>>(int, T2, T3)",[6166] python3.8,NVIDIA GeForce RTX 2080 Ti,"    1,    1,    1","   64,    1,    1","2,798",3.401,0.01,0.64,20
42,7,bn_fw_tr_1C11_singleread,"void cudnn::detail::bn_fw_tr_1C11_singleread<float, (int)512, (bool)1, (int)1, (int)2, (int)0>(cudnnTensorStruct, const T1 *, cudnnTensorStruct, T1 *, const float *, const float *, float, float, float *, float *, float *, float *, float, float, cudnn::reduced_divisor, int, cudnn::reduced_divisor, cudnn::detail::bnFwPersistentState *, int, float, float, float, int, float, float, cudnnStatus_t *, bool)",[6166] python3.8,NVIDIA GeForce RTX 2080 Ti,"   64,    1,    1","  512,    1,    1","10,146",7.296,17.7,16.57,38
43,7,vectorized_elementwise_kernel,"void at::native::vectorized_elementwise_kernel<(int)4, at::native::<unnamed>::clamp_min_scalar_kernel_impl(at::TensorIterator &, c10::Scalar)::[lambda() (instance 1)]::operator ()() const::[lambda() (instance 8)]::operator ()() const::[lambda(float) (instance 1)], at::detail::Array<char *, (int)2>>(int, T2, T3)",[6166] python3.8,NVIDIA GeForce RTX 2080 Ti,"  784,    1,    1","   64,    1,    1","5,042",4.4365,3.68,37.13,18
44,13,generateWinogradTilesKernel,"void cudnn::winograd::generateWinogradTilesKernel<(int)0, float, float>(cudnn::winograd::GenerateWinogradTilesParams<T2, T3>)",[6166] python3.8,NVIDIA GeForce RTX 2080 Ti,"    2,   16,    1","   32,    4,    1","4,006",3.439,4.24,13.46,62
45,9,volta_scudnn_winograd_128x128_ldg1_ldg4_relu_tile148t_nt_v1,volta_scudnn_winograd_128x128_ldg1_ldg4_relu_tile148t_nt_v1,[6166] python3.8,NVIDIA GeForce RTX 2080 Ti,"    2,    7,    4","  256,    1,    1","35,507",26.0205,42.63,35.1,126
46,11,vectorized_elementwise_kernel,"void at::native::vectorized_elementwise_kernel<(int)4, at::native::BUnaryFunctor<at::native::AddFunctor<long>>, at::detail::Array<char *, (int)2>>(int, T2, T3)",[6166] python3.8,NVIDIA GeForce RTX 2080 Ti,"    1,    1,    1","   64,    1,    1","2,870",2.432,0.01,0.53,20
47,7,bn_fw_tr_1C11_singleread,"void cudnn::detail::bn_fw_tr_1C11_singleread<float, (int)512, (bool)1, (int)1, (int)2, (int)0>(cudnnTensorStruct, const T1 *, cudnnTensorStruct, T1 *, const float *, const float *, float, float, float *, float *, float *, float *, float, float, cudnn::reduced_divisor, int, cudnn::reduced_divisor, cudnn::detail::bnFwPersistentState *, int, float, float, float, int, float, float, cudnnStatus_t *, bool)",[6166] python3.8,NVIDIA GeForce RTX 2080 Ti,"   64,    1,    1","  512,    1,    1","9,341",7.353,19.24,18,38
48,7,vectorized_elementwise_kernel,"void at::native::vectorized_elementwise_kernel<(int)4, at::native::<unnamed>::clamp_min_scalar_kernel_impl(at::TensorIterator &, c10::Scalar)::[lambda() (instance 1)]::operator ()() const::[lambda() (instance 8)]::operator ()() const::[lambda(float) (instance 1)], at::detail::Array<char *, (int)2>>(int, T2, T3)",[6166] python3.8,NVIDIA GeForce RTX 2080 Ti,"  784,    1,    1","   64,    1,    1","5,279",5.985,3.51,31.72,18
49,11,computeOffsetsKernel,cudnn::gemm::computeOffsetsKernel(cudnn::gemm::ComputeOffsetsParams),[6166] python3.8,NVIDIA GeForce RTX 2080 Ti,"   25,    1,    1","  128,    1,    1","2,611",2.375,1.18,1.13,16
50,10,volta_scudnn_128x64_relu_interior_nn_v1,volta_scudnn_128x64_relu_interior_nn_v1,[6166] python3.8,NVIDIA GeForce RTX 2080 Ti,"   25,    4,    1","  128,    1,    1","31,315",22.8285,40.34,26.29,128
51,11,vectorized_elementwise_kernel,"void at::native::vectorized_elementwise_kernel<(int)4, at::native::BUnaryFunctor<at::native::AddFunctor<long>>, at::detail::Array<char *, (int)2>>(int, T2, T3)",[6166] python3.8,NVIDIA GeForce RTX 2080 Ti,"    1,    1,    1","   64,    1,    1","2,809",2.432,0.01,0.54,20
52,8,bn_fw_tr_1C11_singleread,"void cudnn::detail::bn_fw_tr_1C11_singleread<float, (int)512, (bool)1, (int)1, (int)2, (int)0>(cudnnTensorStruct, const T1 *, cudnnTensorStruct, T1 *, const float *, const float *, float, float, float *, float *, float *, float *, float, float, cudnn::reduced_divisor, int, cudnn::reduced_divisor, cudnn::detail::bnFwPersistentState *, int, float, float, float, int, float, float, cudnnStatus_t *, bool)",[6166] python3.8,NVIDIA GeForce RTX 2080 Ti,"  256,    1,    1","  512,    1,    1","20,534",16.2355,34.8,36.2,38
53,7,vectorized_elementwise_kernel,"void at::native::vectorized_elementwise_kernel<(int)4, at::native::AddFunctor<float>, at::detail::Array<char *, (int)3>>(int, T2, T3)",[6166] python3.8,NVIDIA GeForce RTX 2080 Ti," 3136,    1,    1","   64,    1,    1","19,602",18.088,4.75,72.59,20
54,8,vectorized_elementwise_kernel,"void at::native::vectorized_elementwise_kernel<(int)4, at::native::<unnamed>::clamp_min_scalar_kernel_impl(at::TensorIterator &, c10::Scalar)::[lambda() (instance 1)]::operator ()() const::[lambda() (instance 8)]::operator ()() const::[lambda(float) (instance 1)], at::detail::Array<char *, (int)2>>(int, T2, T3)",[6166] python3.8,NVIDIA GeForce RTX 2080 Ti," 3136,    1,    1","   64,    1,    1","27,805",10.2125,2.67,26.91,18
55,11,computeOffsetsKernel,cudnn::gemm::computeOffsetsKernel(cudnn::gemm::ComputeOffsetsParams),[6166] python3.8,NVIDIA GeForce RTX 2080 Ti,"   25,    1,    1","  128,    1,    1","2,599",2.432,1.19,1.82,16
56,10,volta_scudnn_128x64_relu_interior_nn_v1,volta_scudnn_128x64_relu_interior_nn_v1,[6166] python3.8,NVIDIA GeForce RTX 2080 Ti,"   25,    2,    1","  128,    1,    1","53,745",36.575,45.94,22.62,128
57,11,vectorized_elementwise_kernel,"void at::native::vectorized_elementwise_kernel<(int)4, at::native::BUnaryFunctor<at::native::AddFunctor<long>>, at::detail::Array<char *, (int)2>>(int, T2, T3)",[6166] python3.8,NVIDIA GeForce RTX 2080 Ti,"    1,    1,    1","   64,    1,    1","2,826",2.4605,0.01,0.42,20
58,9,bn_fw_tr_1C11_singleread,"void cudnn::detail::bn_fw_tr_1C11_singleread<float, (int)512, (bool)1, (int)1, (int)2, (int)0>(cudnnTensorStruct, const T1 *, cudnnTensorStruct, T1 *, const float *, const float *, float, float, float *, float *, float *, float *, float, float, cudnn::reduced_divisor, int, cudnn::reduced_divisor, cudnn::detail::bnFwPersistentState *, int, float, float, float, int, float, float, cudnnStatus_t *, bool)",[6166] python3.8,NVIDIA GeForce RTX 2080 Ti,"  128,    1,    1","  512,    1,    1","12,269",11.2195,29.39,27.76,38
59,8,vectorized_elementwise_kernel,"void at::native::vectorized_elementwise_kernel<(int)4, at::native::<unnamed>::clamp_min_scalar_kernel_impl(at::TensorIterator &, c10::Scalar)::[lambda() (instance 1)]::operator ()() const::[lambda() (instance 8)]::operator ()() const::[lambda(float) (instance 1)], at::detail::Array<char *, (int)2>>(int, T2, T3)",[6166] python3.8,NVIDIA GeForce RTX 2080 Ti," 1568,    1,    1","   64,    1,    1","6,835",5.7475,5.45,86.79,18
60,13,implicit_convolve_sgemm,"void cudnn::detail::implicit_convolve_sgemm<float, float, (int)1024, (int)5, (int)5, (int)3, (int)3, (int)3, (int)1, (bool)1, (bool)0, (bool)1>(int, int, int, const T1 *, int, T2 *, T1 *, kernel_conv_params, int, float, float, int, T2 *, T2 *, int, int)",[6166] python3.8,NVIDIA GeForce RTX 2080 Ti,"   25,    4,    1","    8,    8,    1","144,027",101.08,23.78,21.6,63
61,11,vectorized_elementwise_kernel,"void at::native::vectorized_elementwise_kernel<(int)4, at::native::BUnaryFunctor<at::native::AddFunctor<long>>, at::detail::Array<char *, (int)2>>(int, T2, T3)",[6166] python3.8,NVIDIA GeForce RTX 2080 Ti,"    1,    1,    1","   64,    1,    1","2,834",2.489,0.01,0.95,20
62,9,bn_fw_tr_1C11_singleread,"void cudnn::detail::bn_fw_tr_1C11_singleread<float, (int)512, (bool)1, (int)1, (int)2, (int)0>(cudnnTensorStruct, const T1 *, cudnnTensorStruct, T1 *, const float *, const float *, float, float, float *, float *, float *, float *, float, float, cudnn::reduced_divisor, int, cudnn::reduced_divisor, cudnn::detail::bnFwPersistentState *, int, float, float, float, int, float, float, cudnnStatus_t *, bool)",[6166] python3.8,NVIDIA GeForce RTX 2080 Ti,"  128,    1,    1","  512,    1,    1","8,500",6.289,25.43,22.43,38
63,7,vectorized_elementwise_kernel,"void at::native::vectorized_elementwise_kernel<(int)4, at::native::<unnamed>::clamp_min_scalar_kernel_impl(at::TensorIterator &, c10::Scalar)::[lambda() (instance 1)]::operator ()() const::[lambda() (instance 8)]::operator ()() const::[lambda(float) (instance 1)], at::detail::Array<char *, (int)2>>(int, T2, T3)",[6166] python3.8,NVIDIA GeForce RTX 2080 Ti,"  392,    1,    1","   64,    1,    1","4,009",3.344,2.31,21.17,18
64,12,computeOffsetsKernel,cudnn::gemm::computeOffsetsKernel(cudnn::gemm::ComputeOffsetsParams),[6166] python3.8,NVIDIA GeForce RTX 2080 Ti,"    7,    1,    1","  128,    1,    1","2,642",2.4035,0.3,1.26,16
65,11,volta_scudnn_128x64_relu_interior_nn_v1,volta_scudnn_128x64_relu_interior_nn_v1,[6166] python3.8,NVIDIA GeForce RTX 2080 Ti,"    7,    8,    1","  128,    1,    1","32,027",23.199,43.72,23.89,128
66,11,vectorized_elementwise_kernel,"void at::native::vectorized_elementwise_kernel<(int)4, at::native::BUnaryFunctor<at::native::AddFunctor<long>>, at::detail::Array<char *, (int)2>>(int, T2, T3)",[6166] python3.8,NVIDIA GeForce RTX 2080 Ti,"    1,    1,    1","   64,    1,    1","2,844",2.489,0.01,0.62,20
67,8,bn_fw_tr_1C11_singleread,"void cudnn::detail::bn_fw_tr_1C11_singleread<float, (int)512, (bool)1, (int)1, (int)2, (int)0>(cudnnTensorStruct, const T1 *, cudnnTensorStruct, T1 *, const float *, const float *, float, float, float *, float *, float *, float *, float, float, cudnn::reduced_divisor, int, cudnn::reduced_divisor, cudnn::detail::bnFwPersistentState *, int, float, float, float, int, float, float, cudnnStatus_t *, bool)",[6166] python3.8,NVIDIA GeForce RTX 2080 Ti,"  512,    1,    1","  512,    1,    1","21,979",17.176,38.49,34.97,38
68,12,computeOffsetsKernel,cudnn::gemm::computeOffsetsKernel(cudnn::gemm::ComputeOffsetsParams),[6166] python3.8,NVIDIA GeForce RTX 2080 Ti,"    7,    1,    1","  128,    1,    1","2,639",2.375,0.3,0.68,16
69,13,volta_scudnn_128x64_relu_interior_nn_v1,volta_scudnn_128x64_relu_interior_nn_v1,[6166] python3.8,NVIDIA GeForce RTX 2080 Ti,"    7,    8,    1","  128,    1,    1","55,006",39.2445,50.29,25.07,128
70,11,vectorized_elementwise_kernel,"void at::native::vectorized_elementwise_kernel<(int)4, at::native::BUnaryFunctor<at::native::AddFunctor<long>>, at::detail::Array<char *, (int)2>>(int, T2, T3)",[6166] python3.8,NVIDIA GeForce RTX 2080 Ti,"    1,    1,    1","   64,    1,    1","2,929",3.705,0.01,0.92,20
71,8,bn_fw_tr_1C11_singleread,"void cudnn::detail::bn_fw_tr_1C11_singleread<float, (int)512, (bool)1, (int)1, (int)2, (int)0>(cudnnTensorStruct, const T1 *, cudnnTensorStruct, T1 *, const float *, const float *, float, float, float *, float *, float *, float *, float, float, cudnn::reduced_divisor, int, cudnn::reduced_divisor, cudnn::detail::bnFwPersistentState *, int, float, float, float, int, float, float, cudnnStatus_t *, bool)",[6166] python3.8,NVIDIA GeForce RTX 2080 Ti,"  512,    1,    1","  512,    1,    1","23,403",16.815,36.05,32.75,38
72,8,vectorized_elementwise_kernel,"void at::native::vectorized_elementwise_kernel<(int)4, at::native::AddFunctor<float>, at::detail::Array<char *, (int)3>>(int, T2, T3)",[6166] python3.8,NVIDIA GeForce RTX 2080 Ti," 1568,    1,    1","   64,    1,    1","13,137",8.6355,3.54,51.39,20
73,8,vectorized_elementwise_kernel,"void at::native::vectorized_elementwise_kernel<(int)4, at::native::<unnamed>::clamp_min_scalar_kernel_impl(at::TensorIterator &, c10::Scalar)::[lambda() (instance 1)]::operator ()() const::[lambda() (instance 8)]::operator ()() const::[lambda(float) (instance 1)], at::detail::Array<char *, (int)2>>(int, T2, T3)",[6166] python3.8,NVIDIA GeForce RTX 2080 Ti," 1568,    1,    1","   64,    1,    1","6,809",22.895,5.46,86.55,18
74,13,implicit_convolve_sgemm,"void cudnn::detail::implicit_convolve_sgemm<float, float, (int)1024, (int)5, (int)5, (int)3, (int)3, (int)3, (int)1, (bool)1, (bool)0, (bool)1>(int, int, int, const T1 *, int, T2 *, T1 *, kernel_conv_params, int, float, float, int, T2 *, T2 *, int, int)",[6166] python3.8,NVIDIA GeForce RTX 2080 Ti,"   25,    4,    1","    8,    8,    1","64,782",46.265,23.66,19.13,63
75,11,vectorized_elementwise_kernel,"void at::native::vectorized_elementwise_kernel<(int)4, at::native::BUnaryFunctor<at::native::AddFunctor<long>>, at::detail::Array<char *, (int)2>>(int, T2, T3)",[6166] python3.8,NVIDIA GeForce RTX 2080 Ti,"    1,    1,    1","   64,    1,    1","2,820",2.432,0.01,0.38,20
76,9,bn_fw_tr_1C11_singleread,"void cudnn::detail::bn_fw_tr_1C11_singleread<float, (int)512, (bool)1, (int)1, (int)2, (int)0>(cudnnTensorStruct, const T1 *, cudnnTensorStruct, T1 *, const float *, const float *, float, float, float *, float *, float *, float *, float, float, cudnn::reduced_divisor, int, cudnn::reduced_divisor, cudnn::detail::bnFwPersistentState *, int, float, float, float, int, float, float, cudnnStatus_t *, bool)",[6166] python3.8,NVIDIA GeForce RTX 2080 Ti,"  128,    1,    1","  512,    1,    1","8,219",6.2605,26.28,23.18,38
77,7,vectorized_elementwise_kernel,"void at::native::vectorized_elementwise_kernel<(int)4, at::native::<unnamed>::clamp_min_scalar_kernel_impl(at::TensorIterator &, c10::Scalar)::[lambda() (instance 1)]::operator ()() const::[lambda() (instance 8)]::operator ()() const::[lambda(float) (instance 1)], at::detail::Array<char *, (int)2>>(int, T2, T3)",[6166] python3.8,NVIDIA GeForce RTX 2080 Ti,"  392,    1,    1","   64,    1,    1","4,144",4.8925,2.23,20.25,18
78,13,generateWinogradTilesKernel,"void cudnn::winograd::generateWinogradTilesKernel<(int)0, float, float>(cudnn::winograd::GenerateWinogradTilesParams<T2, T3>)",[6166] python3.8,NVIDIA GeForce RTX 2080 Ti,"    4,   32,    1","   32,    4,    1","5,829",4.5885,11.72,45.53,62
79,11,volta_scudnn_winograd_128x128_ldg1_ldg4_relu_tile148t_nt_v1,volta_scudnn_winograd_128x128_ldg1_ldg4_relu_tile148t_nt_v1,[6166] python3.8,NVIDIA GeForce RTX 2080 Ti,"    4,    4,    2","  256,    1,    1","51,554",38.361,32.73,23.88,126
80,11,vectorized_elementwise_kernel,"void at::native::vectorized_elementwise_kernel<(int)4, at::native::BUnaryFunctor<at::native::AddFunctor<long>>, at::detail::Array<char *, (int)2>>(int, T2, T3)",[6166] python3.8,NVIDIA GeForce RTX 2080 Ti,"    1,    1,    1","   64,    1,    1","2,846",3.496,0.01,0.49,20
81,9,bn_fw_tr_1C11_singleread,"void cudnn::detail::bn_fw_tr_1C11_singleread<float, (int)512, (bool)1, (int)1, (int)2, (int)0>(cudnnTensorStruct, const T1 *, cudnnTensorStruct, T1 *, const float *, const float *, float, float, float *, float *, float *, float *, float, float, cudnn::reduced_divisor, int, cudnn::reduced_divisor, cudnn::detail::bnFwPersistentState *, int, float, float, float, int, float, float, cudnnStatus_t *, bool)",[6166] python3.8,NVIDIA GeForce RTX 2080 Ti,"  128,    1,    1","  512,    1,    1","7,702",6.536,28.09,24.77,38
82,7,vectorized_elementwise_kernel,"void at::native::vectorized_elementwise_kernel<(int)4, at::native::<unnamed>::clamp_min_scalar_kernel_impl(at::TensorIterator &, c10::Scalar)::[lambda() (instance 1)]::operator ()() const::[lambda() (instance 8)]::operator ()() const::[lambda(float) (instance 1)], at::detail::Array<char *, (int)2>>(int, T2, T3)",[6166] python3.8,NVIDIA GeForce RTX 2080 Ti,"  392,    1,    1","   64,    1,    1","4,282",3.3155,2.16,19.45,18
83,12,computeOffsetsKernel,cudnn::gemm::computeOffsetsKernel(cudnn::gemm::ComputeOffsetsParams),[6166] python3.8,NVIDIA GeForce RTX 2080 Ti,"    7,    1,    1","  128,    1,    1","2,783",2.4035,0.29,1.39,16
84,11,volta_scudnn_128x64_relu_interior_nn_v1,volta_scudnn_128x64_relu_interior_nn_v1,[6166] python3.8,NVIDIA GeForce RTX 2080 Ti,"    7,    8,    1","  128,    1,    1","32,049",23.2845,43.68,23.87,128
85,11,vectorized_elementwise_kernel,"void at::native::vectorized_elementwise_kernel<(int)4, at::native::BUnaryFunctor<at::native::AddFunctor<long>>, at::detail::Array<char *, (int)2>>(int, T2, T3)",[6166] python3.8,NVIDIA GeForce RTX 2080 Ti,"    1,    1,    1","   64,    1,    1","2,770",2.432,0.01,0.65,20
86,8,bn_fw_tr_1C11_singleread,"void cudnn::detail::bn_fw_tr_1C11_singleread<float, (int)512, (bool)1, (int)1, (int)2, (int)0>(cudnnTensorStruct, const T1 *, cudnnTensorStruct, T1 *, const float *, const float *, float, float, float *, float *, float *, float *, float, float, cudnn::reduced_divisor, int, cudnn::reduced_divisor, cudnn::detail::bnFwPersistentState *, int, float, float, float, int, float, float, cudnnStatus_t *, bool)",[6166] python3.8,NVIDIA GeForce RTX 2080 Ti,"  512,    1,    1","  512,    1,    1","21,670",18.2685,39.08,35.5,38
87,8,vectorized_elementwise_kernel,"void at::native::vectorized_elementwise_kernel<(int)4, at::native::AddFunctor<float>, at::detail::Array<char *, (int)3>>(int, T2, T3)",[6166] python3.8,NVIDIA GeForce RTX 2080 Ti," 1568,    1,    1","   64,    1,    1","10,697",8.6925,4.35,88.15,20
88,8,vectorized_elementwise_kernel,"void at::native::vectorized_elementwise_kernel<(int)4, at::native::<unnamed>::clamp_min_scalar_kernel_impl(at::TensorIterator &, c10::Scalar)::[lambda() (instance 1)]::operator ()() const::[lambda() (instance 8)]::operator ()() const::[lambda(float) (instance 1)], at::detail::Array<char *, (int)2>>(int, T2, T3)",[6166] python3.8,NVIDIA GeForce RTX 2080 Ti," 1568,    1,    1","   64,    1,    1","6,878",6.631,5.41,48.73,18
89,13,implicit_convolve_sgemm,"void cudnn::detail::implicit_convolve_sgemm<float, float, (int)1024, (int)5, (int)5, (int)3, (int)3, (int)3, (int)1, (bool)1, (bool)0, (bool)1>(int, int, int, const T1 *, int, T2 *, T1 *, kernel_conv_params, int, float, float, int, T2 *, T2 *, int, int)",[6166] python3.8,NVIDIA GeForce RTX 2080 Ti,"   25,    4,    1","    8,    8,    1","65,896",46.4835,23.26,18.78,63
90,11,vectorized_elementwise_kernel,"void at::native::vectorized_elementwise_kernel<(int)4, at::native::BUnaryFunctor<at::native::AddFunctor<long>>, at::detail::Array<char *, (int)2>>(int, T2, T3)",[6166] python3.8,NVIDIA GeForce RTX 2080 Ti,"    1,    1,    1","   64,    1,    1","2,838",3.4675,0.01,0.42,20
91,9,bn_fw_tr_1C11_singleread,"void cudnn::detail::bn_fw_tr_1C11_singleread<float, (int)512, (bool)1, (int)1, (int)2, (int)0>(cudnnTensorStruct, const T1 *, cudnnTensorStruct, T1 *, const float *, const float *, float, float, float *, float *, float *, float *, float, float, cudnn::reduced_divisor, int, cudnn::reduced_divisor, cudnn::detail::bnFwPersistentState *, int, float, float, float, int, float, float, cudnnStatus_t *, bool)",[6166] python3.8,NVIDIA GeForce RTX 2080 Ti,"  128,    1,    1","  512,    1,    1","8,246",6.5075,26.23,23.14,38
92,7,vectorized_elementwise_kernel,"void at::native::vectorized_elementwise_kernel<(int)4, at::native::<unnamed>::clamp_min_scalar_kernel_impl(at::TensorIterator &, c10::Scalar)::[lambda() (instance 1)]::operator ()() const::[lambda() (instance 8)]::operator ()() const::[lambda(float) (instance 1)], at::detail::Array<char *, (int)2>>(int, T2, T3)",[6166] python3.8,NVIDIA GeForce RTX 2080 Ti,"  392,    1,    1","   64,    1,    1","4,097",3.3155,2.26,20.76,18
93,13,generateWinogradTilesKernel,"void cudnn::winograd::generateWinogradTilesKernel<(int)0, float, float>(cudnn::winograd::GenerateWinogradTilesParams<T2, T3>)",[6166] python3.8,NVIDIA GeForce RTX 2080 Ti,"    4,   32,    1","   32,    4,    1","5,844",4.56,11.7,44.89,62
94,11,volta_scudnn_winograd_128x128_ldg1_ldg4_relu_tile148t_nt_v1,volta_scudnn_winograd_128x128_ldg1_ldg4_relu_tile148t_nt_v1,[6166] python3.8,NVIDIA GeForce RTX 2080 Ti,"    4,    4,    2","  256,    1,    1","51,604",36.993,32.62,23.8,126
95,11,vectorized_elementwise_kernel,"void at::native::vectorized_elementwise_kernel<(int)4, at::native::BUnaryFunctor<at::native::AddFunctor<long>>, at::detail::Array<char *, (int)2>>(int, T2, T3)",[6166] python3.8,NVIDIA GeForce RTX 2080 Ti,"    1,    1,    1","   64,    1,    1","2,812",2.432,0.01,0.8,20
96,9,bn_fw_tr_1C11_singleread,"void cudnn::detail::bn_fw_tr_1C11_singleread<float, (int)512, (bool)1, (int)1, (int)2, (int)0>(cudnnTensorStruct, const T1 *, cudnnTensorStruct, T1 *, const float *, const float *, float, float, float *, float *, float *, float *, float, float, cudnn::reduced_divisor, int, cudnn::reduced_divisor, cudnn::detail::bnFwPersistentState *, int, float, float, float, int, float, float, cudnnStatus_t *, bool)",[6166] python3.8,NVIDIA GeForce RTX 2080 Ti,"  128,    1,    1","  512,    1,    1","7,852",6.84,27.51,24.27,38
97,7,vectorized_elementwise_kernel,"void at::native::vectorized_elementwise_kernel<(int)4, at::native::<unnamed>::clamp_min_scalar_kernel_impl(at::TensorIterator &, c10::Scalar)::[lambda() (instance 1)]::operator ()() const::[lambda() (instance 8)]::operator ()() const::[lambda(float) (instance 1)], at::detail::Array<char *, (int)2>>(int, T2, T3)",[6166] python3.8,NVIDIA GeForce RTX 2080 Ti,"  392,    1,    1","   64,    1,    1","4,078",3.401,2.27,20.51,18
98,12,computeOffsetsKernel,cudnn::gemm::computeOffsetsKernel(cudnn::gemm::ComputeOffsetsParams),[6166] python3.8,NVIDIA GeForce RTX 2080 Ti,"    7,    1,    1","  128,    1,    1","2,612",3.401,0.3,0.7,16
99,11,volta_scudnn_128x64_relu_interior_nn_v1,volta_scudnn_128x64_relu_interior_nn_v1,[6166] python3.8,NVIDIA GeForce RTX 2080 Ti,"    7,    8,    1","  128,    1,    1","32,084",23.104,43.69,23.87,128
100,11,vectorized_elementwise_kernel,"void at::native::vectorized_elementwise_kernel<(int)4, at::native::BUnaryFunctor<at::native::AddFunctor<long>>, at::detail::Array<char *, (int)2>>(int, T2, T3)",[6166] python3.8,NVIDIA GeForce RTX 2080 Ti,"    1,    1,    1","   64,    1,    1","2,838",3.439,0.01,0.83,20
101,8,bn_fw_tr_1C11_singleread,"void cudnn::detail::bn_fw_tr_1C11_singleread<float, (int)512, (bool)1, (int)1, (int)2, (int)0>(cudnnTensorStruct, const T1 *, cudnnTensorStruct, T1 *, const float *, const float *, float, float, float *, float *, float *, float *, float, float, cudnn::reduced_divisor, int, cudnn::reduced_divisor, cudnn::detail::bnFwPersistentState *, int, float, float, float, int, float, float, cudnnStatus_t *, bool)",[6166] python3.8,NVIDIA GeForce RTX 2080 Ti,"  512,    1,    1","  512,    1,    1","21,727",16.777,38.93,35.37,38
102,8,vectorized_elementwise_kernel,"void at::native::vectorized_elementwise_kernel<(int)4, at::native::AddFunctor<float>, at::detail::Array<char *, (int)3>>(int, T2, T3)",[6166] python3.8,NVIDIA GeForce RTX 2080 Ti," 1568,    1,    1","   64,    1,    1","12,802",8.664,3.63,52.65,20
103,8,vectorized_elementwise_kernel,"void at::native::vectorized_elementwise_kernel<(int)4, at::native::<unnamed>::clamp_min_scalar_kernel_impl(at::TensorIterator &, c10::Scalar)::[lambda() (instance 1)]::operator ()() const::[lambda() (instance 8)]::operator ()() const::[lambda(float) (instance 1)], at::detail::Array<char *, (int)2>>(int, T2, T3)",[6166] python3.8,NVIDIA GeForce RTX 2080 Ti," 1568,    1,    1","   64,    1,    1","6,776",5.7475,5.49,87.37,18
104,13,implicit_convolve_sgemm,"void cudnn::detail::implicit_convolve_sgemm<float, float, (int)1024, (int)5, (int)5, (int)3, (int)3, (int)3, (int)1, (bool)1, (bool)0, (bool)1>(int, int, int, const T1 *, int, T2 *, T1 *, kernel_conv_params, int, float, float, int, T2 *, T2 *, int, int)",[6166] python3.8,NVIDIA GeForce RTX 2080 Ti,"   25,    4,    1","    8,    8,    1","65,323",48.184,23.48,18.98,63
105,11,vectorized_elementwise_kernel,"void at::native::vectorized_elementwise_kernel<(int)4, at::native::BUnaryFunctor<at::native::AddFunctor<long>>, at::detail::Array<char *, (int)2>>(int, T2, T3)",[6166] python3.8,NVIDIA GeForce RTX 2080 Ti,"    1,    1,    1","   64,    1,    1","3,034",2.432,0.01,0.69,20
106,9,bn_fw_tr_1C11_singleread,"void cudnn::detail::bn_fw_tr_1C11_singleread<float, (int)512, (bool)1, (int)1, (int)2, (int)0>(cudnnTensorStruct, const T1 *, cudnnTensorStruct, T1 *, const float *, const float *, float, float, float *, float *, float *, float *, float, float, cudnn::reduced_divisor, int, cudnn::reduced_divisor, cudnn::detail::bnFwPersistentState *, int, float, float, float, int, float, float, cudnnStatus_t *, bool)",[6166] python3.8,NVIDIA GeForce RTX 2080 Ti,"  128,    1,    1","  512,    1,    1","7,705",6.08,28.07,24.76,38
107,7,vectorized_elementwise_kernel,"void at::native::vectorized_elementwise_kernel<(int)4, at::native::<unnamed>::clamp_min_scalar_kernel_impl(at::TensorIterator &, c10::Scalar)::[lambda() (instance 1)]::operator ()() const::[lambda() (instance 8)]::operator ()() const::[lambda(float) (instance 1)], at::detail::Array<char *, (int)2>>(int, T2, T3)",[6166] python3.8,NVIDIA GeForce RTX 2080 Ti,"  392,    1,    1","   64,    1,    1","4,056",4.617,2.28,20.68,18
108,13,generateWinogradTilesKernel,"void cudnn::winograd::generateWinogradTilesKernel<(int)0, float, float>(cudnn::winograd::GenerateWinogradTilesParams<T2, T3>)",[6166] python3.8,NVIDIA GeForce RTX 2080 Ti,"    4,   32,    1","   32,    4,    1","5,546",6.08,12.32,24.57,62
109,11,volta_scudnn_winograd_128x128_ldg1_ldg4_relu_tile148t_nt_v1,volta_scudnn_winograd_128x128_ldg1_ldg4_relu_tile148t_nt_v1,[6166] python3.8,NVIDIA GeForce RTX 2080 Ti,"    4,    4,    2","  256,    1,    1","51,723",38.1805,32.63,23.81,126
110,11,vectorized_elementwise_kernel,"void at::native::vectorized_elementwise_kernel<(int)4, at::native::BUnaryFunctor<at::native::AddFunctor<long>>, at::detail::Array<char *, (int)2>>(int, T2, T3)",[6166] python3.8,NVIDIA GeForce RTX 2080 Ti,"    1,    1,    1","   64,    1,    1","2,842",3.439,0.01,0.46,20
111,9,bn_fw_tr_1C11_singleread,"void cudnn::detail::bn_fw_tr_1C11_singleread<float, (int)512, (bool)1, (int)1, (int)2, (int)0>(cudnnTensorStruct, const T1 *, cudnnTensorStruct, T1 *, const float *, const float *, float, float, float *, float *, float *, float *, float, float, cudnn::reduced_divisor, int, cudnn::reduced_divisor, cudnn::detail::bnFwPersistentState *, int, float, float, float, int, float, float, cudnnStatus_t *, bool)",[6166] python3.8,NVIDIA GeForce RTX 2080 Ti,"  128,    1,    1","  512,    1,    1","8,015",6.4125,26.94,23.77,38
112,8,vectorized_elementwise_kernel,"void at::native::vectorized_elementwise_kernel<(int)4, at::native::<unnamed>::clamp_min_scalar_kernel_impl(at::TensorIterator &, c10::Scalar)::[lambda() (instance 1)]::operator ()() const::[lambda() (instance 8)]::operator ()() const::[lambda(float) (instance 1)], at::detail::Array<char *, (int)2>>(int, T2, T3)",[6166] python3.8,NVIDIA GeForce RTX 2080 Ti,"  392,    1,    1","   64,    1,    1","4,086",4.5885,2.26,20.54,18
113,12,computeOffsetsKernel,cudnn::gemm::computeOffsetsKernel(cudnn::gemm::ComputeOffsetsParams),[6166] python3.8,NVIDIA GeForce RTX 2080 Ti,"    7,    1,    1","  128,    1,    1","2,610",3.135,0.3,0.83,16
114,11,volta_scudnn_128x64_relu_interior_nn_v1,volta_scudnn_128x64_relu_interior_nn_v1,[6166] python3.8,NVIDIA GeForce RTX 2080 Ti,"    7,    8,    1","  128,    1,    1","53,154",23.2275,26.14,14.28,128
115,11,vectorized_elementwise_kernel,"void at::native::vectorized_elementwise_kernel<(int)4, at::native::BUnaryFunctor<at::native::AddFunctor<long>>, at::detail::Array<char *, (int)2>>(int, T2, T3)",[6166] python3.8,NVIDIA GeForce RTX 2080 Ti,"    1,    1,    1","   64,    1,    1","2,817",2.4605,0.01,0.54,20
116,8,bn_fw_tr_1C11_singleread,"void cudnn::detail::bn_fw_tr_1C11_singleread<float, (int)512, (bool)1, (int)1, (int)2, (int)0>(cudnnTensorStruct, const T1 *, cudnnTensorStruct, T1 *, const float *, const float *, float, float, float *, float *, float *, float *, float, float, cudnn::reduced_divisor, int, cudnn::reduced_divisor, cudnn::detail::bnFwPersistentState *, int, float, float, float, int, float, float, cudnnStatus_t *, bool)",[6166] python3.8,NVIDIA GeForce RTX 2080 Ti,"  512,    1,    1","  512,    1,    1","21,678",17.385,38.98,35.41,38
117,8,vectorized_elementwise_kernel,"void at::native::vectorized_elementwise_kernel<(int)4, at::native::AddFunctor<float>, at::detail::Array<char *, (int)3>>(int, T2, T3)",[6166] python3.8,NVIDIA GeForce RTX 2080 Ti," 1568,    1,    1","   64,    1,    1","10,408",8.873,4.47,64.74,20
118,8,vectorized_elementwise_kernel,"void at::native::vectorized_elementwise_kernel<(int)4, at::native::<unnamed>::clamp_min_scalar_kernel_impl(at::TensorIterator &, c10::Scalar)::[lambda() (instance 1)]::operator ()() const::[lambda() (instance 8)]::operator ()() const::[lambda(float) (instance 1)], at::detail::Array<char *, (int)2>>(int, T2, T3)",[6166] python3.8,NVIDIA GeForce RTX 2080 Ti," 1568,    1,    1","   64,    1,    1","7,058",6.5075,5.27,47.35,18
119,12,implicit_convolve_sgemm,"void cudnn::detail::implicit_convolve_sgemm<float, float, (int)1024, (int)5, (int)5, (int)3, (int)3, (int)3, (int)1, (bool)1, (bool)0, (bool)1>(int, int, int, const T1 *, int, T2 *, T1 *, kernel_conv_params, int, float, float, int, T2 *, T2 *, int, int)",[6166] python3.8,NVIDIA GeForce RTX 2080 Ti,"   25,    8,    1","    8,    8,    1","70,684",50.3405,43.46,35.35,63
120,11,vectorized_elementwise_kernel,"void at::native::vectorized_elementwise_kernel<(int)4, at::native::BUnaryFunctor<at::native::AddFunctor<long>>, at::detail::Array<char *, (int)2>>(int, T2, T3)",[6166] python3.8,NVIDIA GeForce RTX 2080 Ti,"    1,    1,    1","   64,    1,    1","4,677",2.4605,0.01,0.32,20
121,8,bn_fw_tr_1C11_singleread,"void cudnn::detail::bn_fw_tr_1C11_singleread<float, (int)512, (bool)1, (int)1, (int)2, (int)0>(cudnnTensorStruct, const T1 *, cudnnTensorStruct, T1 *, const float *, const float *, float, float, float *, float *, float *, float *, float, float, cudnn::reduced_divisor, int, cudnn::reduced_divisor, cudnn::detail::bnFwPersistentState *, int, float, float, float, int, float, float, cudnnStatus_t *, bool)",[6166] python3.8,NVIDIA GeForce RTX 2080 Ti,"  256,    1,    1","  512,    1,    1","12,720",11.191,33.51,30.13,38
122,7,vectorized_elementwise_kernel,"void at::native::vectorized_elementwise_kernel<(int)4, at::native::<unnamed>::clamp_min_scalar_kernel_impl(at::TensorIterator &, c10::Scalar)::[lambda() (instance 1)]::operator ()() const::[lambda() (instance 8)]::operator ()() const::[lambda(float) (instance 1)], at::detail::Array<char *, (int)2>>(int, T2, T3)",[6166] python3.8,NVIDIA GeForce RTX 2080 Ti,"  784,    1,    1","   64,    1,    1","5,198",4.0755,3.57,41.29,18
123,13,implicit_convolve_sgemm,"void cudnn::detail::implicit_convolve_sgemm<float, float, (int)1024, (int)5, (int)5, (int)3, (int)3, (int)3, (int)1, (bool)1, (bool)0, (bool)1>(int, int, int, const T1 *, int, T2 *, T1 *, kernel_conv_params, int, float, float, int, T2 *, T2 *, int, int)",[6166] python3.8,NVIDIA GeForce RTX 2080 Ti,"    7,    8,    1","    8,    8,    1","214,033",152.3325,17.84,16.58,63
124,11,vectorized_elementwise_kernel,"void at::native::vectorized_elementwise_kernel<(int)4, at::native::BUnaryFunctor<at::native::AddFunctor<long>>, at::detail::Array<char *, (int)2>>(int, T2, T3)",[6166] python3.8,NVIDIA GeForce RTX 2080 Ti,"    1,    1,    1","   64,    1,    1","2,824",2.527,0.01,0.41,20
125,10,bn_fw_tr_1C11_singleread,"void cudnn::detail::bn_fw_tr_1C11_singleread<float, (int)512, (bool)1, (int)1, (int)2, (int)0>(cudnnTensorStruct, const T1 *, cudnnTensorStruct, T1 *, const float *, const float *, float, float, float *, float *, float *, float *, float, float, cudnn::reduced_divisor, int, cudnn::reduced_divisor, cudnn::detail::bnFwPersistentState *, int, float, float, float, int, float, float, cudnnStatus_t *, bool)",[6166] python3.8,NVIDIA GeForce RTX 2080 Ti,"  256,    1,    1","  512,    1,    1","10,582",8.3315,31.14,28.58,38
126,8,vectorized_elementwise_kernel,"void at::native::vectorized_elementwise_kernel<(int)4, at::native::<unnamed>::clamp_min_scalar_kernel_impl(at::TensorIterator &, c10::Scalar)::[lambda() (instance 1)]::operator ()() const::[lambda() (instance 8)]::operator ()() const::[lambda(float) (instance 1)], at::detail::Array<char *, (int)2>>(int, T2, T3)",[6166] python3.8,NVIDIA GeForce RTX 2080 Ti,"  196,    1,    1","   64,    1,    1","3,470",2.888,1.33,12.34,18
127,10,implicit_convolve_sgemm,"void cudnn::detail::implicit_convolve_sgemm<float, float, (int)1024, (int)5, (int)5, (int)3, (int)3, (int)3, (int)1, (bool)1, (bool)0, (bool)1>(int, int, int, const T1 *, int, T2 *, T1 *, kernel_conv_params, int, float, float, int, T2 *, T2 *, int, int)",[6166] python3.8,NVIDIA GeForce RTX 2080 Ti,"    7,   32,    1","    8,    8,    1","44,456",31.521,39.14,32.79,63
128,11,vectorized_elementwise_kernel,"void at::native::vectorized_elementwise_kernel<(int)4, at::native::BUnaryFunctor<at::native::AddFunctor<long>>, at::detail::Array<char *, (int)2>>(int, T2, T3)",[6166] python3.8,NVIDIA GeForce RTX 2080 Ti,"    1,    1,    1","   64,    1,    1","2,842",2.432,0.01,1.08,20
129,12,bn_fw_tr_1C11_singleread,"void cudnn::detail::bn_fw_tr_1C11_singleread<float, (int)512, (bool)1, (int)1, (int)2, (int)0>(cudnnTensorStruct, const T1 *, cudnnTensorStruct, T1 *, const float *, const float *, float, float, float *, float *, float *, float *, float, float, cudnn::reduced_divisor, int, cudnn::reduced_divisor, cudnn::detail::bnFwPersistentState *, int, float, float, float, int, float, float, cudnnStatus_t *, bool)",[6166] python3.8,NVIDIA GeForce RTX 2080 Ti," 1024,    1,    1","  512,    1,    1","32,436",22.895,39.93,37.35,38
130,11,computeOffsetsKernel,cudnn::gemm::computeOffsetsKernel(cudnn::gemm::ComputeOffsetsParams),[6166] python3.8,NVIDIA GeForce RTX 2080 Ti,"    2,    1,    1","  128,    1,    1","2,637",3.3155,0.09,1.11,16
131,13,volta_scudnn_128x64_relu_interior_nn_v1,volta_scudnn_128x64_relu_interior_nn_v1,[6166] python3.8,NVIDIA GeForce RTX 2080 Ti,"    2,   16,    1","  128,    1,    1","95,813",65.911,32.55,15.79,128
132,11,vectorized_elementwise_kernel,"void at::native::vectorized_elementwise_kernel<(int)4, at::native::BUnaryFunctor<at::native::AddFunctor<long>>, at::detail::Array<char *, (int)2>>(int, T2, T3)",[6166] python3.8,NVIDIA GeForce RTX 2080 Ti,"    1,    1,    1","   64,    1,    1","2,830",3.496,0.01,0.37,20
133,12,bn_fw_tr_1C11_singleread,"void cudnn::detail::bn_fw_tr_1C11_singleread<float, (int)512, (bool)1, (int)1, (int)2, (int)0>(cudnnTensorStruct, const T1 *, cudnnTensorStruct, T1 *, const float *, const float *, float, float, float *, float *, float *, float *, float, float, cudnn::reduced_divisor, int, cudnn::reduced_divisor, cudnn::detail::bnFwPersistentState *, int, float, float, float, int, float, float, cudnnStatus_t *, bool)",[6166] python3.8,NVIDIA GeForce RTX 2080 Ti," 1024,    1,    1","  512,    1,    1","31,778",35.2355,40.79,38.15,38
134,7,vectorized_elementwise_kernel,"void at::native::vectorized_elementwise_kernel<(int)4, at::native::AddFunctor<float>, at::detail::Array<char *, (int)3>>(int, T2, T3)",[6166] python3.8,NVIDIA GeForce RTX 2080 Ti,"  784,    1,    1","   64,    1,    1","7,036",7.2675,3.29,47.59,20
135,7,vectorized_elementwise_kernel,"void at::native::vectorized_elementwise_kernel<(int)4, at::native::<unnamed>::clamp_min_scalar_kernel_impl(at::TensorIterator &, c10::Scalar)::[lambda() (instance 1)]::operator ()() const::[lambda() (instance 8)]::operator ()() const::[lambda(float) (instance 1)], at::detail::Array<char *, (int)2>>(int, T2, T3)",[6166] python3.8,NVIDIA GeForce RTX 2080 Ti,"  784,    1,    1","   64,    1,    1","5,178",5.8045,3.58,32.93,18
136,13,implicit_convolve_sgemm,"void cudnn::detail::implicit_convolve_sgemm<float, float, (int)1024, (int)5, (int)5, (int)3, (int)3, (int)3, (int)1, (bool)1, (bool)0, (bool)1>(int, int, int, const T1 *, int, T2 *, T1 *, kernel_conv_params, int, float, float, int, T2 *, T2 *, int, int)",[6166] python3.8,NVIDIA GeForce RTX 2080 Ti,"    7,    8,    1","    8,    8,    1","97,741",69.7395,17.42,14.01,63
137,11,vectorized_elementwise_kernel,"void at::native::vectorized_elementwise_kernel<(int)4, at::native::BUnaryFunctor<at::native::AddFunctor<long>>, at::detail::Array<char *, (int)2>>(int, T2, T3)",[6166] python3.8,NVIDIA GeForce RTX 2080 Ti,"    1,    1,    1","   64,    1,    1","2,822",2.4605,0.01,0.95,20
138,12,bn_fw_tr_1C11_singleread,"void cudnn::detail::bn_fw_tr_1C11_singleread<float, (int)512, (bool)1, (int)1, (int)2, (int)0>(cudnnTensorStruct, const T1 *, cudnnTensorStruct, T1 *, const float *, const float *, float, float, float *, float *, float *, float *, float, float, cudnn::reduced_divisor, int, cudnn::reduced_divisor, cudnn::detail::bnFwPersistentState *, int, float, float, float, int, float, float, cudnnStatus_t *, bool)",[6166] python3.8,NVIDIA GeForce RTX 2080 Ti,"  256,    1,    1","  512,    1,    1","10,587",8.0275,31.11,28.55,38
139,8,vectorized_elementwise_kernel,"void at::native::vectorized_elementwise_kernel<(int)4, at::native::<unnamed>::clamp_min_scalar_kernel_impl(at::TensorIterator &, c10::Scalar)::[lambda() (instance 1)]::operator ()() const::[lambda() (instance 8)]::operator ()() const::[lambda(float) (instance 1)], at::detail::Array<char *, (int)2>>(int, T2, T3)",[6166] python3.8,NVIDIA GeForce RTX 2080 Ti,"  196,    1,    1","   64,    1,    1","3,449",2.9165,1.34,12.52,18
140,11,generateWinogradTilesKernel,"void cudnn::winograd::generateWinogradTilesKernel<(int)0, float, float>(cudnn::winograd::GenerateWinogradTilesParams<T2, T3>)",[6166] python3.8,NVIDIA GeForce RTX 2080 Ti,"    8,   64,    1","   32,    4,    1","16,832",11.343,16.34,44.52,62
141,9,volta_scudnn_winograd_128x128_ldg1_ldg4_relu_tile148t_nt_v1,volta_scudnn_winograd_128x128_ldg1_ldg4_relu_tile148t_nt_v1,[6166] python3.8,NVIDIA GeForce RTX 2080 Ti,"    8,    2,    1","  256,    1,    1","90,811",64.9325,18.29,12.47,126
142,11,vectorized_elementwise_kernel,"void at::native::vectorized_elementwise_kernel<(int)4, at::native::BUnaryFunctor<at::native::AddFunctor<long>>, at::detail::Array<char *, (int)2>>(int, T2, T3)",[6166] python3.8,NVIDIA GeForce RTX 2080 Ti,"    1,    1,    1","   64,    1,    1","2,840",3.5245,0.01,0.48,20
143,10,bn_fw_tr_1C11_singleread,"void cudnn::detail::bn_fw_tr_1C11_singleread<float, (int)512, (bool)1, (int)1, (int)2, (int)0>(cudnnTensorStruct, const T1 *, cudnnTensorStruct, T1 *, const float *, const float *, float, float, float *, float *, float *, float *, float, float, cudnn::reduced_divisor, int, cudnn::reduced_divisor, cudnn::detail::bnFwPersistentState *, int, float, float, float, int, float, float, cudnnStatus_t *, bool)",[6166] python3.8,NVIDIA GeForce RTX 2080 Ti,"  256,    1,    1","  512,    1,    1","11,011",9.481,29.91,27.45,38
144,8,vectorized_elementwise_kernel,"void at::native::vectorized_elementwise_kernel<(int)4, at::native::<unnamed>::clamp_min_scalar_kernel_impl(at::TensorIterator &, c10::Scalar)::[lambda() (instance 1)]::operator ()() const::[lambda() (instance 8)]::operator ()() const::[lambda(float) (instance 1)], at::detail::Array<char *, (int)2>>(int, T2, T3)",[6166] python3.8,NVIDIA GeForce RTX 2080 Ti,"  196,    1,    1","   64,    1,    1","3,475",3.6765,1.33,12.3,18
145,10,implicit_convolve_sgemm,"void cudnn::detail::implicit_convolve_sgemm<float, float, (int)1024, (int)5, (int)5, (int)3, (int)3, (int)3, (int)1, (bool)1, (bool)0, (bool)1>(int, int, int, const T1 *, int, T2 *, T1 *, kernel_conv_params, int, float, float, int, T2 *, T2 *, int, int)",[6166] python3.8,NVIDIA GeForce RTX 2080 Ti,"    7,   32,    1","    8,    8,    1","45,539",32.984,38.26,32.06,63
146,11,vectorized_elementwise_kernel,"void at::native::vectorized_elementwise_kernel<(int)4, at::native::BUnaryFunctor<at::native::AddFunctor<long>>, at::detail::Array<char *, (int)2>>(int, T2, T3)",[6166] python3.8,NVIDIA GeForce RTX 2080 Ti,"    1,    1,    1","   64,    1,    1","2,958",2.4605,0.01,0.53,20
147,12,bn_fw_tr_1C11_singleread,"void cudnn::detail::bn_fw_tr_1C11_singleread<float, (int)512, (bool)1, (int)1, (int)2, (int)0>(cudnnTensorStruct, const T1 *, cudnnTensorStruct, T1 *, const float *, const float *, float, float, float *, float *, float *, float *, float, float, cudnn::reduced_divisor, int, cudnn::reduced_divisor, cudnn::detail::bnFwPersistentState *, int, float, float, float, int, float, float, cudnnStatus_t *, bool)",[6166] python3.8,NVIDIA GeForce RTX 2080 Ti," 1024,    1,    1","  512,    1,    1","31,571",24.2915,41.1,38.44,38
148,7,vectorized_elementwise_kernel,"void at::native::vectorized_elementwise_kernel<(int)4, at::native::AddFunctor<float>, at::detail::Array<char *, (int)3>>(int, T2, T3)",[6166] python3.8,NVIDIA GeForce RTX 2080 Ti,"  784,    1,    1","   64,    1,    1","6,787",5.415,3.42,49.63,20
149,7,vectorized_elementwise_kernel,"void at::native::vectorized_elementwise_kernel<(int)4, at::native::<unnamed>::clamp_min_scalar_kernel_impl(at::TensorIterator &, c10::Scalar)::[lambda() (instance 1)]::operator ()() const::[lambda() (instance 8)]::operator ()() const::[lambda(float) (instance 1)], at::detail::Array<char *, (int)2>>(int, T2, T3)",[6166] python3.8,NVIDIA GeForce RTX 2080 Ti,"  784,    1,    1","   64,    1,    1","5,161",4.256,3.59,32.56,18
150,13,implicit_convolve_sgemm,"void cudnn::detail::implicit_convolve_sgemm<float, float, (int)1024, (int)5, (int)5, (int)3, (int)3, (int)3, (int)1, (bool)1, (bool)0, (bool)1>(int, int, int, const T1 *, int, T2 *, T1 *, kernel_conv_params, int, float, float, int, T2 *, T2 *, int, int)",[6166] python3.8,NVIDIA GeForce RTX 2080 Ti,"    7,    8,    1","    8,    8,    1","98,093",69.521,17.35,13.96,63
151,11,vectorized_elementwise_kernel,"void at::native::vectorized_elementwise_kernel<(int)4, at::native::BUnaryFunctor<at::native::AddFunctor<long>>, at::detail::Array<char *, (int)2>>(int, T2, T3)",[6166] python3.8,NVIDIA GeForce RTX 2080 Ti,"    1,    1,    1","   64,    1,    1","2,941",2.4605,0.01,0.82,20
152,12,bn_fw_tr_1C11_singleread,"void cudnn::detail::bn_fw_tr_1C11_singleread<float, (int)512, (bool)1, (int)1, (int)2, (int)0>(cudnnTensorStruct, const T1 *, cudnnTensorStruct, T1 *, const float *, const float *, float, float, float *, float *, float *, float *, float, float, cudnn::reduced_divisor, int, cudnn::reduced_divisor, cudnn::detail::bnFwPersistentState *, int, float, float, float, int, float, float, cudnnStatus_t *, bool)",[6166] python3.8,NVIDIA GeForce RTX 2080 Ti,"  256,    1,    1","  512,    1,    1","10,380",8.0845,31.82,29.14,38
153,8,vectorized_elementwise_kernel,"void at::native::vectorized_elementwise_kernel<(int)4, at::native::<unnamed>::clamp_min_scalar_kernel_impl(at::TensorIterator &, c10::Scalar)::[lambda() (instance 1)]::operator ()() const::[lambda() (instance 8)]::operator ()() const::[lambda(float) (instance 1)], at::detail::Array<char *, (int)2>>(int, T2, T3)",[6166] python3.8,NVIDIA GeForce RTX 2080 Ti,"  196,    1,    1","   64,    1,    1","3,499",2.8595,1.32,17.32,18
154,11,generateWinogradTilesKernel,"void cudnn::winograd::generateWinogradTilesKernel<(int)0, float, float>(cudnn::winograd::GenerateWinogradTilesParams<T2, T3>)",[6166] python3.8,NVIDIA GeForce RTX 2080 Ti,"    8,   64,    1","   32,    4,    1","12,379",14.079,22.26,60.47,62
155,9,volta_scudnn_winograd_128x128_ldg1_ldg4_relu_tile148t_nt_v1,volta_scudnn_winograd_128x128_ldg1_ldg4_relu_tile148t_nt_v1,[6166] python3.8,NVIDIA GeForce RTX 2080 Ti,"    8,    2,    1","  256,    1,    1","91,043",64.7235,18.24,12.43,126
156,11,vectorized_elementwise_kernel,"void at::native::vectorized_elementwise_kernel<(int)4, at::native::BUnaryFunctor<at::native::AddFunctor<long>>, at::detail::Array<char *, (int)2>>(int, T2, T3)",[6166] python3.8,NVIDIA GeForce RTX 2080 Ti,"    1,    1,    1","   64,    1,    1","2,866",3.439,0.01,0.55,20
157,10,bn_fw_tr_1C11_singleread,"void cudnn::detail::bn_fw_tr_1C11_singleread<float, (int)512, (bool)1, (int)1, (int)2, (int)0>(cudnnTensorStruct, const T1 *, cudnnTensorStruct, T1 *, const float *, const float *, float, float, float *, float *, float *, float *, float, float, cudnn::reduced_divisor, int, cudnn::reduced_divisor, cudnn::detail::bnFwPersistentState *, int, float, float, float, int, float, float, cudnnStatus_t *, bool)",[6166] python3.8,NVIDIA GeForce RTX 2080 Ti,"  256,    1,    1","  512,    1,    1","10,643",8.3315,31.02,28.41,38
158,8,vectorized_elementwise_kernel,"void at::native::vectorized_elementwise_kernel<(int)4, at::native::<unnamed>::clamp_min_scalar_kernel_impl(at::TensorIterator &, c10::Scalar)::[lambda() (instance 1)]::operator ()() const::[lambda() (instance 8)]::operator ()() const::[lambda(float) (instance 1)], at::detail::Array<char *, (int)2>>(int, T2, T3)",[6166] python3.8,NVIDIA GeForce RTX 2080 Ti,"  196,    1,    1","   64,    1,    1","3,470",4.161,1.33,12.71,18
159,10,implicit_convolve_sgemm,"void cudnn::detail::implicit_convolve_sgemm<float, float, (int)1024, (int)5, (int)5, (int)3, (int)3, (int)3, (int)1, (bool)1, (bool)0, (bool)1>(int, int, int, const T1 *, int, T2 *, T1 *, kernel_conv_params, int, float, float, int, T2 *, T2 *, int, int)",[6166] python3.8,NVIDIA GeForce RTX 2080 Ti,"    7,   32,    1","    8,    8,    1","43,917",32.281,39.64,33.21,63
160,11,vectorized_elementwise_kernel,"void at::native::vectorized_elementwise_kernel<(int)4, at::native::BUnaryFunctor<at::native::AddFunctor<long>>, at::detail::Array<char *, (int)2>>(int, T2, T3)",[6166] python3.8,NVIDIA GeForce RTX 2080 Ti,"    1,    1,    1","   64,    1,    1","2,835",2.432,0.01,1.68,20
161,12,bn_fw_tr_1C11_singleread,"void cudnn::detail::bn_fw_tr_1C11_singleread<float, (int)512, (bool)1, (int)1, (int)2, (int)0>(cudnnTensorStruct, const T1 *, cudnnTensorStruct, T1 *, const float *, const float *, float, float, float *, float *, float *, float *, float, float, cudnn::reduced_divisor, int, cudnn::reduced_divisor, cudnn::detail::bnFwPersistentState *, int, float, float, float, int, float, float, cudnnStatus_t *, bool)",[6166] python3.8,NVIDIA GeForce RTX 2080 Ti," 1024,    1,    1","  512,    1,    1","31,713",22.952,40.86,38.22,38
162,7,vectorized_elementwise_kernel,"void at::native::vectorized_elementwise_kernel<(int)4, at::native::AddFunctor<float>, at::detail::Array<char *, (int)3>>(int, T2, T3)",[6166] python3.8,NVIDIA GeForce RTX 2080 Ti,"  784,    1,    1","   64,    1,    1","6,684",5.9565,3.47,50.18,20
163,7,vectorized_elementwise_kernel,"void at::native::vectorized_elementwise_kernel<(int)4, at::native::<unnamed>::clamp_min_scalar_kernel_impl(at::TensorIterator &, c10::Scalar)::[lambda() (instance 1)]::operator ()() const::[lambda() (instance 8)]::operator ()() const::[lambda(float) (instance 1)], at::detail::Array<char *, (int)2>>(int, T2, T3)",[6166] python3.8,NVIDIA GeForce RTX 2080 Ti,"  784,    1,    1","   64,    1,    1","5,755",4.104,3.22,29.89,18
164,13,implicit_convolve_sgemm,"void cudnn::detail::implicit_convolve_sgemm<float, float, (int)1024, (int)5, (int)5, (int)3, (int)3, (int)3, (int)1, (bool)1, (bool)0, (bool)1>(int, int, int, const T1 *, int, T2 *, T1 *, kernel_conv_params, int, float, float, int, T2 *, T2 *, int, int)",[6166] python3.8,NVIDIA GeForce RTX 2080 Ti,"    7,    8,    1","    8,    8,    1","98,356",70.433,17.29,13.91,63
165,11,vectorized_elementwise_kernel,"void at::native::vectorized_elementwise_kernel<(int)4, at::native::BUnaryFunctor<at::native::AddFunctor<long>>, at::detail::Array<char *, (int)2>>(int, T2, T3)",[6166] python3.8,NVIDIA GeForce RTX 2080 Ti,"    1,    1,    1","   64,    1,    1","2,822",3.401,0.01,0.44,20
166,12,bn_fw_tr_1C11_singleread,"void cudnn::detail::bn_fw_tr_1C11_singleread<float, (int)512, (bool)1, (int)1, (int)2, (int)0>(cudnnTensorStruct, const T1 *, cudnnTensorStruct, T1 *, const float *, const float *, float, float, float *, float *, float *, float *, float, float, cudnn::reduced_divisor, int, cudnn::reduced_divisor, cudnn::detail::bnFwPersistentState *, int, float, float, float, int, float, float, cudnnStatus_t *, bool)",[6166] python3.8,NVIDIA GeForce RTX 2080 Ti,"  256,    1,    1","  512,    1,    1","10,416",8.721,31.62,29.02,38
167,8,vectorized_elementwise_kernel,"void at::native::vectorized_elementwise_kernel<(int)4, at::native::<unnamed>::clamp_min_scalar_kernel_impl(at::TensorIterator &, c10::Scalar)::[lambda() (instance 1)]::operator ()() const::[lambda() (instance 8)]::operator ()() const::[lambda(float) (instance 1)], at::detail::Array<char *, (int)2>>(int, T2, T3)",[6166] python3.8,NVIDIA GeForce RTX 2080 Ti,"  196,    1,    1","   64,    1,    1","3,463",4.408,1.33,12.11,18
168,11,generateWinogradTilesKernel,"void cudnn::winograd::generateWinogradTilesKernel<(int)0, float, float>(cudnn::winograd::GenerateWinogradTilesParams<T2, T3>)",[6166] python3.8,NVIDIA GeForce RTX 2080 Ti,"    8,   64,    1","   32,    4,    1","12,517",13.5565,22.02,56.76,62
169,9,volta_scudnn_winograd_128x128_ldg1_ldg4_relu_tile148t_nt_v1,volta_scudnn_winograd_128x128_ldg1_ldg4_relu_tile148t_nt_v1,[6166] python3.8,NVIDIA GeForce RTX 2080 Ti,"    8,    2,    1","  256,    1,    1","90,644",64.144,18.31,16.02,126
170,11,vectorized_elementwise_kernel,"void at::native::vectorized_elementwise_kernel<(int)4, at::native::BUnaryFunctor<at::native::AddFunctor<long>>, at::detail::Array<char *, (int)2>>(int, T2, T3)",[6166] python3.8,NVIDIA GeForce RTX 2080 Ti,"    1,    1,    1","   64,    1,    1","2,871",2.4605,0.01,0.94,20
171,12,bn_fw_tr_1C11_singleread,"void cudnn::detail::bn_fw_tr_1C11_singleread<float, (int)512, (bool)1, (int)1, (int)2, (int)0>(cudnnTensorStruct, const T1 *, cudnnTensorStruct, T1 *, const float *, const float *, float, float, float *, float *, float *, float *, float, float, cudnn::reduced_divisor, int, cudnn::reduced_divisor, cudnn::detail::bnFwPersistentState *, int, float, float, float, int, float, float, cudnnStatus_t *, bool)",[6166] python3.8,NVIDIA GeForce RTX 2080 Ti,"  256,    1,    1","  512,    1,    1","10,464",8.1795,31.48,28.88,38
172,8,vectorized_elementwise_kernel,"void at::native::vectorized_elementwise_kernel<(int)4, at::native::<unnamed>::clamp_min_scalar_kernel_impl(at::TensorIterator &, c10::Scalar)::[lambda() (instance 1)]::operator ()() const::[lambda() (instance 8)]::operator ()() const::[lambda(float) (instance 1)], at::detail::Array<char *, (int)2>>(int, T2, T3)",[6166] python3.8,NVIDIA GeForce RTX 2080 Ti,"  196,    1,    1","   64,    1,    1","3,493",3.9235,1.32,12.14,18
173,10,implicit_convolve_sgemm,"void cudnn::detail::implicit_convolve_sgemm<float, float, (int)1024, (int)5, (int)5, (int)3, (int)3, (int)3, (int)1, (bool)1, (bool)0, (bool)1>(int, int, int, const T1 *, int, T2 *, T1 *, kernel_conv_params, int, float, float, int, T2 *, T2 *, int, int)",[6166] python3.8,NVIDIA GeForce RTX 2080 Ti,"    7,   32,    1","    8,    8,    1","44,394",32.585,39.2,32.84,63
174,11,vectorized_elementwise_kernel,"void at::native::vectorized_elementwise_kernel<(int)4, at::native::BUnaryFunctor<at::native::AddFunctor<long>>, at::detail::Array<char *, (int)2>>(int, T2, T3)",[6166] python3.8,NVIDIA GeForce RTX 2080 Ti,"    1,    1,    1","   64,    1,    1","2,867",3.1635,0.01,0.69,20
175,12,bn_fw_tr_1C11_singleread,"void cudnn::detail::bn_fw_tr_1C11_singleread<float, (int)512, (bool)1, (int)1, (int)2, (int)0>(cudnnTensorStruct, const T1 *, cudnnTensorStruct, T1 *, const float *, const float *, float, float, float *, float *, float *, float *, float, float, cudnn::reduced_divisor, int, cudnn::reduced_divisor, cudnn::detail::bnFwPersistentState *, int, float, float, float, int, float, float, cudnnStatus_t *, bool)",[6166] python3.8,NVIDIA GeForce RTX 2080 Ti," 1024,    1,    1","  512,    1,    1","31,900",24.2915,40.63,38.01,38
176,7,vectorized_elementwise_kernel,"void at::native::vectorized_elementwise_kernel<(int)4, at::native::AddFunctor<float>, at::detail::Array<char *, (int)3>>(int, T2, T3)",[6166] python3.8,NVIDIA GeForce RTX 2080 Ti,"  784,    1,    1","   64,    1,    1","6,758",6.0515,3.43,49.55,20
177,7,vectorized_elementwise_kernel,"void at::native::vectorized_elementwise_kernel<(int)4, at::native::<unnamed>::clamp_min_scalar_kernel_impl(at::TensorIterator &, c10::Scalar)::[lambda() (instance 1)]::operator ()() const::[lambda() (instance 8)]::operator ()() const::[lambda(float) (instance 1)], at::detail::Array<char *, (int)2>>(int, T2, T3)",[6166] python3.8,NVIDIA GeForce RTX 2080 Ti,"  784,    1,    1","   64,    1,    1","5,029",4.1325,3.69,33.87,18
178,13,implicit_convolve_sgemm,"void cudnn::detail::implicit_convolve_sgemm<float, float, (int)1024, (int)5, (int)5, (int)3, (int)3, (int)3, (int)1, (bool)1, (bool)0, (bool)1>(int, int, int, const T1 *, int, T2 *, T1 *, kernel_conv_params, int, float, float, int, T2 *, T2 *, int, int)",[6166] python3.8,NVIDIA GeForce RTX 2080 Ti,"    7,    8,    1","    8,    8,    1","97,592",69.863,17.44,14.03,63
179,11,vectorized_elementwise_kernel,"void at::native::vectorized_elementwise_kernel<(int)4, at::native::BUnaryFunctor<at::native::AddFunctor<long>>, at::detail::Array<char *, (int)2>>(int, T2, T3)",[6166] python3.8,NVIDIA GeForce RTX 2080 Ti,"    1,    1,    1","   64,    1,    1","2,802",2.4605,0.01,0.84,20
180,12,bn_fw_tr_1C11_singleread,"void cudnn::detail::bn_fw_tr_1C11_singleread<float, (int)512, (bool)1, (int)1, (int)2, (int)0>(cudnnTensorStruct, const T1 *, cudnnTensorStruct, T1 *, const float *, const float *, float, float, float *, float *, float *, float *, float, float, cudnn::reduced_divisor, int, cudnn::reduced_divisor, cudnn::detail::bnFwPersistentState *, int, float, float, float, int, float, float, cudnnStatus_t *, bool)",[6166] python3.8,NVIDIA GeForce RTX 2080 Ti,"  256,    1,    1","  512,    1,    1","10,491",8.0275,31.39,28.8,38
181,8,vectorized_elementwise_kernel,"void at::native::vectorized_elementwise_kernel<(int)4, at::native::<unnamed>::clamp_min_scalar_kernel_impl(at::TensorIterator &, c10::Scalar)::[lambda() (instance 1)]::operator ()() const::[lambda() (instance 8)]::operator ()() const::[lambda(float) (instance 1)], at::detail::Array<char *, (int)2>>(int, T2, T3)",[6166] python3.8,NVIDIA GeForce RTX 2080 Ti,"  196,    1,    1","   64,    1,    1","3,441",2.9165,1.34,12.51,18
182,11,generateWinogradTilesKernel,"void cudnn::winograd::generateWinogradTilesKernel<(int)0, float, float>(cudnn::winograd::GenerateWinogradTilesParams<T2, T3>)",[6166] python3.8,NVIDIA GeForce RTX 2080 Ti,"    8,   64,    1","   32,    4,    1","18,019",11.4285,15.25,64.42,62
183,9,volta_scudnn_winograd_128x128_ldg1_ldg4_relu_tile148t_nt_v1,volta_scudnn_winograd_128x128_ldg1_ldg4_relu_tile148t_nt_v1,[6166] python3.8,NVIDIA GeForce RTX 2080 Ti,"    8,    2,    1","  256,    1,    1","95,474",64.657,17.73,12.08,126
184,11,vectorized_elementwise_kernel,"void at::native::vectorized_elementwise_kernel<(int)4, at::native::BUnaryFunctor<at::native::AddFunctor<long>>, at::detail::Array<char *, (int)2>>(int, T2, T3)",[6166] python3.8,NVIDIA GeForce RTX 2080 Ti,"    1,    1,    1","   64,    1,    1","2,940",2.432,0.01,0.95,20
185,10,bn_fw_tr_1C11_singleread,"void cudnn::detail::bn_fw_tr_1C11_singleread<float, (int)512, (bool)1, (int)1, (int)2, (int)0>(cudnnTensorStruct, const T1 *, cudnnTensorStruct, T1 *, const float *, const float *, float, float, float *, float *, float *, float *, float, float, cudnn::reduced_divisor, int, cudnn::reduced_divisor, cudnn::detail::bnFwPersistentState *, int, float, float, float, int, float, float, cudnnStatus_t *, bool)",[6166] python3.8,NVIDIA GeForce RTX 2080 Ti,"  256,    1,    1","  512,    1,    1","10,500",9.3005,31.39,28.8,38
186,8,vectorized_elementwise_kernel,"void at::native::vectorized_elementwise_kernel<(int)4, at::native::<unnamed>::clamp_min_scalar_kernel_impl(at::TensorIterator &, c10::Scalar)::[lambda() (instance 1)]::operator ()() const::[lambda() (instance 8)]::operator ()() const::[lambda(float) (instance 1)], at::detail::Array<char *, (int)2>>(int, T2, T3)",[6166] python3.8,NVIDIA GeForce RTX 2080 Ti,"  196,    1,    1","   64,    1,    1","3,471",2.888,1.33,12.15,18
187,10,implicit_convolve_sgemm,"void cudnn::detail::implicit_convolve_sgemm<float, float, (int)1024, (int)5, (int)5, (int)3, (int)3, (int)3, (int)1, (bool)1, (bool)0, (bool)1>(int, int, int, const T1 *, int, T2 *, T1 *, kernel_conv_params, int, float, float, int, T2 *, T2 *, int, int)",[6166] python3.8,NVIDIA GeForce RTX 2080 Ti,"    7,   32,    1","    8,    8,    1","43,437",33.136,40.05,33.56,63
188,11,vectorized_elementwise_kernel,"void at::native::vectorized_elementwise_kernel<(int)4, at::native::BUnaryFunctor<at::native::AddFunctor<long>>, at::detail::Array<char *, (int)2>>(int, T2, T3)",[6166] python3.8,NVIDIA GeForce RTX 2080 Ti,"    1,    1,    1","   64,    1,    1","2,930",2.432,0.01,3.81,20
189,12,bn_fw_tr_1C11_singleread,"void cudnn::detail::bn_fw_tr_1C11_singleread<float, (int)512, (bool)1, (int)1, (int)2, (int)0>(cudnnTensorStruct, const T1 *, cudnnTensorStruct, T1 *, const float *, const float *, float, float, float *, float *, float *, float *, float, float, cudnn::reduced_divisor, int, cudnn::reduced_divisor, cudnn::detail::bnFwPersistentState *, int, float, float, float, int, float, float, cudnnStatus_t *, bool)",[6166] python3.8,NVIDIA GeForce RTX 2080 Ti," 1024,    1,    1","  512,    1,    1","31,688",23.2845,40.88,38.24,38
190,7,vectorized_elementwise_kernel,"void at::native::vectorized_elementwise_kernel<(int)4, at::native::AddFunctor<float>, at::detail::Array<char *, (int)3>>(int, T2, T3)",[6166] python3.8,NVIDIA GeForce RTX 2080 Ti,"  784,    1,    1","   64,    1,    1","6,696",5.225,3.47,63.66,20
191,7,vectorized_elementwise_kernel,"void at::native::vectorized_elementwise_kernel<(int)4, at::native::<unnamed>::clamp_min_scalar_kernel_impl(at::TensorIterator &, c10::Scalar)::[lambda() (instance 1)]::operator ()() const::[lambda() (instance 8)]::operator ()() const::[lambda(float) (instance 1)], at::detail::Array<char *, (int)2>>(int, T2, T3)",[6166] python3.8,NVIDIA GeForce RTX 2080 Ti,"  784,    1,    1","   64,    1,    1","4,984",5.681,3.72,33.45,18
192,13,implicit_convolve_sgemm,"void cudnn::detail::implicit_convolve_sgemm<float, float, (int)1024, (int)5, (int)5, (int)3, (int)3, (int)3, (int)1, (bool)1, (bool)0, (bool)1>(int, int, int, const T1 *, int, T2 *, T1 *, kernel_conv_params, int, float, float, int, T2 *, T2 *, int, int)",[6166] python3.8,NVIDIA GeForce RTX 2080 Ti,"    7,    8,    1","    8,    8,    1","98,484",69.7965,17.27,13.89,63
193,11,vectorized_elementwise_kernel,"void at::native::vectorized_elementwise_kernel<(int)4, at::native::BUnaryFunctor<at::native::AddFunctor<long>>, at::detail::Array<char *, (int)2>>(int, T2, T3)",[6166] python3.8,NVIDIA GeForce RTX 2080 Ti,"    1,    1,    1","   64,    1,    1","2,795",2.489,0.01,0.4,20
194,10,bn_fw_tr_1C11_singleread,"void cudnn::detail::bn_fw_tr_1C11_singleread<float, (int)512, (bool)1, (int)1, (int)2, (int)0>(cudnnTensorStruct, const T1 *, cudnnTensorStruct, T1 *, const float *, const float *, float, float, float *, float *, float *, float *, float, float, cudnn::reduced_divisor, int, cudnn::reduced_divisor, cudnn::detail::bnFwPersistentState *, int, float, float, float, int, float, float, cudnnStatus_t *, bool)",[6166] python3.8,NVIDIA GeForce RTX 2080 Ti,"  256,    1,    1","  512,    1,    1","10,732",9.0915,30.71,28.18,38
195,8,vectorized_elementwise_kernel,"void at::native::vectorized_elementwise_kernel<(int)4, at::native::<unnamed>::clamp_min_scalar_kernel_impl(at::TensorIterator &, c10::Scalar)::[lambda() (instance 1)]::operator ()() const::[lambda() (instance 8)]::operator ()() const::[lambda(float) (instance 1)], at::detail::Array<char *, (int)2>>(int, T2, T3)",[6166] python3.8,NVIDIA GeForce RTX 2080 Ti,"  196,    1,    1","   64,    1,    1","3,509",2.888,1.32,12.18,18
196,11,generateWinogradTilesKernel,"void cudnn::winograd::generateWinogradTilesKernel<(int)0, float, float>(cudnn::winograd::GenerateWinogradTilesParams<T2, T3>)",[6166] python3.8,NVIDIA GeForce RTX 2080 Ti,"    8,   64,    1","   32,    4,    1","17,099",11.1245,16.06,44.53,62
197,9,volta_scudnn_winograd_128x128_ldg1_ldg4_relu_tile148t_nt_v1,volta_scudnn_winograd_128x128_ldg1_ldg4_relu_tile148t_nt_v1,[6166] python3.8,NVIDIA GeForce RTX 2080 Ti,"    8,    2,    1","  256,    1,    1","90,430",64.296,18.35,16.05,126
198,11,vectorized_elementwise_kernel,"void at::native::vectorized_elementwise_kernel<(int)4, at::native::BUnaryFunctor<at::native::AddFunctor<long>>, at::detail::Array<char *, (int)2>>(int, T2, T3)",[6166] python3.8,NVIDIA GeForce RTX 2080 Ti,"    1,    1,    1","   64,    1,    1","2,869",3.496,0.01,0.4,20
199,12,bn_fw_tr_1C11_singleread,"void cudnn::detail::bn_fw_tr_1C11_singleread<float, (int)512, (bool)1, (int)1, (int)2, (int)0>(cudnnTensorStruct, const T1 *, cudnnTensorStruct, T1 *, const float *, const float *, float, float, float *, float *, float *, float *, float, float, cudnn::reduced_divisor, int, cudnn::reduced_divisor, cudnn::detail::bnFwPersistentState *, int, float, float, float, int, float, float, cudnnStatus_t *, bool)",[6166] python3.8,NVIDIA GeForce RTX 2080 Ti,"  256,    1,    1","  512,    1,    1","10,505",8.2365,31.41,28.82,38
200,8,vectorized_elementwise_kernel,"void at::native::vectorized_elementwise_kernel<(int)4, at::native::<unnamed>::clamp_min_scalar_kernel_impl(at::TensorIterator &, c10::Scalar)::[lambda() (instance 1)]::operator ()() const::[lambda() (instance 8)]::operator ()() const::[lambda(float) (instance 1)], at::detail::Array<char *, (int)2>>(int, T2, T3)",[6166] python3.8,NVIDIA GeForce RTX 2080 Ti,"  196,    1,    1","   64,    1,    1","3,488",2.888,1.32,12.12,18
201,10,implicit_convolve_sgemm,"void cudnn::detail::implicit_convolve_sgemm<float, float, (int)1024, (int)5, (int)5, (int)3, (int)3, (int)3, (int)1, (bool)1, (bool)0, (bool)1>(int, int, int, const T1 *, int, T2 *, T1 *, kernel_conv_params, int, float, float, int, T2 *, T2 *, int, int)",[6166] python3.8,NVIDIA GeForce RTX 2080 Ti,"    7,   32,    1","    8,    8,    1","44,366",32.528,39.32,32.94,63
202,11,vectorized_elementwise_kernel,"void at::native::vectorized_elementwise_kernel<(int)4, at::native::BUnaryFunctor<at::native::AddFunctor<long>>, at::detail::Array<char *, (int)2>>(int, T2, T3)",[6166] python3.8,NVIDIA GeForce RTX 2080 Ti,"    1,    1,    1","   64,    1,    1","2,919",2.432,0.01,1.78,20
203,12,bn_fw_tr_1C11_singleread,"void cudnn::detail::bn_fw_tr_1C11_singleread<float, (int)512, (bool)1, (int)1, (int)2, (int)0>(cudnnTensorStruct, const T1 *, cudnnTensorStruct, T1 *, const float *, const float *, float, float, float *, float *, float *, float *, float, float, cudnn::reduced_divisor, int, cudnn::reduced_divisor, cudnn::detail::bnFwPersistentState *, int, float, float, float, int, float, float, cudnnStatus_t *, bool)",[6166] python3.8,NVIDIA GeForce RTX 2080 Ti," 1024,    1,    1","  512,    1,    1","31,771",23.047,40.8,38.16,38
204,7,vectorized_elementwise_kernel,"void at::native::vectorized_elementwise_kernel<(int)4, at::native::AddFunctor<float>, at::detail::Array<char *, (int)3>>(int, T2, T3)",[6166] python3.8,NVIDIA GeForce RTX 2080 Ti,"  784,    1,    1","   64,    1,    1","6,749",6.935,3.44,50,20
205,7,vectorized_elementwise_kernel,"void at::native::vectorized_elementwise_kernel<(int)4, at::native::<unnamed>::clamp_min_scalar_kernel_impl(at::TensorIterator &, c10::Scalar)::[lambda() (instance 1)]::operator ()() const::[lambda() (instance 8)]::operator ()() const::[lambda(float) (instance 1)], at::detail::Array<char *, (int)2>>(int, T2, T3)",[6166] python3.8,NVIDIA GeForce RTX 2080 Ti,"  784,    1,    1","   64,    1,    1","5,099",5.8045,3.63,51.46,18
206,13,implicit_convolve_sgemm,"void cudnn::detail::implicit_convolve_sgemm<float, float, (int)1024, (int)5, (int)5, (int)3, (int)3, (int)3, (int)1, (bool)1, (bool)0, (bool)1>(int, int, int, const T1 *, int, T2 *, T1 *, kernel_conv_params, int, float, float, int, T2 *, T2 *, int, int)",[6166] python3.8,NVIDIA GeForce RTX 2080 Ti,"    7,   16,    1","    8,    8,    1","124,224",87.799,27.46,22.36,63
207,11,vectorized_elementwise_kernel,"void at::native::vectorized_elementwise_kernel<(int)4, at::native::BUnaryFunctor<at::native::AddFunctor<long>>, at::detail::Array<char *, (int)2>>(int, T2, T3)",[6166] python3.8,NVIDIA GeForce RTX 2080 Ti,"    1,    1,    1","   64,    1,    1","2,835",3.496,0.01,0.53,20
208,12,bn_fw_tr_1C11_singleread,"void cudnn::detail::bn_fw_tr_1C11_singleread<float, (int)512, (bool)1, (int)1, (int)2, (int)0>(cudnnTensorStruct, const T1 *, cudnnTensorStruct, T1 *, const float *, const float *, float, float, float *, float *, float *, float *, float, float, cudnn::reduced_divisor, int, cudnn::reduced_divisor, cudnn::detail::bnFwPersistentState *, int, float, float, float, int, float, float, cudnnStatus_t *, bool)",[6166] python3.8,NVIDIA GeForce RTX 2080 Ti,"  512,    1,    1","  512,    1,    1","18,295",13.072,35.67,33.15,38
209,7,vectorized_elementwise_kernel,"void at::native::vectorized_elementwise_kernel<(int)4, at::native::<unnamed>::clamp_min_scalar_kernel_impl(at::TensorIterator &, c10::Scalar)::[lambda() (instance 1)]::operator ()() const::[lambda() (instance 8)]::operator ()() const::[lambda(float) (instance 1)], at::detail::Array<char *, (int)2>>(int, T2, T3)",[6166] python3.8,NVIDIA GeForce RTX 2080 Ti,"  392,    1,    1","   64,    1,    1","4,074",3.3155,2.27,21.13,18
210,14,im2col4d_kernel,"void im2col4d_kernel<float, int>(im2col4d_params, cudnnConvolutionStruct, cudnnTensor4dStruct, const T1 *, T1 *, int)",[6166] python3.8,NVIDIA GeForce RTX 2080 Ti,"    1,   19,    1","  512,    1,    1","72,782",51.623,1.15,1.95,30
211,13,explicit_convolve_sgemm,"void cudnn::detail::explicit_convolve_sgemm<float, int, (int)128, (int)5, (int)5, (int)3, (int)3, (int)3, (int)0, (bool)1>(int, int, int, const T1 *, int, const T1 *, int, T1 *, kernel_conv_params, int, int, float, float, int, T1 *, T1 *)",[6166] python3.8,NVIDIA GeForce RTX 2080 Ti,"    2,   16,    1","    8,    8,    1","400,205",288.9235,8.7,8.03,70
212,11,vectorized_elementwise_kernel,"void at::native::vectorized_elementwise_kernel<(int)4, at::native::BUnaryFunctor<at::native::AddFunctor<long>>, at::detail::Array<char *, (int)2>>(int, T2, T3)",[6166] python3.8,NVIDIA GeForce RTX 2080 Ti,"    1,    1,    1","   64,    1,    1","2,840",2.489,0.01,1.05,20
213,12,bn_fw_tr_1C11_singleread,"void cudnn::detail::bn_fw_tr_1C11_singleread<float, (int)512, (bool)1, (int)1, (int)2, (int)0>(cudnnTensorStruct, const T1 *, cudnnTensorStruct, T1 *, const float *, const float *, float, float, float *, float *, float *, float *, float, float, cudnn::reduced_divisor, int, cudnn::reduced_divisor, cudnn::detail::bnFwPersistentState *, int, float, float, float, int, float, float, cudnnStatus_t *, bool)",[6166] python3.8,NVIDIA GeForce RTX 2080 Ti,"  512,    1,    1","  512,    1,    1","17,459",14.0125,34.95,32.9,38
214,9,vectorized_elementwise_kernel,"void at::native::vectorized_elementwise_kernel<(int)4, at::native::<unnamed>::clamp_min_scalar_kernel_impl(at::TensorIterator &, c10::Scalar)::[lambda() (instance 1)]::operator ()() const::[lambda() (instance 8)]::operator ()() const::[lambda(float) (instance 1)], at::detail::Array<char *, (int)2>>(int, T2, T3)",[6166] python3.8,NVIDIA GeForce RTX 2080 Ti,"   98,    1,    1","   64,    1,    1","3,308",2.641,0.7,6.93,18
215,13,implicit_convolve_sgemm,"void cudnn::detail::implicit_convolve_sgemm<float, float, (int)1024, (int)5, (int)5, (int)3, (int)3, (int)3, (int)1, (bool)1, (bool)0, (bool)1>(int, int, int, const T1 *, int, T2 *, T1 *, kernel_conv_params, int, float, float, int, T2 *, T2 *, int, int)",[6166] python3.8,NVIDIA GeForce RTX 2080 Ti,"    2,   64,    1","    8,    8,    1","67,076",47.975,29.33,24.74,63
216,11,vectorized_elementwise_kernel,"void at::native::vectorized_elementwise_kernel<(int)4, at::native::BUnaryFunctor<at::native::AddFunctor<long>>, at::detail::Array<char *, (int)2>>(int, T2, T3)",[6166] python3.8,NVIDIA GeForce RTX 2080 Ti,"    1,    1,    1","   64,    1,    1","2,849",2.4605,0.01,1.41,20
217,12,bn_fw_tr_1C11_singleread,"void cudnn::detail::bn_fw_tr_1C11_singleread<float, (int)512, (bool)1, (int)1, (int)2, (int)0>(cudnnTensorStruct, const T1 *, cudnnTensorStruct, T1 *, const float *, const float *, float, float, float *, float *, float *, float *, float, float, cudnn::reduced_divisor, int, cudnn::reduced_divisor, cudnn::detail::bnFwPersistentState *, int, float, float, float, int, float, float, cudnnStatus_t *, bool)",[6166] python3.8,NVIDIA GeForce RTX 2080 Ti," 2048,    1,    1","  512,    1,    1","57,395",42.161,42,39.96,38
218,14,implicit_convolve_sgemm,"void cudnn::detail::implicit_convolve_sgemm<float, float, (int)1024, (int)5, (int)5, (int)3, (int)3, (int)3, (int)1, (bool)1, (bool)0, (bool)1>(int, int, int, const T1 *, int, T2 *, T1 *, kernel_conv_params, int, float, float, int, T2 *, T2 *, int, int)",[6166] python3.8,NVIDIA GeForce RTX 2080 Ti,"    2,   64,    1","    8,    8,    1","126,660",90.649,30.87,33.32,63
219,11,vectorized_elementwise_kernel,"void at::native::vectorized_elementwise_kernel<(int)4, at::native::BUnaryFunctor<at::native::AddFunctor<long>>, at::detail::Array<char *, (int)2>>(int, T2, T3)",[6166] python3.8,NVIDIA GeForce RTX 2080 Ti,"    1,    1,    1","   64,    1,    1","2,852",3.5245,0.01,0.37,20
220,12,bn_fw_tr_1C11_singleread,"void cudnn::detail::bn_fw_tr_1C11_singleread<float, (int)512, (bool)1, (int)1, (int)2, (int)0>(cudnnTensorStruct, const T1 *, cudnnTensorStruct, T1 *, const float *, const float *, float, float, float *, float *, float *, float *, float, float, cudnn::reduced_divisor, int, cudnn::reduced_divisor, cudnn::detail::bnFwPersistentState *, int, float, float, float, int, float, float, cudnnStatus_t *, bool)",[6166] python3.8,NVIDIA GeForce RTX 2080 Ti," 2048,    1,    1","  512,    1,    1","57,499",40.736,41.91,39.88,38
221,7,vectorized_elementwise_kernel,"void at::native::vectorized_elementwise_kernel<(int)4, at::native::AddFunctor<float>, at::detail::Array<char *, (int)3>>(int, T2, T3)",[6166] python3.8,NVIDIA GeForce RTX 2080 Ti,"  392,    1,    1","   64,    1,    1","4,942",4.256,2.34,33.89,20
222,7,vectorized_elementwise_kernel,"void at::native::vectorized_elementwise_kernel<(int)4, at::native::<unnamed>::clamp_min_scalar_kernel_impl(at::TensorIterator &, c10::Scalar)::[lambda() (instance 1)]::operator ()() const::[lambda() (instance 8)]::operator ()() const::[lambda(float) (instance 1)], at::detail::Array<char *, (int)2>>(int, T2, T3)",[6166] python3.8,NVIDIA GeForce RTX 2080 Ti,"  392,    1,    1","   64,    1,    1","4,122",4.0755,2.24,20.74,18
223,13,implicit_convolve_sgemm,"void cudnn::detail::implicit_convolve_sgemm<float, float, (int)1024, (int)5, (int)5, (int)3, (int)3, (int)3, (int)1, (bool)1, (bool)0, (bool)1>(int, int, int, const T1 *, int, T2 *, T1 *, kernel_conv_params, int, float, float, int, T2 *, T2 *, int, int)",[6166] python3.8,NVIDIA GeForce RTX 2080 Ti,"    2,   16,    1","    8,    8,    1","193,779",136.3155,9.99,8.2,63
224,11,vectorized_elementwise_kernel,"void at::native::vectorized_elementwise_kernel<(int)4, at::native::BUnaryFunctor<at::native::AddFunctor<long>>, at::detail::Array<char *, (int)2>>(int, T2, T3)",[6166] python3.8,NVIDIA GeForce RTX 2080 Ti,"    1,    1,    1","   64,    1,    1","3,148",2.4605,0.01,0.72,20
225,12,bn_fw_tr_1C11_singleread,"void cudnn::detail::bn_fw_tr_1C11_singleread<float, (int)512, (bool)1, (int)1, (int)2, (int)0>(cudnnTensorStruct, const T1 *, cudnnTensorStruct, T1 *, const float *, const float *, float, float, float *, float *, float *, float *, float, float, cudnn::reduced_divisor, int, cudnn::reduced_divisor, cudnn::detail::bnFwPersistentState *, int, float, float, float, int, float, float, cudnnStatus_t *, bool)",[6166] python3.8,NVIDIA GeForce RTX 2080 Ti,"  512,    1,    1","  512,    1,    1","17,376",13.1005,35.11,33.05,38
226,9,vectorized_elementwise_kernel,"void at::native::vectorized_elementwise_kernel<(int)4, at::native::<unnamed>::clamp_min_scalar_kernel_impl(at::TensorIterator &, c10::Scalar)::[lambda() (instance 1)]::operator ()() const::[lambda() (instance 8)]::operator ()() const::[lambda(float) (instance 1)], at::detail::Array<char *, (int)2>>(int, T2, T3)",[6166] python3.8,NVIDIA GeForce RTX 2080 Ti,"   98,    1,    1","   64,    1,    1","3,196",3.4675,0.72,6.71,18
227,10,generateWinogradTilesKernel,"void cudnn::winograd::generateWinogradTilesKernel<(int)0, float, float>(cudnn::winograd::GenerateWinogradTilesParams<T2, T3>)",[6166] python3.8,NVIDIA GeForce RTX 2080 Ti,"   16,  128,    1","   32,    4,    1","70,180",51.471,15.56,68.54,62
228,11,volta_scudnn_winograd_128x128_ldg1_ldg4_relu_tile148t_nt_v1,volta_scudnn_winograd_128x128_ldg1_ldg4_relu_tile148t_nt_v1,[6166] python3.8,NVIDIA GeForce RTX 2080 Ti,"   16,    1,    1","  256,    1,    1","173,193",122.9395,19.07,20.47,126
229,11,vectorized_elementwise_kernel,"void at::native::vectorized_elementwise_kernel<(int)4, at::native::BUnaryFunctor<at::native::AddFunctor<long>>, at::detail::Array<char *, (int)2>>(int, T2, T3)",[6166] python3.8,NVIDIA GeForce RTX 2080 Ti,"    1,    1,    1","   64,    1,    1","2,798",3.135,0.01,0.41,20
230,12,bn_fw_tr_1C11_singleread,"void cudnn::detail::bn_fw_tr_1C11_singleread<float, (int)512, (bool)1, (int)1, (int)2, (int)0>(cudnnTensorStruct, const T1 *, cudnnTensorStruct, T1 *, const float *, const float *, float, float, float *, float *, float *, float *, float, float, cudnn::reduced_divisor, int, cudnn::reduced_divisor, cudnn::detail::bnFwPersistentState *, int, float, float, float, int, float, float, cudnnStatus_t *, bool)",[6166] python3.8,NVIDIA GeForce RTX 2080 Ti,"  512,    1,    1","  512,    1,    1","19,395",12.673,31.39,29.53,38
231,9,vectorized_elementwise_kernel,"void at::native::vectorized_elementwise_kernel<(int)4, at::native::<unnamed>::clamp_min_scalar_kernel_impl(at::TensorIterator &, c10::Scalar)::[lambda() (instance 1)]::operator ()() const::[lambda() (instance 8)]::operator ()() const::[lambda(float) (instance 1)], at::detail::Array<char *, (int)2>>(int, T2, T3)",[6166] python3.8,NVIDIA GeForce RTX 2080 Ti,"   98,    1,    1","   64,    1,    1","3,218",2.7075,0.72,6.96,18
232,13,implicit_convolve_sgemm,"void cudnn::detail::implicit_convolve_sgemm<float, float, (int)1024, (int)5, (int)5, (int)3, (int)3, (int)3, (int)1, (bool)1, (bool)0, (bool)1>(int, int, int, const T1 *, int, T2 *, T1 *, kernel_conv_params, int, float, float, int, T2 *, T2 *, int, int)",[6166] python3.8,NVIDIA GeForce RTX 2080 Ti,"    2,   64,    1","    8,    8,    1","66,727",47.671,29.48,24.84,63
233,11,vectorized_elementwise_kernel,"void at::native::vectorized_elementwise_kernel<(int)4, at::native::BUnaryFunctor<at::native::AddFunctor<long>>, at::detail::Array<char *, (int)2>>(int, T2, T3)",[6166] python3.8,NVIDIA GeForce RTX 2080 Ti,"    1,    1,    1","   64,    1,    1","2,884",3.439,0.01,0.82,20
234,12,bn_fw_tr_1C11_singleread,"void cudnn::detail::bn_fw_tr_1C11_singleread<float, (int)512, (bool)1, (int)1, (int)2, (int)0>(cudnnTensorStruct, const T1 *, cudnnTensorStruct, T1 *, const float *, const float *, float, float, float *, float *, float *, float *, float, float, cudnn::reduced_divisor, int, cudnn::reduced_divisor, cudnn::detail::bnFwPersistentState *, int, float, float, float, int, float, float, cudnnStatus_t *, bool)",[6166] python3.8,NVIDIA GeForce RTX 2080 Ti," 2048,    1,    1","  512,    1,    1","57,593",41.344,41.88,39.84,38
235,7,vectorized_elementwise_kernel,"void at::native::vectorized_elementwise_kernel<(int)4, at::native::AddFunctor<float>, at::detail::Array<char *, (int)3>>(int, T2, T3)",[6166] python3.8,NVIDIA GeForce RTX 2080 Ti,"  392,    1,    1","   64,    1,    1","4,853",5.4435,2.38,34.58,20
236,7,vectorized_elementwise_kernel,"void at::native::vectorized_elementwise_kernel<(int)4, at::native::<unnamed>::clamp_min_scalar_kernel_impl(at::TensorIterator &, c10::Scalar)::[lambda() (instance 1)]::operator ()() const::[lambda() (instance 8)]::operator ()() const::[lambda(float) (instance 1)], at::detail::Array<char *, (int)2>>(int, T2, T3)",[6166] python3.8,NVIDIA GeForce RTX 2080 Ti,"  392,    1,    1","   64,    1,    1","4,094",3.3155,2.26,20.55,18
237,13,implicit_convolve_sgemm,"void cudnn::detail::implicit_convolve_sgemm<float, float, (int)1024, (int)5, (int)5, (int)3, (int)3, (int)3, (int)1, (bool)1, (bool)0, (bool)1>(int, int, int, const T1 *, int, T2 *, T1 *, kernel_conv_params, int, float, float, int, T2 *, T2 *, int, int)",[6166] python3.8,NVIDIA GeForce RTX 2080 Ti,"    2,   16,    1","    8,    8,    1","194,090",140.6,9.98,8.18,63
238,11,vectorized_elementwise_kernel,"void at::native::vectorized_elementwise_kernel<(int)4, at::native::BUnaryFunctor<at::native::AddFunctor<long>>, at::detail::Array<char *, (int)2>>(int, T2, T3)",[6166] python3.8,NVIDIA GeForce RTX 2080 Ti,"    1,    1,    1","   64,    1,    1","4,707",2.432,0.01,1.12,20
239,12,bn_fw_tr_1C11_singleread,"void cudnn::detail::bn_fw_tr_1C11_singleread<float, (int)512, (bool)1, (int)1, (int)2, (int)0>(cudnnTensorStruct, const T1 *, cudnnTensorStruct, T1 *, const float *, const float *, float, float, float *, float *, float *, float *, float, float, cudnn::reduced_divisor, int, cudnn::reduced_divisor, cudnn::detail::bnFwPersistentState *, int, float, float, float, int, float, float, cudnnStatus_t *, bool)",[6166] python3.8,NVIDIA GeForce RTX 2080 Ti,"  512,    1,    1","  512,    1,    1","17,648",12.825,34.57,32.55,38
240,9,vectorized_elementwise_kernel,"void at::native::vectorized_elementwise_kernel<(int)4, at::native::<unnamed>::clamp_min_scalar_kernel_impl(at::TensorIterator &, c10::Scalar)::[lambda() (instance 1)]::operator ()() const::[lambda() (instance 8)]::operator ()() const::[lambda(float) (instance 1)], at::detail::Array<char *, (int)2>>(int, T2, T3)",[6166] python3.8,NVIDIA GeForce RTX 2080 Ti,"   98,    1,    1","   64,    1,    1","15,543",2.831,0.15,1.36,18
241,10,generateWinogradTilesKernel,"void cudnn::winograd::generateWinogradTilesKernel<(int)0, float, float>(cudnn::winograd::GenerateWinogradTilesParams<T2, T3>)",[6166] python3.8,NVIDIA GeForce RTX 2080 Ti,"   16,  128,    1","   32,    4,    1","76,236",54.169,14.33,63.59,62
242,11,volta_scudnn_winograd_128x128_ldg1_ldg4_relu_tile148t_nt_v1,volta_scudnn_winograd_128x128_ldg1_ldg4_relu_tile148t_nt_v1,[6166] python3.8,NVIDIA GeForce RTX 2080 Ti,"   16,    1,    1","  256,    1,    1","172,930",122.2365,19.09,20.63,126
243,11,vectorized_elementwise_kernel,"void at::native::vectorized_elementwise_kernel<(int)4, at::native::BUnaryFunctor<at::native::AddFunctor<long>>, at::detail::Array<char *, (int)2>>(int, T2, T3)",[6166] python3.8,NVIDIA GeForce RTX 2080 Ti,"    1,    1,    1","   64,    1,    1","2,819",2.4605,0.01,0.95,20
244,12,bn_fw_tr_1C11_singleread,"void cudnn::detail::bn_fw_tr_1C11_singleread<float, (int)512, (bool)1, (int)1, (int)2, (int)0>(cudnnTensorStruct, const T1 *, cudnnTensorStruct, T1 *, const float *, const float *, float, float, float *, float *, float *, float *, float, float, cudnn::reduced_divisor, int, cudnn::reduced_divisor, cudnn::detail::bnFwPersistentState *, int, float, float, float, int, float, float, cudnnStatus_t *, bool)",[6166] python3.8,NVIDIA GeForce RTX 2080 Ti,"  512,    1,    1","  512,    1,    1","17,260",12.7965,35.34,33.28,38
245,9,vectorized_elementwise_kernel,"void at::native::vectorized_elementwise_kernel<(int)4, at::native::<unnamed>::clamp_min_scalar_kernel_impl(at::TensorIterator &, c10::Scalar)::[lambda() (instance 1)]::operator ()() const::[lambda() (instance 8)]::operator ()() const::[lambda(float) (instance 1)], at::detail::Array<char *, (int)2>>(int, T2, T3)",[6166] python3.8,NVIDIA GeForce RTX 2080 Ti,"   98,    1,    1","   64,    1,    1","3,243",4.199,0.71,6.69,18
246,13,implicit_convolve_sgemm,"void cudnn::detail::implicit_convolve_sgemm<float, float, (int)1024, (int)5, (int)5, (int)3, (int)3, (int)3, (int)1, (bool)1, (bool)0, (bool)1>(int, int, int, const T1 *, int, T2 *, T1 *, kernel_conv_params, int, float, float, int, T2 *, T2 *, int, int)",[6166] python3.8,NVIDIA GeForce RTX 2080 Ti,"    2,   64,    1","    8,    8,    1","67,836",47.8515,28.98,24.5,63
247,11,vectorized_elementwise_kernel,"void at::native::vectorized_elementwise_kernel<(int)4, at::native::BUnaryFunctor<at::native::AddFunctor<long>>, at::detail::Array<char *, (int)2>>(int, T2, T3)",[6166] python3.8,NVIDIA GeForce RTX 2080 Ti,"    1,    1,    1","   64,    1,    1","3,012",2.432,0.01,0.92,20
248,12,bn_fw_tr_1C11_singleread,"void cudnn::detail::bn_fw_tr_1C11_singleread<float, (int)512, (bool)1, (int)1, (int)2, (int)0>(cudnnTensorStruct, const T1 *, cudnnTensorStruct, T1 *, const float *, const float *, float, float, float *, float *, float *, float *, float, float, cudnn::reduced_divisor, int, cudnn::reduced_divisor, cudnn::detail::bnFwPersistentState *, int, float, float, float, int, float, float, cudnnStatus_t *, bool)",[6166] python3.8,NVIDIA GeForce RTX 2080 Ti," 2048,    1,    1","  512,    1,    1","57,727",41.3155,41.77,39.74,38
249,7,vectorized_elementwise_kernel,"void at::native::vectorized_elementwise_kernel<(int)4, at::native::AddFunctor<float>, at::detail::Array<char *, (int)3>>(int, T2, T3)",[6166] python3.8,NVIDIA GeForce RTX 2080 Ti,"  392,    1,    1","   64,    1,    1","5,459",4.161,2.12,30.82,20
250,7,vectorized_elementwise_kernel,"void at::native::vectorized_elementwise_kernel<(int)4, at::native::<unnamed>::clamp_min_scalar_kernel_impl(at::TensorIterator &, c10::Scalar)::[lambda() (instance 1)]::operator ()() const::[lambda() (instance 8)]::operator ()() const::[lambda(float) (instance 1)], at::detail::Array<char *, (int)2>>(int, T2, T3)",[6166] python3.8,NVIDIA GeForce RTX 2080 Ti,"  392,    1,    1","   64,    1,    1","4,088",3.344,2.26,20.51,18
251,11,reduce_kernel,"void at::native::reduce_kernel<(int)512, (int)1, at::native::ReduceOp<float, at::native::MeanOps<float, float>, unsigned int, float, (int)4>>(T3)",[6166] python3.8,NVIDIA GeForce RTX 2080 Ti,"  128,    1,    1","   32,   16,    1","6,582",6.2605,24.11,12.79,32
252,13,gemv2T_kernel_val,"void gemv2T_kernel_val<int, int, float, float, float, (int)128, (int)16, (int)4, (int)4, (bool)0, cublasGemvParams<cublasGemvTensorStridedBatched<const float>, cublasGemvTensorStridedBatched<float>, float>>(T11, T5, T5)",[6166] python3.8,NVIDIA GeForce RTX 2080 Ti,"  125,    1,    1","  128,    1,    1","25,787",23.199,17.63,67.24,52
