ID,Function Name,Demangled Name,Process,Grid Size,Block Size,gpc__cycles_elapsed.max [cycle],gpu__time_duration.sum [usecond],sm__cycles_active.avg [cycle],sm__inst_executed.avg.per_cycle_active [inst/cycle],smsp__inst_executed.sum [inst],gpc__cycles_elapsed.avg.per_second [cycle/nsecond],launch__block_size,launch__grid_size,sm__throughput.avg.pct_of_peak_sustained_elapsed [%]
0,computeOffsetsKernel,cudnn::gemm::computeOffsetsKernel(cudnn::gemm::ComputeOffsetsParams),[1353] python3.8,"   99,    1,    1","  128,    1,    1","4,324",3.36,203.43,2.21,"30,624",1.29,128,99,2.70
1,volta_scudnn_128x64_relu_medium_nn_v1,volta_scudnn_128x64_relu_medium_nn_v1,[1353] python3.8,"   98,    1,    1","  128,    1,    1","394,309",290.50,"33,373.74",2.35,"5,330,024",1.36,128,98,7.23
2,vectorized_elementwise_kernel,"void at::native::vectorized_elementwise_kernel<(int)4, at::native::BUnaryFunctor<at::native::AddFunctor<long>>, at::detail::Array<char *, (int)2>>(int, T2, T3)",[1353] python3.8,"    1,    1,    1","   64,    1,    1","3,128",2.91,19.82,0.05,65,1.07,64,1,0.01
3,bn_fw_tr_1C11_kernel_NCHW,"void cudnn::detail::bn_fw_tr_1C11_kernel_NCHW<float, float, (int)512, (bool)1, (int)1>(cudnnTensorStruct, const T1 *, cudnnTensorStruct, T1 *, const T2 *, const T2 *, T2, T2, T2 *, T2 *, T2 *, T2 *, T2, T2)",[1353] python3.8,"   64,    1,    1","  512,    1,    1","540,898",405.54,"42,829.54",0.32,"922,880",1.33,512,64,0.67
4,vectorized_elementwise_kernel,"void at::native::vectorized_elementwise_kernel<(int)4, at::native::<unnamed>::clamp_min_scalar_kernel_impl(at::TensorIterator &, c10::Scalar)::[lambda() (instance 1)]::operator ()() const::[lambda() (instance 8)]::operator ()() const::[lambda(float) (instance 1)], at::detail::Array<char *, (int)2>>(int, T2, T3)",[1353] python3.8," 3136,    1,    1","   64,    1,    1","45,362",36.06,"3,766.21",0.69,"175,616",1.26,64,"3,136",1.63
5,max_pool_forward_nchw,"void at::native::<unnamed>::max_pool_forward_nchw<float, float>(int, const T1 *, int, int, int, int, int, int, int, int, int, int, int, int, int, int, T1 *, long *)",[1353] python3.8,"  784,    1,    1","  256,    1,    1","116,594",87.23,"10,039.56",2.57,"1,752,320",1.34,256,784,5.53
6,implicit_convolve_sgemm,"void cudnn::detail::implicit_convolve_sgemm<float, float, (int)1024, (int)5, (int)5, (int)3, (int)3, (int)3, (int)1, (bool)1, (bool)0, (bool)1>(int, int, int, const T1 *, int, T2 *, T1 *, kernel_conv_params, int, float, float, int, T2 *, T2 *, int, int)",[1353] python3.8,"   98,    2,    1","    8,    8,    1","96,843",72.42,"8,063.71",1.77,"972,552",1.34,64,196,4.07
7,vectorized_elementwise_kernel,"void at::native::vectorized_elementwise_kernel<(int)4, at::native::BUnaryFunctor<at::native::AddFunctor<long>>, at::detail::Array<char *, (int)2>>(int, T2, T3)",[1353] python3.8,"    1,    1,    1","   64,    1,    1","3,149",2.82,18.50,0.05,65,1.12,64,1,0.01
8,bn_fw_tr_1C11_singleread,"void cudnn::detail::bn_fw_tr_1C11_singleread<float, (int)512, (bool)1, (int)1, (int)2, (int)0>(cudnnTensorStruct, const T1 *, cudnnTensorStruct, T1 *, const float *, const float *, float, float, float *, float *, float *, float *, float, float, cudnn::reduced_divisor, int, cudnn::reduced_divisor, cudnn::detail::bnFwPersistentState *, int, float, float, float, int, float, float, cudnnStatus_t *, bool)",[1353] python3.8,"   64,    1,    1","  512,    1,    1","40,521",30.75,"3,275.40",2.10,"468,288",1.32,512,64,4.31
9,vectorized_elementwise_kernel,"void at::native::vectorized_elementwise_kernel<(int)4, at::native::<unnamed>::clamp_min_scalar_kernel_impl(at::TensorIterator &, c10::Scalar)::[lambda() (instance 1)]::operator ()() const::[lambda() (instance 8)]::operator ()() const::[lambda(float) (instance 1)], at::detail::Array<char *, (int)2>>(int, T2, T3)",[1353] python3.8,"  784,    1,    1","   64,    1,    1","14,178",10.56,"1,063.34",0.61,"43,904",1.34,64,784,1.30
10,generateWinogradTilesKernel,"void cudnn::winograd::generateWinogradTilesKernel<(int)0, float, float>(cudnn::winograd::GenerateWinogradTilesParams<T2, T3>)",[1353] python3.8,"    2,   16,    1","   32,    4,    1","8,137",6.46,510.74,1.30,"45,056",1.26,128,32,2.09
11,volta_scudnn_winograd_128x128_ldg1_ldg4_relu_tile148t_nt_v1,volta_scudnn_winograd_128x128_ldg1_ldg4_relu_tile148t_nt_v1,[1353] python3.8,"    2,    7,    4","  256,    1,    1","302,596",222.88,"24,747.31",1.63,"2,742,208",1.36,256,56,4.92
12,vectorized_elementwise_kernel,"void at::native::vectorized_elementwise_kernel<(int)4, at::native::BUnaryFunctor<at::native::AddFunctor<long>>, at::detail::Array<char *, (int)2>>(int, T2, T3)",[1353] python3.8,"    1,    1,    1","   64,    1,    1","3,140",2.85,18.74,0.05,65,1.10,64,1,0.01
13,bn_fw_tr_1C11_singleread,"void cudnn::detail::bn_fw_tr_1C11_singleread<float, (int)512, (bool)1, (int)1, (int)2, (int)0>(cudnnTensorStruct, const T1 *, cudnnTensorStruct, T1 *, const float *, const float *, float, float, float *, float *, float *, float *, float, float, cudnn::reduced_divisor, int, cudnn::reduced_divisor, cudnn::detail::bnFwPersistentState *, int, float, float, float, int, float, float, cudnnStatus_t *, bool)",[1353] python3.8,"   64,    1,    1","  512,    1,    1","40,662",30.85,"3,288.34",2.09,"468,288",1.32,512,64,4.29
14,vectorized_elementwise_kernel,"void at::native::vectorized_elementwise_kernel<(int)4, at::native::<unnamed>::clamp_min_scalar_kernel_impl(at::TensorIterator &, c10::Scalar)::[lambda() (instance 1)]::operator ()() const::[lambda() (instance 8)]::operator ()() const::[lambda(float) (instance 1)], at::detail::Array<char *, (int)2>>(int, T2, T3)",[1353] python3.8,"  784,    1,    1","   64,    1,    1","14,555",10.30,"1,030.37",0.63,"43,904",1.41,64,784,1.27
15,computeOffsetsKernel,cudnn::gemm::computeOffsetsKernel(cudnn::gemm::ComputeOffsetsParams),[1353] python3.8,"   25,    1,    1","  128,    1,    1","3,188",2.50,103.66,1.09,"7,680",1.28,128,25,0.96
16,volta_scudnn_128x64_relu_interior_nn_v1,volta_scudnn_128x64_relu_interior_nn_v1,[1353] python3.8,"   25,    4,    1","  128,    1,    1","185,190",136.77,"15,848.01",2.29,"2,468,800",1.35,128,100,6.75
17,vectorized_elementwise_kernel,"void at::native::vectorized_elementwise_kernel<(int)4, at::native::BUnaryFunctor<at::native::AddFunctor<long>>, at::detail::Array<char *, (int)2>>(int, T2, T3)",[1353] python3.8,"    1,    1,    1","   64,    1,    1","3,169",2.82,19.01,0.05,65,1.12,64,1,0.01
18,bn_fw_tr_1C11_singleread,"void cudnn::detail::bn_fw_tr_1C11_singleread<float, (int)512, (bool)1, (int)1, (int)2, (int)0>(cudnnTensorStruct, const T1 *, cudnnTensorStruct, T1 *, const float *, const float *, float, float, float *, float *, float *, float *, float, float, cudnn::reduced_divisor, int, cudnn::reduced_divisor, cudnn::detail::bnFwPersistentState *, int, float, float, float, int, float, float, cudnnStatus_t *, bool)",[1353] python3.8,"  256,    1,    1","  512,    1,    1","150,456",109.86,"12,638.46",2.18,"1,873,152",1.37,512,256,4.63
19,computeOffsetsKernel,cudnn::gemm::computeOffsetsKernel(cudnn::gemm::ComputeOffsetsParams),[1353] python3.8,"   25,    1,    1","  128,    1,    1","3,183",2.53,103.07,1.10,"7,680",1.26,128,25,0.96
20,volta_scudnn_128x64_relu_interior_nn_v1,volta_scudnn_128x64_relu_interior_nn_v1,[1353] python3.8,"   25,    4,    1","  128,    1,    1","184,935",136.86,"15,890.22",2.28,"2,468,800",1.35,128,100,6.76
21,vectorized_elementwise_kernel,"void at::native::vectorized_elementwise_kernel<(int)4, at::native::BUnaryFunctor<at::native::AddFunctor<long>>, at::detail::Array<char *, (int)2>>(int, T2, T3)",[1353] python3.8,"    1,    1,    1","   64,    1,    1","3,241",2.82,18.65,0.05,65,1.15,64,1,0.01
22,bn_fw_tr_1C11_singleread,"void cudnn::detail::bn_fw_tr_1C11_singleread<float, (int)512, (bool)1, (int)1, (int)2, (int)0>(cudnnTensorStruct, const T1 *, cudnnTensorStruct, T1 *, const float *, const float *, float, float, float *, float *, float *, float *, float, float, cudnn::reduced_divisor, int, cudnn::reduced_divisor, cudnn::detail::bnFwPersistentState *, int, float, float, float, int, float, float, cudnnStatus_t *, bool)",[1353] python3.8,"  256,    1,    1","  512,    1,    1","147,104",109.79,"12,686.22",2.17,"1,873,152",1.34,512,256,4.73
23,vectorized_elementwise_kernel,"void at::native::vectorized_elementwise_kernel<(int)4, at::native::AddFunctor<float>, at::detail::Array<char *, (int)3>>(int, T2, T3)",[1353] python3.8," 3136,    1,    1","   64,    1,    1","47,852",36.77,"4,027.78",0.53,"144,256",1.30,64,"3,136",1.93
24,vectorized_elementwise_kernel,"void at::native::vectorized_elementwise_kernel<(int)4, at::native::<unnamed>::clamp_min_scalar_kernel_impl(at::TensorIterator &, c10::Scalar)::[lambda() (instance 1)]::operator ()() const::[lambda() (instance 8)]::operator ()() const::[lambda(float) (instance 1)], at::detail::Array<char *, (int)2>>(int, T2, T3)",[1353] python3.8," 3136,    1,    1","   64,    1,    1","45,450",36.10,"3,805.66",0.68,"175,616",1.26,64,"3,136",1.63
25,implicit_convolve_sgemm,"void cudnn::detail::implicit_convolve_sgemm<float, float, (int)1024, (int)5, (int)5, (int)3, (int)3, (int)3, (int)1, (bool)1, (bool)0, (bool)1>(int, int, int, const T1 *, int, T2 *, T1 *, kernel_conv_params, int, float, float, int, T2 *, T2 *, int, int)",[1353] python3.8,"   98,    2,    1","    8,    8,    1","331,950",243.65,"28,333.57",1.75,"3,381,000",1.36,64,196,4.52
26,vectorized_elementwise_kernel,"void at::native::vectorized_elementwise_kernel<(int)4, at::native::BUnaryFunctor<at::native::AddFunctor<long>>, at::detail::Array<char *, (int)2>>(int, T2, T3)",[1353] python3.8,"    1,    1,    1","   64,    1,    1","3,163",2.85,18.88,0.05,65,1.11,64,1,0.01
27,bn_fw_tr_1C11_singleread,"void cudnn::detail::bn_fw_tr_1C11_singleread<float, (int)512, (bool)1, (int)1, (int)2, (int)0>(cudnnTensorStruct, const T1 *, cudnnTensorStruct, T1 *, const float *, const float *, float, float, float *, float *, float *, float *, float, float, cudnn::reduced_divisor, int, cudnn::reduced_divisor, cudnn::detail::bnFwPersistentState *, int, float, float, float, int, float, float, cudnnStatus_t *, bool)",[1353] python3.8,"   64,    1,    1","  512,    1,    1","40,212",31.90,"3,280.68",2.10,"468,288",1.26,512,64,4.34
28,vectorized_elementwise_kernel,"void at::native::vectorized_elementwise_kernel<(int)4, at::native::<unnamed>::clamp_min_scalar_kernel_impl(at::TensorIterator &, c10::Scalar)::[lambda() (instance 1)]::operator ()() const::[lambda() (instance 8)]::operator ()() const::[lambda(float) (instance 1)], at::detail::Array<char *, (int)2>>(int, T2, T3)",[1353] python3.8,"  784,    1,    1","   64,    1,    1","14,962",10.72,"1,066.07",0.61,"43,904",1.39,64,784,1.23
29,generateWinogradTilesKernel,"void cudnn::winograd::generateWinogradTilesKernel<(int)0, float, float>(cudnn::winograd::GenerateWinogradTilesParams<T2, T3>)",[1353] python3.8,"    2,   16,    1","   32,    4,    1","8,129",6.43,500.57,1.32,"45,056",1.26,128,32,2.09
30,volta_scudnn_winograd_128x128_ldg1_ldg4_relu_tile148t_nt_v1,volta_scudnn_winograd_128x128_ldg1_ldg4_relu_tile148t_nt_v1,[1353] python3.8,"    2,    7,    4","  256,    1,    1","303,260",220.67,"24,707.94",1.63,"2,742,208",1.37,256,56,4.91
31,vectorized_elementwise_kernel,"void at::native::vectorized_elementwise_kernel<(int)4, at::native::BUnaryFunctor<at::native::AddFunctor<long>>, at::detail::Array<char *, (int)2>>(int, T2, T3)",[1353] python3.8,"    1,    1,    1","   64,    1,    1","3,296",2.82,19.04,0.05,65,1.17,64,1,0.01
32,bn_fw_tr_1C11_singleread,"void cudnn::detail::bn_fw_tr_1C11_singleread<float, (int)512, (bool)1, (int)1, (int)2, (int)0>(cudnnTensorStruct, const T1 *, cudnnTensorStruct, T1 *, const float *, const float *, float, float, float *, float *, float *, float *, float, float, cudnn::reduced_divisor, int, cudnn::reduced_divisor, cudnn::detail::bnFwPersistentState *, int, float, float, float, int, float, float, cudnnStatus_t *, bool)",[1353] python3.8,"   64,    1,    1","  512,    1,    1","41,015",30.62,"3,319.18",2.07,"468,288",1.34,512,64,4.26
33,vectorized_elementwise_kernel,"void at::native::vectorized_elementwise_kernel<(int)4, at::native::<unnamed>::clamp_min_scalar_kernel_impl(at::TensorIterator &, c10::Scalar)::[lambda() (instance 1)]::operator ()() const::[lambda() (instance 8)]::operator ()() const::[lambda(float) (instance 1)], at::detail::Array<char *, (int)2>>(int, T2, T3)",[1353] python3.8,"  784,    1,    1","   64,    1,    1","13,647",11.42,"1,046.91",0.62,"43,904",1.19,64,784,1.35
34,computeOffsetsKernel,cudnn::gemm::computeOffsetsKernel(cudnn::gemm::ComputeOffsetsParams),[1353] python3.8,"   25,    1,    1","  128,    1,    1","3,170",2.53,102.10,1.11,"7,680",1.25,128,25,0.97
35,volta_scudnn_128x64_relu_interior_nn_v1,volta_scudnn_128x64_relu_interior_nn_v1,[1353] python3.8,"   25,    4,    1","  128,    1,    1","185,051",136.45,"15,878.81",2.29,"2,468,800",1.35,128,100,6.76
36,vectorized_elementwise_kernel,"void at::native::vectorized_elementwise_kernel<(int)4, at::native::BUnaryFunctor<at::native::AddFunctor<long>>, at::detail::Array<char *, (int)2>>(int, T2, T3)",[1353] python3.8,"    1,    1,    1","   64,    1,    1","3,136",2.85,18.96,0.05,65,1.10,64,1,0.01
37,bn_fw_tr_1C11_singleread,"void cudnn::detail::bn_fw_tr_1C11_singleread<float, (int)512, (bool)1, (int)1, (int)2, (int)0>(cudnnTensorStruct, const T1 *, cudnnTensorStruct, T1 *, const float *, const float *, float, float, float *, float *, float *, float *, float, float, cudnn::reduced_divisor, int, cudnn::reduced_divisor, cudnn::detail::bnFwPersistentState *, int, float, float, float, int, float, float, cudnnStatus_t *, bool)",[1353] python3.8,"  256,    1,    1","  512,    1,    1","146,387",110.24,"12,667.16",2.17,"1,873,152",1.33,512,256,4.75
38,vectorized_elementwise_kernel,"void at::native::vectorized_elementwise_kernel<(int)4, at::native::AddFunctor<float>, at::detail::Array<char *, (int)3>>(int, T2, T3)",[1353] python3.8," 3136,    1,    1","   64,    1,    1","47,862",37.28,"4,033.59",0.53,"144,256",1.28,64,"3,136",1.93
39,vectorized_elementwise_kernel,"void at::native::vectorized_elementwise_kernel<(int)4, at::native::<unnamed>::clamp_min_scalar_kernel_impl(at::TensorIterator &, c10::Scalar)::[lambda() (instance 1)]::operator ()() const::[lambda() (instance 8)]::operator ()() const::[lambda(float) (instance 1)], at::detail::Array<char *, (int)2>>(int, T2, T3)",[1353] python3.8," 3136,    1,    1","   64,    1,    1","44,980",36.42,"3,819.47",0.68,"175,616",1.23,64,"3,136",1.64
40,implicit_convolve_sgemm,"void cudnn::detail::implicit_convolve_sgemm<float, float, (int)1024, (int)5, (int)5, (int)3, (int)3, (int)3, (int)1, (bool)1, (bool)0, (bool)1>(int, int, int, const T1 *, int, T2 *, T1 *, kernel_conv_params, int, float, float, int, T2 *, T2 *, int, int)",[1353] python3.8,"   98,    2,    1","    8,    8,    1","330,369",243.90,"28,385.76",1.75,"3,381,000",1.35,64,196,4.54
41,vectorized_elementwise_kernel,"void at::native::vectorized_elementwise_kernel<(int)4, at::native::BUnaryFunctor<at::native::AddFunctor<long>>, at::detail::Array<char *, (int)2>>(int, T2, T3)",[1353] python3.8,"    1,    1,    1","   64,    1,    1","3,117",2.78,18.41,0.05,65,1.12,64,1,0.01
42,bn_fw_tr_1C11_singleread,"void cudnn::detail::bn_fw_tr_1C11_singleread<float, (int)512, (bool)1, (int)1, (int)2, (int)0>(cudnnTensorStruct, const T1 *, cudnnTensorStruct, T1 *, const float *, const float *, float, float, float *, float *, float *, float *, float, float, cudnn::reduced_divisor, int, cudnn::reduced_divisor, cudnn::detail::bnFwPersistentState *, int, float, float, float, int, float, float, cudnnStatus_t *, bool)",[1353] python3.8,"   64,    1,    1","  512,    1,    1","41,000",30.53,"3,281.62",2.10,"468,288",1.34,512,64,4.26
43,vectorized_elementwise_kernel,"void at::native::vectorized_elementwise_kernel<(int)4, at::native::<unnamed>::clamp_min_scalar_kernel_impl(at::TensorIterator &, c10::Scalar)::[lambda() (instance 1)]::operator ()() const::[lambda() (instance 8)]::operator ()() const::[lambda(float) (instance 1)], at::detail::Array<char *, (int)2>>(int, T2, T3)",[1353] python3.8,"  784,    1,    1","   64,    1,    1","13,752",10.66,"1,008.09",0.64,"43,904",1.29,64,784,1.34
44,generateWinogradTilesKernel,"void cudnn::winograd::generateWinogradTilesKernel<(int)0, float, float>(cudnn::winograd::GenerateWinogradTilesParams<T2, T3>)",[1353] python3.8,"    2,   16,    1","   32,    4,    1","8,155",6.56,503.46,1.32,"45,056",1.24,128,32,2.08
45,volta_scudnn_winograd_128x128_ldg1_ldg4_relu_tile148t_nt_v1,volta_scudnn_winograd_128x128_ldg1_ldg4_relu_tile148t_nt_v1,[1353] python3.8,"    2,    7,    4","  256,    1,    1","300,117",220.61,"24,719.07",1.63,"2,742,208",1.36,256,56,4.96
46,vectorized_elementwise_kernel,"void at::native::vectorized_elementwise_kernel<(int)4, at::native::BUnaryFunctor<at::native::AddFunctor<long>>, at::detail::Array<char *, (int)2>>(int, T2, T3)",[1353] python3.8,"    1,    1,    1","   64,    1,    1","3,126",2.82,18.26,0.05,65,1.11,64,1,0.01
47,bn_fw_tr_1C11_singleread,"void cudnn::detail::bn_fw_tr_1C11_singleread<float, (int)512, (bool)1, (int)1, (int)2, (int)0>(cudnnTensorStruct, const T1 *, cudnnTensorStruct, T1 *, const float *, const float *, float, float, float *, float *, float *, float *, float, float, cudnn::reduced_divisor, int, cudnn::reduced_divisor, cudnn::detail::bnFwPersistentState *, int, float, float, float, int, float, float, cudnnStatus_t *, bool)",[1353] python3.8,"   64,    1,    1","  512,    1,    1","40,852",30.56,"3,307.63",2.08,"468,288",1.34,512,64,4.27
48,vectorized_elementwise_kernel,"void at::native::vectorized_elementwise_kernel<(int)4, at::native::<unnamed>::clamp_min_scalar_kernel_impl(at::TensorIterator &, c10::Scalar)::[lambda() (instance 1)]::operator ()() const::[lambda() (instance 8)]::operator ()() const::[lambda(float) (instance 1)], at::detail::Array<char *, (int)2>>(int, T2, T3)",[1353] python3.8,"  784,    1,    1","   64,    1,    1","13,755",11.65,"1,025.74",0.63,"43,904",1.18,64,784,1.34
49,computeOffsetsKernel,cudnn::gemm::computeOffsetsKernel(cudnn::gemm::ComputeOffsetsParams),[1353] python3.8,"   25,    1,    1","  128,    1,    1","3,193",2.56,103.72,1.09,"7,680",1.25,128,25,0.96
50,volta_scudnn_128x64_relu_interior_nn_v1,volta_scudnn_128x64_relu_interior_nn_v1,[1353] python3.8,"   25,    4,    1","  128,    1,    1","185,334",136.86,"15,878.79",2.29,"2,468,800",1.35,128,100,6.75
51,vectorized_elementwise_kernel,"void at::native::vectorized_elementwise_kernel<(int)4, at::native::BUnaryFunctor<at::native::AddFunctor<long>>, at::detail::Array<char *, (int)2>>(int, T2, T3)",[1353] python3.8,"    1,    1,    1","   64,    1,    1","3,163",2.82,18.78,0.05,65,1.12,64,1,0.01
52,bn_fw_tr_1C11_singleread,"void cudnn::detail::bn_fw_tr_1C11_singleread<float, (int)512, (bool)1, (int)1, (int)2, (int)0>(cudnnTensorStruct, const T1 *, cudnnTensorStruct, T1 *, const float *, const float *, float, float, float *, float *, float *, float *, float, float, cudnn::reduced_divisor, int, cudnn::reduced_divisor, cudnn::detail::bnFwPersistentState *, int, float, float, float, int, float, float, cudnnStatus_t *, bool)",[1353] python3.8,"  256,    1,    1","  512,    1,    1","146,122",109.63,"12,658.99",2.18,"1,873,152",1.33,512,256,4.76
53,vectorized_elementwise_kernel,"void at::native::vectorized_elementwise_kernel<(int)4, at::native::AddFunctor<float>, at::detail::Array<char *, (int)3>>(int, T2, T3)",[1353] python3.8," 3136,    1,    1","   64,    1,    1","47,742",36.83,"4,034.15",0.53,"144,256",1.29,64,"3,136",1.94
54,vectorized_elementwise_kernel,"void at::native::vectorized_elementwise_kernel<(int)4, at::native::<unnamed>::clamp_min_scalar_kernel_impl(at::TensorIterator &, c10::Scalar)::[lambda() (instance 1)]::operator ()() const::[lambda() (instance 8)]::operator ()() const::[lambda(float) (instance 1)], at::detail::Array<char *, (int)2>>(int, T2, T3)",[1353] python3.8," 3136,    1,    1","   64,    1,    1","44,648",36.03,"3,797.85",0.68,"175,616",1.24,64,"3,136",1.66
55,computeOffsetsKernel,cudnn::gemm::computeOffsetsKernel(cudnn::gemm::ComputeOffsetsParams),[1353] python3.8,"   25,    1,    1","  128,    1,    1","3,187",2.53,103.69,1.09,"7,680",1.26,128,25,0.96
56,volta_scudnn_128x64_relu_interior_nn_v1,volta_scudnn_128x64_relu_interior_nn_v1,[1353] python3.8,"   25,    2,    1","  128,    1,    1","326,106",239.90,"26,660.15",2.31,"4,186,400",1.36,128,50,7.46
57,vectorized_elementwise_kernel,"void at::native::vectorized_elementwise_kernel<(int)4, at::native::BUnaryFunctor<at::native::AddFunctor<long>>, at::detail::Array<char *, (int)2>>(int, T2, T3)",[1353] python3.8,"    1,    1,    1","   64,    1,    1","3,167",2.82,19.03,0.05,65,1.12,64,1,0.01
58,bn_fw_tr_1C11_singleread,"void cudnn::detail::bn_fw_tr_1C11_singleread<float, (int)512, (bool)1, (int)1, (int)2, (int)0>(cudnnTensorStruct, const T1 *, cudnnTensorStruct, T1 *, const float *, const float *, float, float, float *, float *, float *, float *, float, float, cudnn::reduced_divisor, int, cudnn::reduced_divisor, cudnn::detail::bnFwPersistentState *, int, float, float, float, int, float, float, cudnnStatus_t *, bool)",[1353] python3.8,"  128,    1,    1","  512,    1,    1","75,870",57.70,"6,369.91",2.16,"936,576",1.31,512,128,4.59
59,vectorized_elementwise_kernel,"void at::native::vectorized_elementwise_kernel<(int)4, at::native::<unnamed>::clamp_min_scalar_kernel_impl(at::TensorIterator &, c10::Scalar)::[lambda() (instance 1)]::operator ()() const::[lambda() (instance 8)]::operator ()() const::[lambda(float) (instance 1)], at::detail::Array<char *, (int)2>>(int, T2, T3)",[1353] python3.8," 1568,    1,    1","   64,    1,    1","26,399",18.66,"1,906.94",0.68,"87,808",1.41,64,"1,568",1.40
60,implicit_convolve_sgemm,"void cudnn::detail::implicit_convolve_sgemm<float, float, (int)1024, (int)5, (int)5, (int)3, (int)3, (int)3, (int)1, (bool)1, (bool)0, (bool)1>(int, int, int, const T1 *, int, T2 *, T1 *, kernel_conv_params, int, float, float, int, T2 *, T2 *, int, int)",[1353] python3.8,"   25,    4,    1","    8,    8,    1","806,599",582.18,"65,921.29",1.66,"7,459,740",1.39,64,100,4.22
61,vectorized_elementwise_kernel,"void at::native::vectorized_elementwise_kernel<(int)4, at::native::BUnaryFunctor<at::native::AddFunctor<long>>, at::detail::Array<char *, (int)2>>(int, T2, T3)",[1353] python3.8,"    1,    1,    1","   64,    1,    1","3,160",2.91,18.69,0.05,65,1.08,64,1,0.01
62,bn_fw_tr_1C11_singleread,"void cudnn::detail::bn_fw_tr_1C11_singleread<float, (int)512, (bool)1, (int)1, (int)2, (int)0>(cudnnTensorStruct, const T1 *, cudnnTensorStruct, T1 *, const float *, const float *, float, float, float *, float *, float *, float *, float, float, cudnn::reduced_divisor, int, cudnn::reduced_divisor, cudnn::detail::bnFwPersistentState *, int, float, float, float, int, float, float, cudnnStatus_t *, bool)",[1353] python3.8,"  128,    1,    1","  512,    1,    1","51,844",38.82,"4,328.09",1.87,"551,552",1.34,512,128,3.99
63,vectorized_elementwise_kernel,"void at::native::vectorized_elementwise_kernel<(int)4, at::native::<unnamed>::clamp_min_scalar_kernel_impl(at::TensorIterator &, c10::Scalar)::[lambda() (instance 1)]::operator ()() const::[lambda() (instance 8)]::operator ()() const::[lambda(float) (instance 1)], at::detail::Array<char *, (int)2>>(int, T2, T3)",[1353] python3.8,"  392,    1,    1","   64,    1,    1","8,612",6.69,568.44,0.57,"21,952",1.29,64,392,1.07
64,computeOffsetsKernel,cudnn::gemm::computeOffsetsKernel(cudnn::gemm::ComputeOffsetsParams),[1353] python3.8,"    7,    1,    1","  128,    1,    1","2,901",2.40,73.87,0.39,"1,979",1.21,128,7,0.27
65,volta_scudnn_128x64_relu_interior_nn_v1,volta_scudnn_128x64_relu_interior_nn_v1,[1353] python3.8,"    7,    8,    1","  128,    1,    1","194,510",142.88,"15,915.44",2.30,"2,484,608",1.36,128,56,7.07
66,vectorized_elementwise_kernel,"void at::native::vectorized_elementwise_kernel<(int)4, at::native::BUnaryFunctor<at::native::AddFunctor<long>>, at::detail::Array<char *, (int)2>>(int, T2, T3)",[1353] python3.8,"    1,    1,    1","   64,    1,    1","3,140",2.82,18.54,0.05,65,1.11,64,1,0.01
67,bn_fw_tr_1C11_singleread,"void cudnn::detail::bn_fw_tr_1C11_singleread<float, (int)512, (bool)1, (int)1, (int)2, (int)0>(cudnnTensorStruct, const T1 *, cudnnTensorStruct, T1 *, const float *, const float *, float, float, float *, float *, float *, float *, float, float, cudnn::reduced_divisor, int, cudnn::reduced_divisor, cudnn::detail::bnFwPersistentState *, int, float, float, float, int, float, float, cudnnStatus_t *, bool)",[1353] python3.8,"  512,    1,    1","  512,    1,    1","192,850",144.26,"16,679.54",1.95,"2,206,208",1.34,512,512,4.27
68,computeOffsetsKernel,cudnn::gemm::computeOffsetsKernel(cudnn::gemm::ComputeOffsetsParams),[1353] python3.8,"    7,    1,    1","  128,    1,    1","2,893",2.34,73.78,0.39,"1,979",1.24,128,7,0.28
69,volta_scudnn_128x64_relu_interior_nn_v1,volta_scudnn_128x64_relu_interior_nn_v1,[1353] python3.8,"    7,    8,    1","  128,    1,    1","373,348",274.98,"30,768.60",2.24,"4,688,768",1.36,128,56,7.30
70,vectorized_elementwise_kernel,"void at::native::vectorized_elementwise_kernel<(int)4, at::native::BUnaryFunctor<at::native::AddFunctor<long>>, at::detail::Array<char *, (int)2>>(int, T2, T3)",[1353] python3.8,"    1,    1,    1","   64,    1,    1","3,136",2.91,19.76,0.05,65,1.08,64,1,0.01
71,bn_fw_tr_1C11_singleread,"void cudnn::detail::bn_fw_tr_1C11_singleread<float, (int)512, (bool)1, (int)1, (int)2, (int)0>(cudnnTensorStruct, const T1 *, cudnnTensorStruct, T1 *, const float *, const float *, float, float, float *, float *, float *, float *, float, float, cudnn::reduced_divisor, int, cudnn::reduced_divisor, cudnn::detail::bnFwPersistentState *, int, float, float, float, int, float, float, cudnnStatus_t *, bool)",[1353] python3.8,"  512,    1,    1","  512,    1,    1","193,163",143.55,"16,689.82",1.94,"2,206,208",1.35,512,512,4.27
72,vectorized_elementwise_kernel,"void at::native::vectorized_elementwise_kernel<(int)4, at::native::AddFunctor<float>, at::detail::Array<char *, (int)3>>(int, T2, T3)",[1353] python3.8," 1568,    1,    1","   64,    1,    1","25,346",19.78,"2,043.76",0.52,"72,128",1.28,64,"1,568",1.82
73,vectorized_elementwise_kernel,"void at::native::vectorized_elementwise_kernel<(int)4, at::native::<unnamed>::clamp_min_scalar_kernel_impl(at::TensorIterator &, c10::Scalar)::[lambda() (instance 1)]::operator ()() const::[lambda() (instance 8)]::operator ()() const::[lambda(float) (instance 1)], at::detail::Array<char *, (int)2>>(int, T2, T3)",[1353] python3.8," 1568,    1,    1","   64,    1,    1","26,423",18.94,"1,934.53",0.67,"87,808",1.39,64,"1,568",1.40
74,implicit_convolve_sgemm,"void cudnn::detail::implicit_convolve_sgemm<float, float, (int)1024, (int)5, (int)5, (int)3, (int)3, (int)3, (int)1, (bool)1, (bool)0, (bool)1>(int, int, int, const T1 *, int, T2 *, T1 *, kernel_conv_params, int, float, float, int, T2 *, T2 *, int, int)",[1353] python3.8,"   25,    4,    1","    8,    8,    1","327,718",238.72,"27,235.34",1.82,"3,363,424",1.37,64,100,4.64
75,vectorized_elementwise_kernel,"void at::native::vectorized_elementwise_kernel<(int)4, at::native::BUnaryFunctor<at::native::AddFunctor<long>>, at::detail::Array<char *, (int)2>>(int, T2, T3)",[1353] python3.8,"    1,    1,    1","   64,    1,    1","3,144",2.85,18.41,0.05,65,1.10,64,1,0.01
76,bn_fw_tr_1C11_singleread,"void cudnn::detail::bn_fw_tr_1C11_singleread<float, (int)512, (bool)1, (int)1, (int)2, (int)0>(cudnnTensorStruct, const T1 *, cudnnTensorStruct, T1 *, const float *, const float *, float, float, float *, float *, float *, float *, float, float, cudnn::reduced_divisor, int, cudnn::reduced_divisor, cudnn::detail::bnFwPersistentState *, int, float, float, float, int, float, float, cudnnStatus_t *, bool)",[1353] python3.8,"  128,    1,    1","  512,    1,    1","52,661",38.91,"4,294.34",1.89,"551,552",1.35,512,128,3.92
77,vectorized_elementwise_kernel,"void at::native::vectorized_elementwise_kernel<(int)4, at::native::<unnamed>::clamp_min_scalar_kernel_impl(at::TensorIterator &, c10::Scalar)::[lambda() (instance 1)]::operator ()() const::[lambda() (instance 8)]::operator ()() const::[lambda(float) (instance 1)], at::detail::Array<char *, (int)2>>(int, T2, T3)",[1353] python3.8,"  392,    1,    1","   64,    1,    1","8,617",6.78,568.10,0.57,"21,952",1.27,64,392,1.07
78,generateWinogradTilesKernel,"void cudnn::winograd::generateWinogradTilesKernel<(int)0, float, float>(cudnn::winograd::GenerateWinogradTilesParams<T2, T3>)",[1353] python3.8,"    4,   32,    1","   32,    4,    1","21,463",16.26,"1,640.76",1.62,"180,224",1.32,128,128,3.16
79,volta_scudnn_winograd_128x128_ldg1_ldg4_relu_tile148t_nt_v1,volta_scudnn_winograd_128x128_ldg1_ldg4_relu_tile148t_nt_v1,[1353] python3.8,"    4,    4,    2","  256,    1,    1","316,507",233.18,"24,498.91",1.77,"2,943,232",1.36,256,32,5.28
80,vectorized_elementwise_kernel,"void at::native::vectorized_elementwise_kernel<(int)4, at::native::BUnaryFunctor<at::native::AddFunctor<long>>, at::detail::Array<char *, (int)2>>(int, T2, T3)",[1353] python3.8,"    1,    1,    1","   64,    1,    1","3,124",2.85,18.44,0.05,65,1.10,64,1,0.01
81,bn_fw_tr_1C11_singleread,"void cudnn::detail::bn_fw_tr_1C11_singleread<float, (int)512, (bool)1, (int)1, (int)2, (int)0>(cudnnTensorStruct, const T1 *, cudnnTensorStruct, T1 *, const float *, const float *, float, float, float *, float *, float *, float *, float, float, cudnn::reduced_divisor, int, cudnn::reduced_divisor, cudnn::detail::bnFwPersistentState *, int, float, float, float, int, float, float, cudnnStatus_t *, bool)",[1353] python3.8,"  128,    1,    1","  512,    1,    1","51,610",38.82,"4,319.56",1.88,"551,552",1.33,512,128,4.00
82,vectorized_elementwise_kernel,"void at::native::vectorized_elementwise_kernel<(int)4, at::native::<unnamed>::clamp_min_scalar_kernel_impl(at::TensorIterator &, c10::Scalar)::[lambda() (instance 1)]::operator ()() const::[lambda() (instance 8)]::operator ()() const::[lambda(float) (instance 1)], at::detail::Array<char *, (int)2>>(int, T2, T3)",[1353] python3.8,"  392,    1,    1","   64,    1,    1","8,562",6.75,579.62,0.56,"21,952",1.27,64,392,1.08
83,computeOffsetsKernel,cudnn::gemm::computeOffsetsKernel(cudnn::gemm::ComputeOffsetsParams),[1353] python3.8,"    7,    1,    1","  128,    1,    1","2,922",2.34,74.78,0.39,"1,979",1.25,128,7,0.27
84,volta_scudnn_128x64_relu_interior_nn_v1,volta_scudnn_128x64_relu_interior_nn_v1,[1353] python3.8,"    7,    8,    1","  128,    1,    1","193,979",143.55,"15,953.41",2.29,"2,484,608",1.35,128,56,7.09
85,vectorized_elementwise_kernel,"void at::native::vectorized_elementwise_kernel<(int)4, at::native::BUnaryFunctor<at::native::AddFunctor<long>>, at::detail::Array<char *, (int)2>>(int, T2, T3)",[1353] python3.8,"    1,    1,    1","   64,    1,    1","3,139",2.82,18.53,0.05,65,1.11,64,1,0.01
86,bn_fw_tr_1C11_singleread,"void cudnn::detail::bn_fw_tr_1C11_singleread<float, (int)512, (bool)1, (int)1, (int)2, (int)0>(cudnnTensorStruct, const T1 *, cudnnTensorStruct, T1 *, const float *, const float *, float, float, float *, float *, float *, float *, float, float, cudnn::reduced_divisor, int, cudnn::reduced_divisor, cudnn::detail::bnFwPersistentState *, int, float, float, float, int, float, float, cudnnStatus_t *, bool)",[1353] python3.8,"  512,    1,    1","  512,    1,    1","192,035",141.63,"16,679.19",1.95,"2,206,208",1.36,512,512,4.29
87,vectorized_elementwise_kernel,"void at::native::vectorized_elementwise_kernel<(int)4, at::native::AddFunctor<float>, at::detail::Array<char *, (int)3>>(int, T2, T3)",[1353] python3.8," 1568,    1,    1","   64,    1,    1","25,389",19.62,"2,064.79",0.51,"72,128",1.29,64,"1,568",1.82
88,vectorized_elementwise_kernel,"void at::native::vectorized_elementwise_kernel<(int)4, at::native::<unnamed>::clamp_min_scalar_kernel_impl(at::TensorIterator &, c10::Scalar)::[lambda() (instance 1)]::operator ()() const::[lambda() (instance 8)]::operator ()() const::[lambda(float) (instance 1)], at::detail::Array<char *, (int)2>>(int, T2, T3)",[1353] python3.8," 1568,    1,    1","   64,    1,    1","23,425",18.91,"2,170.32",0.59,"87,808",1.24,64,"1,568",1.58
89,implicit_convolve_sgemm,"void cudnn::detail::implicit_convolve_sgemm<float, float, (int)1024, (int)5, (int)5, (int)3, (int)3, (int)3, (int)1, (bool)1, (bool)0, (bool)1>(int, int, int, const T1 *, int, T2 *, T1 *, kernel_conv_params, int, float, float, int, T2 *, T2 *, int, int)",[1353] python3.8,"   25,    4,    1","    8,    8,    1","328,355",236.61,"27,094.43",1.83,"3,363,424",1.39,64,100,4.63
90,vectorized_elementwise_kernel,"void at::native::vectorized_elementwise_kernel<(int)4, at::native::BUnaryFunctor<at::native::AddFunctor<long>>, at::detail::Array<char *, (int)2>>(int, T2, T3)",[1353] python3.8,"    1,    1,    1","   64,    1,    1","3,129",2.82,19.59,0.05,65,1.11,64,1,0.01
91,bn_fw_tr_1C11_singleread,"void cudnn::detail::bn_fw_tr_1C11_singleread<float, (int)512, (bool)1, (int)1, (int)2, (int)0>(cudnnTensorStruct, const T1 *, cudnnTensorStruct, T1 *, const float *, const float *, float, float, float *, float *, float *, float *, float, float, cudnn::reduced_divisor, int, cudnn::reduced_divisor, cudnn::detail::bnFwPersistentState *, int, float, float, float, int, float, float, cudnnStatus_t *, bool)",[1353] python3.8,"  128,    1,    1","  512,    1,    1","51,501",38.56,"4,311.90",1.88,"551,552",1.34,512,128,4.01
92,vectorized_elementwise_kernel,"void at::native::vectorized_elementwise_kernel<(int)4, at::native::<unnamed>::clamp_min_scalar_kernel_impl(at::TensorIterator &, c10::Scalar)::[lambda() (instance 1)]::operator ()() const::[lambda() (instance 8)]::operator ()() const::[lambda(float) (instance 1)], at::detail::Array<char *, (int)2>>(int, T2, T3)",[1353] python3.8,"  392,    1,    1","   64,    1,    1","8,452",7.04,554.72,0.58,"21,952",1.20,64,392,1.09
93,generateWinogradTilesKernel,"void cudnn::winograd::generateWinogradTilesKernel<(int)0, float, float>(cudnn::winograd::GenerateWinogradTilesParams<T2, T3>)",[1353] python3.8,"    4,   32,    1","   32,    4,    1","21,287",16.26,"1,649.40",1.61,"180,224",1.31,128,128,3.19
94,volta_scudnn_winograd_128x128_ldg1_ldg4_relu_tile148t_nt_v1,volta_scudnn_winograd_128x128_ldg1_ldg4_relu_tile148t_nt_v1,[1353] python3.8,"    4,    4,    2","  256,    1,    1","316,284",233.60,"24,419.90",1.77,"2,943,232",1.35,256,32,5.28
95,vectorized_elementwise_kernel,"void at::native::vectorized_elementwise_kernel<(int)4, at::native::BUnaryFunctor<at::native::AddFunctor<long>>, at::detail::Array<char *, (int)2>>(int, T2, T3)",[1353] python3.8,"    1,    1,    1","   64,    1,    1","3,129",2.82,18.44,0.05,65,1.11,64,1,0.01
96,bn_fw_tr_1C11_singleread,"void cudnn::detail::bn_fw_tr_1C11_singleread<float, (int)512, (bool)1, (int)1, (int)2, (int)0>(cudnnTensorStruct, const T1 *, cudnnTensorStruct, T1 *, const float *, const float *, float, float, float *, float *, float *, float *, float, float, cudnn::reduced_divisor, int, cudnn::reduced_divisor, cudnn::detail::bnFwPersistentState *, int, float, float, float, int, float, float, cudnnStatus_t *, bool)",[1353] python3.8,"  128,    1,    1","  512,    1,    1","51,968",39.04,"4,309.22",1.88,"551,552",1.33,512,128,3.98
97,vectorized_elementwise_kernel,"void at::native::vectorized_elementwise_kernel<(int)4, at::native::<unnamed>::clamp_min_scalar_kernel_impl(at::TensorIterator &, c10::Scalar)::[lambda() (instance 1)]::operator ()() const::[lambda() (instance 8)]::operator ()() const::[lambda(float) (instance 1)], at::detail::Array<char *, (int)2>>(int, T2, T3)",[1353] python3.8,"  392,    1,    1","   64,    1,    1","8,558",6.85,569.44,0.57,"21,952",1.25,64,392,1.08
98,computeOffsetsKernel,cudnn::gemm::computeOffsetsKernel(cudnn::gemm::ComputeOffsetsParams),[1353] python3.8,"    7,    1,    1","  128,    1,    1","2,902",2.34,73.66,0.40,"1,979",1.24,128,7,0.27
99,volta_scudnn_128x64_relu_interior_nn_v1,volta_scudnn_128x64_relu_interior_nn_v1,[1353] python3.8,"    7,    8,    1","  128,    1,    1","194,775",143.01,"15,953.19",2.29,"2,484,608",1.36,128,56,7.06
100,vectorized_elementwise_kernel,"void at::native::vectorized_elementwise_kernel<(int)4, at::native::BUnaryFunctor<at::native::AddFunctor<long>>, at::detail::Array<char *, (int)2>>(int, T2, T3)",[1353] python3.8,"    1,    1,    1","   64,    1,    1","3,146",2.91,19.50,0.05,65,1.08,64,1,0.01
101,bn_fw_tr_1C11_singleread,"void cudnn::detail::bn_fw_tr_1C11_singleread<float, (int)512, (bool)1, (int)1, (int)2, (int)0>(cudnnTensorStruct, const T1 *, cudnnTensorStruct, T1 *, const float *, const float *, float, float, float *, float *, float *, float *, float, float, cudnn::reduced_divisor, int, cudnn::reduced_divisor, cudnn::detail::bnFwPersistentState *, int, float, float, float, int, float, float, cudnnStatus_t *, bool)",[1353] python3.8,"  512,    1,    1","  512,    1,    1","191,879",143.49,"16,723.24",1.94,"2,206,208",1.34,512,512,4.29
102,vectorized_elementwise_kernel,"void at::native::vectorized_elementwise_kernel<(int)4, at::native::AddFunctor<float>, at::detail::Array<char *, (int)3>>(int, T2, T3)",[1353] python3.8," 1568,    1,    1","   64,    1,    1","25,243",19.81,"2,060.87",0.51,"72,128",1.27,64,"1,568",1.83
103,vectorized_elementwise_kernel,"void at::native::vectorized_elementwise_kernel<(int)4, at::native::<unnamed>::clamp_min_scalar_kernel_impl(at::TensorIterator &, c10::Scalar)::[lambda() (instance 1)]::operator ()() const::[lambda() (instance 8)]::operator ()() const::[lambda(float) (instance 1)], at::detail::Array<char *, (int)2>>(int, T2, T3)",[1353] python3.8," 1568,    1,    1","   64,    1,    1","23,682",18.53,"1,937.81",0.67,"87,808",1.28,64,"1,568",1.56
104,implicit_convolve_sgemm,"void cudnn::detail::implicit_convolve_sgemm<float, float, (int)1024, (int)5, (int)5, (int)3, (int)3, (int)3, (int)1, (bool)1, (bool)0, (bool)1>(int, int, int, const T1 *, int, T2 *, T1 *, kernel_conv_params, int, float, float, int, T2 *, T2 *, int, int)",[1353] python3.8,"   25,    4,    1","    8,    8,    1","323,109",235.90,"26,524.62",1.86,"3,363,424",1.37,64,100,4.70
105,vectorized_elementwise_kernel,"void at::native::vectorized_elementwise_kernel<(int)4, at::native::BUnaryFunctor<at::native::AddFunctor<long>>, at::detail::Array<char *, (int)2>>(int, T2, T3)",[1353] python3.8,"    1,    1,    1","   64,    1,    1","3,152",2.82,18.49,0.05,65,1.12,64,1,0.01
106,bn_fw_tr_1C11_singleread,"void cudnn::detail::bn_fw_tr_1C11_singleread<float, (int)512, (bool)1, (int)1, (int)2, (int)0>(cudnnTensorStruct, const T1 *, cudnnTensorStruct, T1 *, const float *, const float *, float, float, float *, float *, float *, float *, float, float, cudnn::reduced_divisor, int, cudnn::reduced_divisor, cudnn::detail::bnFwPersistentState *, int, float, float, float, int, float, float, cudnnStatus_t *, bool)",[1353] python3.8,"  128,    1,    1","  512,    1,    1","51,535",38.82,"4,301.38",1.89,"551,552",1.33,512,128,4.01
107,vectorized_elementwise_kernel,"void at::native::vectorized_elementwise_kernel<(int)4, at::native::<unnamed>::clamp_min_scalar_kernel_impl(at::TensorIterator &, c10::Scalar)::[lambda() (instance 1)]::operator ()() const::[lambda() (instance 8)]::operator ()() const::[lambda(float) (instance 1)], at::detail::Array<char *, (int)2>>(int, T2, T3)",[1353] python3.8,"  392,    1,    1","   64,    1,    1","8,891",6.82,575.19,0.56,"21,952",1.30,64,392,1.04
108,generateWinogradTilesKernel,"void cudnn::winograd::generateWinogradTilesKernel<(int)0, float, float>(cudnn::winograd::GenerateWinogradTilesParams<T2, T3>)",[1353] python3.8,"    4,   32,    1","   32,    4,    1","21,022",16.58,"1,649.54",1.61,"180,224",1.27,128,128,3.23
109,volta_scudnn_winograd_128x128_ldg1_ldg4_relu_tile148t_nt_v1,volta_scudnn_winograd_128x128_ldg1_ldg4_relu_tile148t_nt_v1,[1353] python3.8,"    4,    4,    2","  256,    1,    1","311,269",233.57,"24,595.18",1.76,"2,943,232",1.33,256,32,5.37
110,vectorized_elementwise_kernel,"void at::native::vectorized_elementwise_kernel<(int)4, at::native::BUnaryFunctor<at::native::AddFunctor<long>>, at::detail::Array<char *, (int)2>>(int, T2, T3)",[1353] python3.8,"    1,    1,    1","   64,    1,    1","3,132",2.85,18.69,0.05,65,1.10,64,1,0.01
111,bn_fw_tr_1C11_singleread,"void cudnn::detail::bn_fw_tr_1C11_singleread<float, (int)512, (bool)1, (int)1, (int)2, (int)0>(cudnnTensorStruct, const T1 *, cudnnTensorStruct, T1 *, const float *, const float *, float, float, float *, float *, float *, float *, float, float, cudnn::reduced_divisor, int, cudnn::reduced_divisor, cudnn::detail::bnFwPersistentState *, int, float, float, float, int, float, float, cudnnStatus_t *, bool)",[1353] python3.8,"  128,    1,    1","  512,    1,    1","51,637",39.04,"4,302.16",1.89,"551,552",1.32,512,128,4.00
112,vectorized_elementwise_kernel,"void at::native::vectorized_elementwise_kernel<(int)4, at::native::<unnamed>::clamp_min_scalar_kernel_impl(at::TensorIterator &, c10::Scalar)::[lambda() (instance 1)]::operator ()() const::[lambda() (instance 8)]::operator ()() const::[lambda(float) (instance 1)], at::detail::Array<char *, (int)2>>(int, T2, T3)",[1353] python3.8,"  392,    1,    1","   64,    1,    1","8,430",7.87,580.24,0.56,"21,952",1.07,64,392,1.10
113,computeOffsetsKernel,cudnn::gemm::computeOffsetsKernel(cudnn::gemm::ComputeOffsetsParams),[1353] python3.8,"    7,    1,    1","  128,    1,    1","3,037",2.34,75.71,0.38,"1,979",1.30,128,7,0.26
114,volta_scudnn_128x64_relu_interior_nn_v1,volta_scudnn_128x64_relu_interior_nn_v1,[1353] python3.8,"    7,    8,    1","  128,    1,    1","194,700",143.14,"15,942.71",2.29,"2,484,608",1.36,128,56,7.07
115,vectorized_elementwise_kernel,"void at::native::vectorized_elementwise_kernel<(int)4, at::native::BUnaryFunctor<at::native::AddFunctor<long>>, at::detail::Array<char *, (int)2>>(int, T2, T3)",[1353] python3.8,"    1,    1,    1","   64,    1,    1","3,117",3.42,18.53,0.05,65,0.91,64,1,0.01
116,bn_fw_tr_1C11_singleread,"void cudnn::detail::bn_fw_tr_1C11_singleread<float, (int)512, (bool)1, (int)1, (int)2, (int)0>(cudnnTensorStruct, const T1 *, cudnnTensorStruct, T1 *, const float *, const float *, float, float, float *, float *, float *, float *, float, float, cudnn::reduced_divisor, int, cudnn::reduced_divisor, cudnn::detail::bnFwPersistentState *, int, float, float, float, int, float, float, cudnnStatus_t *, bool)",[1353] python3.8,"  512,    1,    1","  512,    1,    1","192,108",143.36,"16,723.16",1.94,"2,206,208",1.34,512,512,4.29
117,vectorized_elementwise_kernel,"void at::native::vectorized_elementwise_kernel<(int)4, at::native::AddFunctor<float>, at::detail::Array<char *, (int)3>>(int, T2, T3)",[1353] python3.8," 1568,    1,    1","   64,    1,    1","25,574",19.52,"2,069.10",0.51,"72,128",1.31,64,"1,568",1.81
118,vectorized_elementwise_kernel,"void at::native::vectorized_elementwise_kernel<(int)4, at::native::<unnamed>::clamp_min_scalar_kernel_impl(at::TensorIterator &, c10::Scalar)::[lambda() (instance 1)]::operator ()() const::[lambda() (instance 8)]::operator ()() const::[lambda(float) (instance 1)], at::detail::Array<char *, (int)2>>(int, T2, T3)",[1353] python3.8," 1568,    1,    1","   64,    1,    1","23,869",18.43,"1,912.18",0.68,"87,808",1.29,64,"1,568",1.55
119,implicit_convolve_sgemm,"void cudnn::detail::implicit_convolve_sgemm<float, float, (int)1024, (int)5, (int)5, (int)3, (int)3, (int)3, (int)1, (bool)1, (bool)0, (bool)1>(int, int, int, const T1 *, int, T2 *, T1 *, kernel_conv_params, int, float, float, int, T2 *, T2 *, int, int)",[1353] python3.8,"   25,    8,    1","    8,    8,    1","647,448",476.64,"56,548.62",1.75,"6,726,848",1.36,64,200,4.69
120,vectorized_elementwise_kernel,"void at::native::vectorized_elementwise_kernel<(int)4, at::native::BUnaryFunctor<at::native::AddFunctor<long>>, at::detail::Array<char *, (int)2>>(int, T2, T3)",[1353] python3.8,"    1,    1,    1","   64,    1,    1","3,263",2.82,18.68,0.05,65,1.16,64,1,0.01
121,bn_fw_tr_1C11_singleread,"void cudnn::detail::bn_fw_tr_1C11_singleread<float, (int)512, (bool)1, (int)1, (int)2, (int)0>(cudnnTensorStruct, const T1 *, cudnnTensorStruct, T1 *, const float *, const float *, float, float, float *, float *, float *, float *, float, float, cudnn::reduced_divisor, int, cudnn::reduced_divisor, cudnn::detail::bnFwPersistentState *, int, float, float, float, int, float, float, cudnnStatus_t *, bool)",[1353] python3.8,"  256,    1,    1","  512,    1,    1","99,003",73.63,"8,438.03",1.92,"1,103,104",1.34,512,256,4.17
122,vectorized_elementwise_kernel,"void at::native::vectorized_elementwise_kernel<(int)4, at::native::<unnamed>::clamp_min_scalar_kernel_impl(at::TensorIterator &, c10::Scalar)::[lambda() (instance 1)]::operator ()() const::[lambda() (instance 8)]::operator ()() const::[lambda(float) (instance 1)], at::detail::Array<char *, (int)2>>(int, T2, T3)",[1353] python3.8,"  784,    1,    1","   64,    1,    1","13,969",11.46,"1,044.37",0.62,"43,904",1.22,64,784,1.32
123,implicit_convolve_sgemm,"void cudnn::detail::implicit_convolve_sgemm<float, float, (int)1024, (int)5, (int)5, (int)3, (int)3, (int)3, (int)1, (bool)1, (bool)0, (bool)1>(int, int, int, const T1 *, int, T2 *, T1 *, kernel_conv_params, int, float, float, int, T2 *, T2 *, int, int)",[1353] python3.8,"    7,    8,    1","    8,    8,    1","892,888",655.10,"76,587.15",1.59,"8,306,280",1.36,64,56,4.26
124,vectorized_elementwise_kernel,"void at::native::vectorized_elementwise_kernel<(int)4, at::native::BUnaryFunctor<at::native::AddFunctor<long>>, at::detail::Array<char *, (int)2>>(int, T2, T3)",[1353] python3.8,"    1,    1,    1","   64,    1,    1","3,123",2.78,18.40,0.05,65,1.12,64,1,0.01
125,bn_fw_tr_1C11_singleread,"void cudnn::detail::bn_fw_tr_1C11_singleread<float, (int)512, (bool)1, (int)1, (int)2, (int)0>(cudnnTensorStruct, const T1 *, cudnnTensorStruct, T1 *, const float *, const float *, float, float, float *, float *, float *, float *, float, float, cudnn::reduced_divisor, int, cudnn::reduced_divisor, cudnn::detail::bnFwPersistentState *, int, float, float, float, int, float, float, cudnnStatus_t *, bool)",[1353] python3.8,"  256,    1,    1","  512,    1,    1","78,342",58.24,"6,687.34",1.87,"849,408",1.34,512,256,4.07
126,vectorized_elementwise_kernel,"void at::native::vectorized_elementwise_kernel<(int)4, at::native::<unnamed>::clamp_min_scalar_kernel_impl(at::TensorIterator &, c10::Scalar)::[lambda() (instance 1)]::operator ()() const::[lambda() (instance 8)]::operator ()() const::[lambda(float) (instance 1)], at::detail::Array<char *, (int)2>>(int, T2, T3)",[1353] python3.8,"  196,    1,    1","   64,    1,    1","5,853",4.83,327.53,0.49,"10,976",1.21,64,196,0.79
127,implicit_convolve_sgemm,"void cudnn::detail::implicit_convolve_sgemm<float, float, (int)1024, (int)5, (int)5, (int)3, (int)3, (int)3, (int)1, (bool)1, (bool)0, (bool)1>(int, int, int, const T1 *, int, T2 *, T1 *, kernel_conv_params, int, float, float, int, T2 *, T2 *, int, int)",[1353] python3.8,"    7,   32,    1","    8,    8,    1","376,903",275.46,"32,697.82",1.74,"3,864,192",1.37,64,224,4.56
128,vectorized_elementwise_kernel,"void at::native::vectorized_elementwise_kernel<(int)4, at::native::BUnaryFunctor<at::native::AddFunctor<long>>, at::detail::Array<char *, (int)2>>(int, T2, T3)",[1353] python3.8,"    1,    1,    1","   64,    1,    1","3,128",2.88,18.51,0.05,65,1.09,64,1,0.01
129,bn_fw_tr_1C11_singleread,"void cudnn::detail::bn_fw_tr_1C11_singleread<float, (int)512, (bool)1, (int)1, (int)2, (int)0>(cudnnTensorStruct, const T1 *, cudnnTensorStruct, T1 *, const float *, const float *, float, float, float *, float *, float *, float *, float, float, cudnn::reduced_divisor, int, cudnn::reduced_divisor, cudnn::detail::bnFwPersistentState *, int, float, float, float, int, float, float, cudnnStatus_t *, bool)",[1353] python3.8," 1024,    1,    1","  512,    1,    1","302,410",222.34,"26,334.69",1.90,"3,397,632",1.36,512,"1,024",4.21
130,computeOffsetsKernel,cudnn::gemm::computeOffsetsKernel(cudnn::gemm::ComputeOffsetsParams),[1353] python3.8,"    2,    1,    1","  128,    1,    1","2,882",2.34,29.62,0.28,563,1.23,128,2,0.08
131,volta_scudnn_128x64_relu_interior_nn_v1,volta_scudnn_128x64_relu_interior_nn_v1,[1353] python3.8,"    2,   16,    1","  128,    1,    1","432,585",317.60,"34,206.82",2.23,"5,198,336",1.36,128,32,7.17
132,vectorized_elementwise_kernel,"void at::native::vectorized_elementwise_kernel<(int)4, at::native::BUnaryFunctor<at::native::AddFunctor<long>>, at::detail::Array<char *, (int)2>>(int, T2, T3)",[1353] python3.8,"    1,    1,    1","   64,    1,    1","3,118",2.78,19.07,0.05,65,1.12,64,1,0.01
133,bn_fw_tr_1C11_singleread,"void cudnn::detail::bn_fw_tr_1C11_singleread<float, (int)512, (bool)1, (int)1, (int)2, (int)0>(cudnnTensorStruct, const T1 *, cudnnTensorStruct, T1 *, const float *, const float *, float, float, float *, float *, float *, float *, float, float, cudnn::reduced_divisor, int, cudnn::reduced_divisor, cudnn::detail::bnFwPersistentState *, int, float, float, float, int, float, float, cudnnStatus_t *, bool)",[1353] python3.8," 1024,    1,    1","  512,    1,    1","301,586",222.37,"26,385.21",1.89,"3,397,632",1.36,512,"1,024",4.22
134,vectorized_elementwise_kernel,"void at::native::vectorized_elementwise_kernel<(int)4, at::native::AddFunctor<float>, at::detail::Array<char *, (int)3>>(int, T2, T3)",[1353] python3.8,"  784,    1,    1","   64,    1,    1","14,337",11.20,"1,096.51",0.48,"36,064",1.28,64,784,1.61
135,vectorized_elementwise_kernel,"void at::native::vectorized_elementwise_kernel<(int)4, at::native::<unnamed>::clamp_min_scalar_kernel_impl(at::TensorIterator &, c10::Scalar)::[lambda() (instance 1)]::operator ()() const::[lambda() (instance 8)]::operator ()() const::[lambda(float) (instance 1)], at::detail::Array<char *, (int)2>>(int, T2, T3)",[1353] python3.8,"  784,    1,    1","   64,    1,    1","14,071",11.58,"1,023.71",0.63,"43,904",1.21,64,784,1.31
136,implicit_convolve_sgemm,"void cudnn::detail::implicit_convolve_sgemm<float, float, (int)1024, (int)5, (int)5, (int)3, (int)3, (int)3, (int)1, (bool)1, (bool)0, (bool)1>(int, int, int, const T1 *, int, T2 *, T1 *, kernel_conv_params, int, float, float, int, T2 *, T2 *, int, int)",[1353] python3.8,"    7,    8,    1","    8,    8,    1","382,311",257.86,"30,089.71",1.82,"3,718,560",1.48,64,56,4.43
137,vectorized_elementwise_kernel,"void at::native::vectorized_elementwise_kernel<(int)4, at::native::BUnaryFunctor<at::native::AddFunctor<long>>, at::detail::Array<char *, (int)2>>(int, T2, T3)",[1353] python3.8,"    1,    1,    1","   64,    1,    1","3,137",2.78,18.96,0.05,65,1.13,64,1,0.01
138,bn_fw_tr_1C11_singleread,"void cudnn::detail::bn_fw_tr_1C11_singleread<float, (int)512, (bool)1, (int)1, (int)2, (int)0>(cudnnTensorStruct, const T1 *, cudnnTensorStruct, T1 *, const float *, const float *, float, float, float *, float *, float *, float *, float, float, cudnn::reduced_divisor, int, cudnn::reduced_divisor, cudnn::detail::bnFwPersistentState *, int, float, float, float, int, float, float, cudnnStatus_t *, bool)",[1353] python3.8,"  256,    1,    1","  512,    1,    1","78,518",58.27,"6,763.34",1.85,"849,408",1.35,512,256,4.06
139,vectorized_elementwise_kernel,"void at::native::vectorized_elementwise_kernel<(int)4, at::native::<unnamed>::clamp_min_scalar_kernel_impl(at::TensorIterator &, c10::Scalar)::[lambda() (instance 1)]::operator ()() const::[lambda() (instance 8)]::operator ()() const::[lambda(float) (instance 1)], at::detail::Array<char *, (int)2>>(int, T2, T3)",[1353] python3.8,"  196,    1,    1","   64,    1,    1","6,035",4.80,337.63,0.48,"10,976",1.26,64,196,0.77
140,generateWinogradTilesKernel,"void cudnn::winograd::generateWinogradTilesKernel<(int)0, float, float>(cudnn::winograd::GenerateWinogradTilesParams<T2, T3>)",[1353] python3.8,"    8,   64,    1","   32,    4,    1","74,844",55.71,"6,311.60",1.68,"720,896",1.34,128,512,3.63
141,volta_scudnn_winograd_128x128_ldg1_ldg4_relu_tile148t_nt_v1,volta_scudnn_winograd_128x128_ldg1_ldg4_relu_tile148t_nt_v1,[1353] python3.8,"    8,    2,    1","  256,    1,    1","298,569",220.22,"23,277.88",1.80,"2,847,872",1.35,256,16,5.54
142,vectorized_elementwise_kernel,"void at::native::vectorized_elementwise_kernel<(int)4, at::native::BUnaryFunctor<at::native::AddFunctor<long>>, at::detail::Array<char *, (int)2>>(int, T2, T3)",[1353] python3.8,"    1,    1,    1","   64,    1,    1","3,126",2.82,18.57,0.05,65,1.11,64,1,0.01
143,bn_fw_tr_1C11_singleread,"void cudnn::detail::bn_fw_tr_1C11_singleread<float, (int)512, (bool)1, (int)1, (int)2, (int)0>(cudnnTensorStruct, const T1 *, cudnnTensorStruct, T1 *, const float *, const float *, float, float, float *, float *, float *, float *, float, float, cudnn::reduced_divisor, int, cudnn::reduced_divisor, cudnn::detail::bnFwPersistentState *, int, float, float, float, int, float, float, cudnnStatus_t *, bool)",[1353] python3.8,"  256,    1,    1","  512,    1,    1","78,093",58.72,"6,675.24",1.87,"849,408",1.33,512,256,4.09
144,vectorized_elementwise_kernel,"void at::native::vectorized_elementwise_kernel<(int)4, at::native::<unnamed>::clamp_min_scalar_kernel_impl(at::TensorIterator &, c10::Scalar)::[lambda() (instance 1)]::operator ()() const::[lambda() (instance 8)]::operator ()() const::[lambda(float) (instance 1)], at::detail::Array<char *, (int)2>>(int, T2, T3)",[1353] python3.8,"  196,    1,    1","   64,    1,    1","5,853",4.90,328.56,0.49,"10,976",1.19,64,196,0.79
145,implicit_convolve_sgemm,"void cudnn::detail::implicit_convolve_sgemm<float, float, (int)1024, (int)5, (int)5, (int)3, (int)3, (int)3, (int)1, (bool)1, (bool)0, (bool)1>(int, int, int, const T1 *, int, T2 *, T1 *, kernel_conv_params, int, float, float, int, T2 *, T2 *, int, int)",[1353] python3.8,"    7,   32,    1","    8,    8,    1","375,545",279.87,"32,735.18",1.74,"3,864,192",1.34,64,224,4.57
146,vectorized_elementwise_kernel,"void at::native::vectorized_elementwise_kernel<(int)4, at::native::BUnaryFunctor<at::native::AddFunctor<long>>, at::detail::Array<char *, (int)2>>(int, T2, T3)",[1353] python3.8,"    1,    1,    1","   64,    1,    1","3,126",2.85,21.31,0.04,65,1.10,64,1,0.01
147,bn_fw_tr_1C11_singleread,"void cudnn::detail::bn_fw_tr_1C11_singleread<float, (int)512, (bool)1, (int)1, (int)2, (int)0>(cudnnTensorStruct, const T1 *, cudnnTensorStruct, T1 *, const float *, const float *, float, float, float *, float *, float *, float *, float, float, cudnn::reduced_divisor, int, cudnn::reduced_divisor, cudnn::detail::bnFwPersistentState *, int, float, float, float, int, float, float, cudnnStatus_t *, bool)",[1353] python3.8," 1024,    1,    1","  512,    1,    1","301,364",222.11,"26,453.71",1.89,"3,397,632",1.36,512,"1,024",4.23
148,vectorized_elementwise_kernel,"void at::native::vectorized_elementwise_kernel<(int)4, at::native::AddFunctor<float>, at::detail::Array<char *, (int)3>>(int, T2, T3)",[1353] python3.8,"  784,    1,    1","   64,    1,    1","14,673",11.17,"1,084.37",0.49,"36,064",1.31,64,784,1.57
149,vectorized_elementwise_kernel,"void at::native::vectorized_elementwise_kernel<(int)4, at::native::<unnamed>::clamp_min_scalar_kernel_impl(at::TensorIterator &, c10::Scalar)::[lambda() (instance 1)]::operator ()() const::[lambda() (instance 8)]::operator ()() const::[lambda(float) (instance 1)], at::detail::Array<char *, (int)2>>(int, T2, T3)",[1353] python3.8,"  784,    1,    1","   64,    1,    1","13,702",10.53,"1,017.99",0.63,"43,904",1.30,64,784,1.35
150,implicit_convolve_sgemm,"void cudnn::detail::implicit_convolve_sgemm<float, float, (int)1024, (int)5, (int)5, (int)3, (int)3, (int)3, (int)1, (bool)1, (bool)0, (bool)1>(int, int, int, const T1 *, int, T2 *, T1 *, kernel_conv_params, int, float, float, int, T2 *, T2 *, int, int)",[1353] python3.8,"    7,    8,    1","    8,    8,    1","380,258",257.18,"30,520.34",1.79,"3,718,560",1.48,64,56,4.46
151,vectorized_elementwise_kernel,"void at::native::vectorized_elementwise_kernel<(int)4, at::native::BUnaryFunctor<at::native::AddFunctor<long>>, at::detail::Array<char *, (int)2>>(int, T2, T3)",[1353] python3.8,"    1,    1,    1","   64,    1,    1","3,160",2.82,19.38,0.05,65,1.12,64,1,0.01
152,bn_fw_tr_1C11_singleread,"void cudnn::detail::bn_fw_tr_1C11_singleread<float, (int)512, (bool)1, (int)1, (int)2, (int)0>(cudnnTensorStruct, const T1 *, cudnnTensorStruct, T1 *, const float *, const float *, float, float, float *, float *, float *, float *, float, float, cudnn::reduced_divisor, int, cudnn::reduced_divisor, cudnn::detail::bnFwPersistentState *, int, float, float, float, int, float, float, cudnnStatus_t *, bool)",[1353] python3.8,"  256,    1,    1","  512,    1,    1","79,199",58.43,"6,675.43",1.87,"849,408",1.36,512,256,4.03
153,vectorized_elementwise_kernel,"void at::native::vectorized_elementwise_kernel<(int)4, at::native::<unnamed>::clamp_min_scalar_kernel_impl(at::TensorIterator &, c10::Scalar)::[lambda() (instance 1)]::operator ()() const::[lambda() (instance 8)]::operator ()() const::[lambda(float) (instance 1)], at::detail::Array<char *, (int)2>>(int, T2, T3)",[1353] python3.8,"  196,    1,    1","   64,    1,    1","5,811",4.80,330.32,0.49,"10,976",1.21,64,196,0.80
154,generateWinogradTilesKernel,"void cudnn::winograd::generateWinogradTilesKernel<(int)0, float, float>(cudnn::winograd::GenerateWinogradTilesParams<T2, T3>)",[1353] python3.8,"    8,   64,    1","   32,    4,    1","73,873",55.71,"6,354.99",1.67,"720,896",1.32,128,512,3.68
155,volta_scudnn_winograd_128x128_ldg1_ldg4_relu_tile148t_nt_v1,volta_scudnn_winograd_128x128_ldg1_ldg4_relu_tile148t_nt_v1,[1353] python3.8,"    8,    2,    1","  256,    1,    1","299,203",220.99,"22,954.94",1.82,"2,847,872",1.35,256,16,5.53
156,vectorized_elementwise_kernel,"void at::native::vectorized_elementwise_kernel<(int)4, at::native::BUnaryFunctor<at::native::AddFunctor<long>>, at::detail::Array<char *, (int)2>>(int, T2, T3)",[1353] python3.8,"    1,    1,    1","   64,    1,    1","3,196",2.82,18.96,0.05,65,1.13,64,1,0.01
157,bn_fw_tr_1C11_singleread,"void cudnn::detail::bn_fw_tr_1C11_singleread<float, (int)512, (bool)1, (int)1, (int)2, (int)0>(cudnnTensorStruct, const T1 *, cudnnTensorStruct, T1 *, const float *, const float *, float, float, float *, float *, float *, float *, float, float, cudnn::reduced_divisor, int, cudnn::reduced_divisor, cudnn::detail::bnFwPersistentState *, int, float, float, float, int, float, float, cudnnStatus_t *, bool)",[1353] python3.8,"  256,    1,    1","  512,    1,    1","78,409",58.24,"6,687.49",1.87,"849,408",1.35,512,256,4.07
158,vectorized_elementwise_kernel,"void at::native::vectorized_elementwise_kernel<(int)4, at::native::<unnamed>::clamp_min_scalar_kernel_impl(at::TensorIterator &, c10::Scalar)::[lambda() (instance 1)]::operator ()() const::[lambda() (instance 8)]::operator ()() const::[lambda(float) (instance 1)], at::detail::Array<char *, (int)2>>(int, T2, T3)",[1353] python3.8,"  196,    1,    1","   64,    1,    1","5,863",4.86,335.79,0.48,"10,976",1.20,64,196,0.79
159,implicit_convolve_sgemm,"void cudnn::detail::implicit_convolve_sgemm<float, float, (int)1024, (int)5, (int)5, (int)3, (int)3, (int)3, (int)1, (bool)1, (bool)0, (bool)1>(int, int, int, const T1 *, int, T2 *, T1 *, kernel_conv_params, int, float, float, int, T2 *, T2 *, int, int)",[1353] python3.8,"    7,   32,    1","    8,    8,    1","374,039",278.75,"32,737.56",1.74,"3,864,192",1.34,64,224,4.59
160,vectorized_elementwise_kernel,"void at::native::vectorized_elementwise_kernel<(int)4, at::native::BUnaryFunctor<at::native::AddFunctor<long>>, at::detail::Array<char *, (int)2>>(int, T2, T3)",[1353] python3.8,"    1,    1,    1","   64,    1,    1","3,112",2.85,18.59,0.05,65,1.09,64,1,0.01
161,bn_fw_tr_1C11_singleread,"void cudnn::detail::bn_fw_tr_1C11_singleread<float, (int)512, (bool)1, (int)1, (int)2, (int)0>(cudnnTensorStruct, const T1 *, cudnnTensorStruct, T1 *, const float *, const float *, float, float, float *, float *, float *, float *, float, float, cudnn::reduced_divisor, int, cudnn::reduced_divisor, cudnn::detail::bnFwPersistentState *, int, float, float, float, int, float, float, cudnnStatus_t *, bool)",[1353] python3.8," 1024,    1,    1","  512,    1,    1","302,864",222.34,"26,388.09",1.89,"3,397,632",1.36,512,"1,024",4.21
162,vectorized_elementwise_kernel,"void at::native::vectorized_elementwise_kernel<(int)4, at::native::AddFunctor<float>, at::detail::Array<char *, (int)3>>(int, T2, T3)",[1353] python3.8,"  784,    1,    1","   64,    1,    1","14,605",11.30,"1,109.65",0.48,"36,064",1.29,64,784,1.58
163,vectorized_elementwise_kernel,"void at::native::vectorized_elementwise_kernel<(int)4, at::native::<unnamed>::clamp_min_scalar_kernel_impl(at::TensorIterator &, c10::Scalar)::[lambda() (instance 1)]::operator ()() const::[lambda() (instance 8)]::operator ()() const::[lambda(float) (instance 1)], at::detail::Array<char *, (int)2>>(int, T2, T3)",[1353] python3.8,"  784,    1,    1","   64,    1,    1","13,647",10.40,"1,048.91",0.62,"43,904",1.31,64,784,1.35
164,implicit_convolve_sgemm,"void cudnn::detail::implicit_convolve_sgemm<float, float, (int)1024, (int)5, (int)5, (int)3, (int)3, (int)3, (int)1, (bool)1, (bool)0, (bool)1>(int, int, int, const T1 *, int, T2 *, T1 *, kernel_conv_params, int, float, float, int, T2 *, T2 *, int, int)",[1353] python3.8,"    7,    8,    1","    8,    8,    1","351,019",259.20,"30,603.38",1.79,"3,718,560",1.35,64,56,4.83
165,vectorized_elementwise_kernel,"void at::native::vectorized_elementwise_kernel<(int)4, at::native::BUnaryFunctor<at::native::AddFunctor<long>>, at::detail::Array<char *, (int)2>>(int, T2, T3)",[1353] python3.8,"    1,    1,    1","   64,    1,    1","3,151",2.82,18.56,0.05,65,1.12,64,1,0.01
166,bn_fw_tr_1C11_singleread,"void cudnn::detail::bn_fw_tr_1C11_singleread<float, (int)512, (bool)1, (int)1, (int)2, (int)0>(cudnnTensorStruct, const T1 *, cudnnTensorStruct, T1 *, const float *, const float *, float, float, float *, float *, float *, float *, float, float, cudnn::reduced_divisor, int, cudnn::reduced_divisor, cudnn::detail::bnFwPersistentState *, int, float, float, float, int, float, float, cudnnStatus_t *, bool)",[1353] python3.8,"  256,    1,    1","  512,    1,    1","78,211",58.37,"6,666.12",1.87,"849,408",1.34,512,256,4.08
167,vectorized_elementwise_kernel,"void at::native::vectorized_elementwise_kernel<(int)4, at::native::<unnamed>::clamp_min_scalar_kernel_impl(at::TensorIterator &, c10::Scalar)::[lambda() (instance 1)]::operator ()() const::[lambda() (instance 8)]::operator ()() const::[lambda(float) (instance 1)], at::detail::Array<char *, (int)2>>(int, T2, T3)",[1353] python3.8,"  196,    1,    1","   64,    1,    1","6,106",4.93,324.43,0.50,"10,976",1.24,64,196,0.76
168,generateWinogradTilesKernel,"void cudnn::winograd::generateWinogradTilesKernel<(int)0, float, float>(cudnn::winograd::GenerateWinogradTilesParams<T2, T3>)",[1353] python3.8,"    8,   64,    1","   32,    4,    1","73,796",55.62,"6,375.56",1.66,"720,896",1.33,128,512,3.68
169,volta_scudnn_winograd_128x128_ldg1_ldg4_relu_tile148t_nt_v1,volta_scudnn_winograd_128x128_ldg1_ldg4_relu_tile148t_nt_v1,[1353] python3.8,"    8,    2,    1","  256,    1,    1","299,096",221.18,"23,280.53",1.80,"2,847,872",1.35,256,16,5.53
170,vectorized_elementwise_kernel,"void at::native::vectorized_elementwise_kernel<(int)4, at::native::BUnaryFunctor<at::native::AddFunctor<long>>, at::detail::Array<char *, (int)2>>(int, T2, T3)",[1353] python3.8,"    1,    1,    1","   64,    1,    1","4,994",2.85,19.26,0.05,65,1.75,64,1,0.01
171,bn_fw_tr_1C11_singleread,"void cudnn::detail::bn_fw_tr_1C11_singleread<float, (int)512, (bool)1, (int)1, (int)2, (int)0>(cudnnTensorStruct, const T1 *, cudnnTensorStruct, T1 *, const float *, const float *, float, float, float *, float *, float *, float *, float, float, cudnn::reduced_divisor, int, cudnn::reduced_divisor, cudnn::detail::bnFwPersistentState *, int, float, float, float, int, float, float, cudnnStatus_t *, bool)",[1353] python3.8,"  256,    1,    1","  512,    1,    1","79,319",58.24,"6,672.82",1.87,"849,408",1.36,512,256,4.02
172,vectorized_elementwise_kernel,"void at::native::vectorized_elementwise_kernel<(int)4, at::native::<unnamed>::clamp_min_scalar_kernel_impl(at::TensorIterator &, c10::Scalar)::[lambda() (instance 1)]::operator ()() const::[lambda() (instance 8)]::operator ()() const::[lambda(float) (instance 1)], at::detail::Array<char *, (int)2>>(int, T2, T3)",[1353] python3.8,"  196,    1,    1","   64,    1,    1","5,818",4.83,326.69,0.49,"10,976",1.20,64,196,0.79
173,implicit_convolve_sgemm,"void cudnn::detail::implicit_convolve_sgemm<float, float, (int)1024, (int)5, (int)5, (int)3, (int)3, (int)3, (int)1, (bool)1, (bool)0, (bool)1>(int, int, int, const T1 *, int, T2 *, T1 *, kernel_conv_params, int, float, float, int, T2 *, T2 *, int, int)",[1353] python3.8,"    7,   32,    1","    8,    8,    1","374,400",277.41,"32,690.50",1.74,"3,864,192",1.35,64,224,4.58
174,vectorized_elementwise_kernel,"void at::native::vectorized_elementwise_kernel<(int)4, at::native::BUnaryFunctor<at::native::AddFunctor<long>>, at::detail::Array<char *, (int)2>>(int, T2, T3)",[1353] python3.8,"    1,    1,    1","   64,    1,    1","3,127",2.85,18.75,0.05,65,1.10,64,1,0.01
175,bn_fw_tr_1C11_singleread,"void cudnn::detail::bn_fw_tr_1C11_singleread<float, (int)512, (bool)1, (int)1, (int)2, (int)0>(cudnnTensorStruct, const T1 *, cudnnTensorStruct, T1 *, const float *, const float *, float, float, float *, float *, float *, float *, float, float, cudnn::reduced_divisor, int, cudnn::reduced_divisor, cudnn::detail::bnFwPersistentState *, int, float, float, float, int, float, float, cudnnStatus_t *, bool)",[1353] python3.8," 1024,    1,    1","  512,    1,    1","301,570",222.40,"26,329.50",1.90,"3,397,632",1.36,512,"1,024",4.22
176,vectorized_elementwise_kernel,"void at::native::vectorized_elementwise_kernel<(int)4, at::native::AddFunctor<float>, at::detail::Array<char *, (int)3>>(int, T2, T3)",[1353] python3.8,"  784,    1,    1","   64,    1,    1","14,482",11.10,"1,115.99",0.48,"36,064",1.30,64,784,1.60
177,vectorized_elementwise_kernel,"void at::native::vectorized_elementwise_kernel<(int)4, at::native::<unnamed>::clamp_min_scalar_kernel_impl(at::TensorIterator &, c10::Scalar)::[lambda() (instance 1)]::operator ()() const::[lambda() (instance 8)]::operator ()() const::[lambda(float) (instance 1)], at::detail::Array<char *, (int)2>>(int, T2, T3)",[1353] python3.8,"  784,    1,    1","   64,    1,    1","13,753",10.62,"1,015.06",0.64,"43,904",1.29,64,784,1.34
178,implicit_convolve_sgemm,"void cudnn::detail::implicit_convolve_sgemm<float, float, (int)1024, (int)5, (int)5, (int)3, (int)3, (int)3, (int)1, (bool)1, (bool)0, (bool)1>(int, int, int, const T1 *, int, T2 *, T1 *, kernel_conv_params, int, float, float, int, T2 *, T2 *, int, int)",[1353] python3.8,"    7,    8,    1","    8,    8,    1","348,866",258.30,"30,475.84",1.79,"3,718,560",1.35,64,56,4.86
179,vectorized_elementwise_kernel,"void at::native::vectorized_elementwise_kernel<(int)4, at::native::BUnaryFunctor<at::native::AddFunctor<long>>, at::detail::Array<char *, (int)2>>(int, T2, T3)",[1353] python3.8,"    1,    1,    1","   64,    1,    1","3,131",2.94,18.59,0.05,65,1.06,64,1,0.01
180,bn_fw_tr_1C11_singleread,"void cudnn::detail::bn_fw_tr_1C11_singleread<float, (int)512, (bool)1, (int)1, (int)2, (int)0>(cudnnTensorStruct, const T1 *, cudnnTensorStruct, T1 *, const float *, const float *, float, float, float *, float *, float *, float *, float, float, cudnn::reduced_divisor, int, cudnn::reduced_divisor, cudnn::detail::bnFwPersistentState *, int, float, float, float, int, float, float, cudnnStatus_t *, bool)",[1353] python3.8,"  256,    1,    1","  512,    1,    1","78,934",58.46,"6,697.51",1.87,"849,408",1.35,512,256,4.04
181,vectorized_elementwise_kernel,"void at::native::vectorized_elementwise_kernel<(int)4, at::native::<unnamed>::clamp_min_scalar_kernel_impl(at::TensorIterator &, c10::Scalar)::[lambda() (instance 1)]::operator ()() const::[lambda() (instance 8)]::operator ()() const::[lambda(float) (instance 1)], at::detail::Array<char *, (int)2>>(int, T2, T3)",[1353] python3.8,"  196,    1,    1","   64,    1,    1","7,662",4.90,326.41,0.49,"10,976",1.56,64,196,0.60
182,generateWinogradTilesKernel,"void cudnn::winograd::generateWinogradTilesKernel<(int)0, float, float>(cudnn::winograd::GenerateWinogradTilesParams<T2, T3>)",[1353] python3.8,"    8,   64,    1","   32,    4,    1","73,753",56.32,"6,330.04",1.67,"720,896",1.31,128,512,3.68
183,volta_scudnn_winograd_128x128_ldg1_ldg4_relu_tile148t_nt_v1,volta_scudnn_winograd_128x128_ldg1_ldg4_relu_tile148t_nt_v1,[1353] python3.8,"    8,    2,    1","  256,    1,    1","301,344",220,"23,278.68",1.80,"2,847,872",1.37,256,16,5.49
184,vectorized_elementwise_kernel,"void at::native::vectorized_elementwise_kernel<(int)4, at::native::BUnaryFunctor<at::native::AddFunctor<long>>, at::detail::Array<char *, (int)2>>(int, T2, T3)",[1353] python3.8,"    1,    1,    1","   64,    1,    1","3,112",2.82,18.59,0.05,65,1.09,64,1,0.01
185,bn_fw_tr_1C11_singleread,"void cudnn::detail::bn_fw_tr_1C11_singleread<float, (int)512, (bool)1, (int)1, (int)2, (int)0>(cudnnTensorStruct, const T1 *, cudnnTensorStruct, T1 *, const float *, const float *, float, float, float *, float *, float *, float *, float, float, cudnn::reduced_divisor, int, cudnn::reduced_divisor, cudnn::detail::bnFwPersistentState *, int, float, float, float, int, float, float, cudnnStatus_t *, bool)",[1353] python3.8,"  256,    1,    1","  512,    1,    1","78,421",58.50,"6,670.76",1.87,"849,408",1.34,512,256,4.07
186,vectorized_elementwise_kernel,"void at::native::vectorized_elementwise_kernel<(int)4, at::native::<unnamed>::clamp_min_scalar_kernel_impl(at::TensorIterator &, c10::Scalar)::[lambda() (instance 1)]::operator ()() const::[lambda() (instance 8)]::operator ()() const::[lambda(float) (instance 1)], at::detail::Array<char *, (int)2>>(int, T2, T3)",[1353] python3.8,"  196,    1,    1","   64,    1,    1","5,866",4.93,326.26,0.49,"10,976",1.19,64,196,0.79
187,implicit_convolve_sgemm,"void cudnn::detail::implicit_convolve_sgemm<float, float, (int)1024, (int)5, (int)5, (int)3, (int)3, (int)3, (int)1, (bool)1, (bool)0, (bool)1>(int, int, int, const T1 *, int, T2 *, T1 *, kernel_conv_params, int, float, float, int, T2 *, T2 *, int, int)",[1353] python3.8,"    7,   32,    1","    8,    8,    1","383,161",275.87,"32,786.53",1.73,"3,864,192",1.39,64,224,4.48
188,vectorized_elementwise_kernel,"void at::native::vectorized_elementwise_kernel<(int)4, at::native::BUnaryFunctor<at::native::AddFunctor<long>>, at::detail::Array<char *, (int)2>>(int, T2, T3)",[1353] python3.8,"    1,    1,    1","   64,    1,    1","3,116",2.82,18.68,0.05,65,1.10,64,1,0.01
189,bn_fw_tr_1C11_singleread,"void cudnn::detail::bn_fw_tr_1C11_singleread<float, (int)512, (bool)1, (int)1, (int)2, (int)0>(cudnnTensorStruct, const T1 *, cudnnTensorStruct, T1 *, const float *, const float *, float, float, float *, float *, float *, float *, float, float, cudnn::reduced_divisor, int, cudnn::reduced_divisor, cudnn::detail::bnFwPersistentState *, int, float, float, float, int, float, float, cudnnStatus_t *, bool)",[1353] python3.8," 1024,    1,    1","  512,    1,    1","301,885",222.08,"26,361.59",1.90,"3,397,632",1.36,512,"1,024",4.22
190,vectorized_elementwise_kernel,"void at::native::vectorized_elementwise_kernel<(int)4, at::native::AddFunctor<float>, at::detail::Array<char *, (int)3>>(int, T2, T3)",[1353] python3.8,"  784,    1,    1","   64,    1,    1","14,835",11.52,"1,097.72",0.48,"36,064",1.29,64,784,1.56
191,vectorized_elementwise_kernel,"void at::native::vectorized_elementwise_kernel<(int)4, at::native::<unnamed>::clamp_min_scalar_kernel_impl(at::TensorIterator &, c10::Scalar)::[lambda() (instance 1)]::operator ()() const::[lambda() (instance 8)]::operator ()() const::[lambda(float) (instance 1)], at::detail::Array<char *, (int)2>>(int, T2, T3)",[1353] python3.8,"  784,    1,    1","   64,    1,    1","13,919",10.56,"1,041.96",0.62,"43,904",1.32,64,784,1.33
192,implicit_convolve_sgemm,"void cudnn::detail::implicit_convolve_sgemm<float, float, (int)1024, (int)5, (int)5, (int)3, (int)3, (int)3, (int)1, (bool)1, (bool)0, (bool)1>(int, int, int, const T1 *, int, T2 *, T1 *, kernel_conv_params, int, float, float, int, T2 *, T2 *, int, int)",[1353] python3.8,"    7,    8,    1","    8,    8,    1","379,996",281.63,"30,525.93",1.79,"3,718,560",1.35,64,56,4.46
193,vectorized_elementwise_kernel,"void at::native::vectorized_elementwise_kernel<(int)4, at::native::BUnaryFunctor<at::native::AddFunctor<long>>, at::detail::Array<char *, (int)2>>(int, T2, T3)",[1353] python3.8,"    1,    1,    1","   64,    1,    1","3,273",2.85,18.82,0.05,65,1.15,64,1,0.01
194,bn_fw_tr_1C11_singleread,"void cudnn::detail::bn_fw_tr_1C11_singleread<float, (int)512, (bool)1, (int)1, (int)2, (int)0>(cudnnTensorStruct, const T1 *, cudnnTensorStruct, T1 *, const float *, const float *, float, float, float *, float *, float *, float *, float, float, cudnn::reduced_divisor, int, cudnn::reduced_divisor, cudnn::detail::bnFwPersistentState *, int, float, float, float, int, float, float, cudnnStatus_t *, bool)",[1353] python3.8,"  256,    1,    1","  512,    1,    1","78,820",58.62,"6,679.54",1.87,"849,408",1.34,512,256,4.05
195,vectorized_elementwise_kernel,"void at::native::vectorized_elementwise_kernel<(int)4, at::native::<unnamed>::clamp_min_scalar_kernel_impl(at::TensorIterator &, c10::Scalar)::[lambda() (instance 1)]::operator ()() const::[lambda() (instance 8)]::operator ()() const::[lambda(float) (instance 1)], at::detail::Array<char *, (int)2>>(int, T2, T3)",[1353] python3.8,"  196,    1,    1","   64,    1,    1","6,086",4.86,332.82,0.48,"10,976",1.25,64,196,0.76
196,generateWinogradTilesKernel,"void cudnn::winograd::generateWinogradTilesKernel<(int)0, float, float>(cudnn::winograd::GenerateWinogradTilesParams<T2, T3>)",[1353] python3.8,"    8,   64,    1","   32,    4,    1","73,665",55.58,"6,323.65",1.68,"720,896",1.32,128,512,3.69
197,volta_scudnn_winograd_128x128_ldg1_ldg4_relu_tile148t_nt_v1,volta_scudnn_winograd_128x128_ldg1_ldg4_relu_tile148t_nt_v1,[1353] python3.8,"    8,    2,    1","  256,    1,    1","299,644",220.51,"22,999.88",1.82,"2,847,872",1.36,256,16,5.53
198,vectorized_elementwise_kernel,"void at::native::vectorized_elementwise_kernel<(int)4, at::native::BUnaryFunctor<at::native::AddFunctor<long>>, at::detail::Array<char *, (int)2>>(int, T2, T3)",[1353] python3.8,"    1,    1,    1","   64,    1,    1","3,118",2.88,18.46,0.05,65,1.08,64,1,0.01
199,bn_fw_tr_1C11_singleread,"void cudnn::detail::bn_fw_tr_1C11_singleread<float, (int)512, (bool)1, (int)1, (int)2, (int)0>(cudnnTensorStruct, const T1 *, cudnnTensorStruct, T1 *, const float *, const float *, float, float, float *, float *, float *, float *, float, float, cudnn::reduced_divisor, int, cudnn::reduced_divisor, cudnn::detail::bnFwPersistentState *, int, float, float, float, int, float, float, cudnnStatus_t *, bool)",[1353] python3.8,"  256,    1,    1","  512,    1,    1","78,289",58.34,"6,682.22",1.87,"849,408",1.34,512,256,4.08
200,vectorized_elementwise_kernel,"void at::native::vectorized_elementwise_kernel<(int)4, at::native::<unnamed>::clamp_min_scalar_kernel_impl(at::TensorIterator &, c10::Scalar)::[lambda() (instance 1)]::operator ()() const::[lambda() (instance 8)]::operator ()() const::[lambda(float) (instance 1)], at::detail::Array<char *, (int)2>>(int, T2, T3)",[1353] python3.8,"  196,    1,    1","   64,    1,    1","5,985",4.83,322.03,0.50,"10,976",1.24,64,196,0.77
201,implicit_convolve_sgemm,"void cudnn::detail::implicit_convolve_sgemm<float, float, (int)1024, (int)5, (int)5, (int)3, (int)3, (int)3, (int)1, (bool)1, (bool)0, (bool)1>(int, int, int, const T1 *, int, T2 *, T1 *, kernel_conv_params, int, float, float, int, T2 *, T2 *, int, int)",[1353] python3.8,"    7,   32,    1","    8,    8,    1","379,692",276.67,"32,628.53",1.74,"3,864,192",1.37,64,224,4.52
202,vectorized_elementwise_kernel,"void at::native::vectorized_elementwise_kernel<(int)4, at::native::BUnaryFunctor<at::native::AddFunctor<long>>, at::detail::Array<char *, (int)2>>(int, T2, T3)",[1353] python3.8,"    1,    1,    1","   64,    1,    1","3,117",2.85,19.63,0.05,65,1.09,64,1,0.01
203,bn_fw_tr_1C11_singleread,"void cudnn::detail::bn_fw_tr_1C11_singleread<float, (int)512, (bool)1, (int)1, (int)2, (int)0>(cudnnTensorStruct, const T1 *, cudnnTensorStruct, T1 *, const float *, const float *, float, float, float *, float *, float *, float *, float, float, cudnn::reduced_divisor, int, cudnn::reduced_divisor, cudnn::detail::bnFwPersistentState *, int, float, float, float, int, float, float, cudnnStatus_t *, bool)",[1353] python3.8," 1024,    1,    1","  512,    1,    1","301,732",223.65,"26,367.87",1.89,"3,397,632",1.35,512,"1,024",4.22
204,vectorized_elementwise_kernel,"void at::native::vectorized_elementwise_kernel<(int)4, at::native::AddFunctor<float>, at::detail::Array<char *, (int)3>>(int, T2, T3)",[1353] python3.8,"  784,    1,    1","   64,    1,    1","14,521",12.03,"1,097.65",0.48,"36,064",1.20,64,784,1.59
205,vectorized_elementwise_kernel,"void at::native::vectorized_elementwise_kernel<(int)4, at::native::<unnamed>::clamp_min_scalar_kernel_impl(at::TensorIterator &, c10::Scalar)::[lambda() (instance 1)]::operator ()() const::[lambda() (instance 8)]::operator ()() const::[lambda(float) (instance 1)], at::detail::Array<char *, (int)2>>(int, T2, T3)",[1353] python3.8,"  784,    1,    1","   64,    1,    1","13,827",10.62,"1,031.40",0.63,"43,904",1.30,64,784,1.34
206,implicit_convolve_sgemm,"void cudnn::detail::implicit_convolve_sgemm<float, float, (int)1024, (int)5, (int)5, (int)3, (int)3, (int)3, (int)1, (bool)1, (bool)0, (bool)1>(int, int, int, const T1 *, int, T2 *, T1 *, kernel_conv_params, int, float, float, int, T2 *, T2 *, int, int)",[1353] python3.8,"    7,   16,    1","    8,    8,    1","717,938",527.46,"61,082.38",1.79,"7,437,120",1.36,64,112,4.72
207,vectorized_elementwise_kernel,"void at::native::vectorized_elementwise_kernel<(int)4, at::native::BUnaryFunctor<at::native::AddFunctor<long>>, at::detail::Array<char *, (int)2>>(int, T2, T3)",[1353] python3.8,"    1,    1,    1","   64,    1,    1","3,235",2.82,18.68,0.05,65,1.15,64,1,0.01
208,bn_fw_tr_1C11_singleread,"void cudnn::detail::bn_fw_tr_1C11_singleread<float, (int)512, (bool)1, (int)1, (int)2, (int)0>(cudnnTensorStruct, const T1 *, cudnnTensorStruct, T1 *, const float *, const float *, float, float, float *, float *, float *, float *, float, float, cudnn::reduced_divisor, int, cudnn::reduced_divisor, cudnn::detail::bnFwPersistentState *, int, float, float, float, int, float, float, cudnnStatus_t *, bool)",[1353] python3.8,"  512,    1,    1","  512,    1,    1","152,986",113.28,"13,274.07",1.88,"1,698,816",1.35,512,512,4.17
209,vectorized_elementwise_kernel,"void at::native::vectorized_elementwise_kernel<(int)4, at::native::<unnamed>::clamp_min_scalar_kernel_impl(at::TensorIterator &, c10::Scalar)::[lambda() (instance 1)]::operator ()() const::[lambda() (instance 8)]::operator ()() const::[lambda(float) (instance 1)], at::detail::Array<char *, (int)2>>(int, T2, T3)",[1353] python3.8,"  392,    1,    1","   64,    1,    1","8,712",7.90,569.26,0.57,"21,952",1.10,64,392,1.06
210,im2col4d_kernel,"void im2col4d_kernel<float, int>(im2col4d_params, cudnnConvolutionStruct, cudnnTensor4dStruct, const T1 *, T1 *, int)",[1353] python3.8,"    1,   19,    1","  512,    1,    1","144,186",105.76,"10,724.66",0.31,"225,730",1.36,512,19,0.58
211,explicit_convolve_sgemm,"void cudnn::detail::explicit_convolve_sgemm<float, int, (int)128, (int)5, (int)5, (int)3, (int)3, (int)3, (int)0, (bool)1>(int, int, int, const T1 *, int, const T1 *, int, T1 *, kernel_conv_params, int, int, float, float, int, T1 *, T1 *)",[1353] python3.8,"    2,   16,    1","    8,    8,    1","837,584",617.25,"67,193.10",1.44,"6,587,712",1.36,64,32,4.15
212,vectorized_elementwise_kernel,"void at::native::vectorized_elementwise_kernel<(int)4, at::native::BUnaryFunctor<at::native::AddFunctor<long>>, at::detail::Array<char *, (int)2>>(int, T2, T3)",[1353] python3.8,"    1,    1,    1","   64,    1,    1","3,129",2.82,18.26,0.05,65,1.11,64,1,0.01
213,bn_fw_tr_1C11_singleread,"void cudnn::detail::bn_fw_tr_1C11_singleread<float, (int)512, (bool)1, (int)1, (int)2, (int)0>(cudnnTensorStruct, const T1 *, cudnnTensorStruct, T1 *, const float *, const float *, float, float, float *, float *, float *, float *, float, float, cudnn::reduced_divisor, int, cudnn::reduced_divisor, cudnn::detail::bnFwPersistentState *, int, float, float, float, int, float, float, cudnnStatus_t *, bool)",[1353] python3.8,"  512,    1,    1","  512,    1,    1","151,026",111.01,"13,010.65",1.80,"1,588,736",1.36,512,512,3.95
214,vectorized_elementwise_kernel,"void at::native::vectorized_elementwise_kernel<(int)4, at::native::<unnamed>::clamp_min_scalar_kernel_impl(at::TensorIterator &, c10::Scalar)::[lambda() (instance 1)]::operator ()() const::[lambda() (instance 8)]::operator ()() const::[lambda(float) (instance 1)], at::detail::Array<char *, (int)2>>(int, T2, T3)",[1353] python3.8,"   98,    1,    1","   64,    1,    1","4,491",3.74,201.54,0.40,"5,488",1.20,64,98,0.51
215,implicit_convolve_sgemm,"void cudnn::detail::implicit_convolve_sgemm<float, float, (int)1024, (int)5, (int)5, (int)3, (int)3, (int)3, (int)1, (bool)1, (bool)0, (bool)1>(int, int, int, const T1 *, int, T2 *, T1 *, kernel_conv_params, int, float, float, int, T2 *, T2 *, int, int)",[1353] python3.8,"    2,   64,    1","    8,    8,    1","432,924",322.43,"37,117.24",1.71,"4,305,536",1.34,64,128,4.49
216,vectorized_elementwise_kernel,"void at::native::vectorized_elementwise_kernel<(int)4, at::native::BUnaryFunctor<at::native::AddFunctor<long>>, at::detail::Array<char *, (int)2>>(int, T2, T3)",[1353] python3.8,"    1,    1,    1","   64,    1,    1","3,113",2.88,18.43,0.05,65,1.08,64,1,0.01
217,bn_fw_tr_1C11_singleread,"void cudnn::detail::bn_fw_tr_1C11_singleread<float, (int)512, (bool)1, (int)1, (int)2, (int)0>(cudnnTensorStruct, const T1 *, cudnnTensorStruct, T1 *, const float *, const float *, float, float, float *, float *, float *, float *, float, float, cudnn::reduced_divisor, int, cudnn::reduced_divisor, cudnn::detail::bnFwPersistentState *, int, float, float, float, int, float, float, cudnnStatus_t *, bool)",[1353] python3.8," 2048,    1,    1","  512,    1,    1","592,308",433.31,"51,641.37",1.81,"6,354,944",1.37,512,"2,048",4.03
218,implicit_convolve_sgemm,"void cudnn::detail::implicit_convolve_sgemm<float, float, (int)1024, (int)5, (int)5, (int)3, (int)3, (int)3, (int)1, (bool)1, (bool)0, (bool)1>(int, int, int, const T1 *, int, T2 *, T1 *, kernel_conv_params, int, float, float, int, T2 *, T2 *, int, int)",[1353] python3.8,"    2,   64,    1","    8,    8,    1","972,961",722.46,"83,883.93",1.49,"8,499,840",1.35,64,128,3.98
219,vectorized_elementwise_kernel,"void at::native::vectorized_elementwise_kernel<(int)4, at::native::BUnaryFunctor<at::native::AddFunctor<long>>, at::detail::Array<char *, (int)2>>(int, T2, T3)",[1353] python3.8,"    1,    1,    1","   64,    1,    1","3,268",2.82,19.21,0.05,65,1.16,64,1,0.01
220,bn_fw_tr_1C11_singleread,"void cudnn::detail::bn_fw_tr_1C11_singleread<float, (int)512, (bool)1, (int)1, (int)2, (int)0>(cudnnTensorStruct, const T1 *, cudnnTensorStruct, T1 *, const float *, const float *, float, float, float *, float *, float *, float *, float, float, cudnn::reduced_divisor, int, cudnn::reduced_divisor, cudnn::detail::bnFwPersistentState *, int, float, float, float, int, float, float, cudnnStatus_t *, bool)",[1353] python3.8," 2048,    1,    1","  512,    1,    1","590,600",431.90,"51,650.31",1.81,"6,354,944",1.37,512,"2,048",4.04
221,vectorized_elementwise_kernel,"void at::native::vectorized_elementwise_kernel<(int)4, at::native::AddFunctor<float>, at::detail::Array<char *, (int)3>>(int, T2, T3)",[1353] python3.8,"  392,    1,    1","   64,    1,    1","9,216",7.65,633.12,0.42,"18,032",1.20,64,392,1.25
222,vectorized_elementwise_kernel,"void at::native::vectorized_elementwise_kernel<(int)4, at::native::<unnamed>::clamp_min_scalar_kernel_impl(at::TensorIterator &, c10::Scalar)::[lambda() (instance 1)]::operator ()() const::[lambda() (instance 8)]::operator ()() const::[lambda(float) (instance 1)], at::detail::Array<char *, (int)2>>(int, T2, T3)",[1353] python3.8,"  392,    1,    1","   64,    1,    1","8,542",6.85,575.59,0.56,"21,952",1.25,64,392,1.08
223,implicit_convolve_sgemm,"void cudnn::detail::implicit_convolve_sgemm<float, float, (int)1024, (int)5, (int)5, (int)3, (int)3, (int)3, (int)1, (bool)1, (bool)0, (bool)1>(int, int, int, const T1 *, int, T2 *, T1 *, kernel_conv_params, int, float, float, int, T2 *, T2 *, int, int)",[1353] python3.8,"    2,   16,    1","    8,    8,    1","489,152",364.06,"37,376.75",1.66,"4,222,112",1.34,64,32,3.95
224,vectorized_elementwise_kernel,"void at::native::vectorized_elementwise_kernel<(int)4, at::native::BUnaryFunctor<at::native::AddFunctor<long>>, at::detail::Array<char *, (int)2>>(int, T2, T3)",[1353] python3.8,"    1,    1,    1","   64,    1,    1","3,160",2.85,20.19,0.05,65,1.11,64,1,0.01
225,bn_fw_tr_1C11_singleread,"void cudnn::detail::bn_fw_tr_1C11_singleread<float, (int)512, (bool)1, (int)1, (int)2, (int)0>(cudnnTensorStruct, const T1 *, cudnnTensorStruct, T1 *, const float *, const float *, float, float, float *, float *, float *, float *, float, float, cudnn::reduced_divisor, int, cudnn::reduced_divisor, cudnn::detail::bnFwPersistentState *, int, float, float, float, int, float, float, cudnnStatus_t *, bool)",[1353] python3.8,"  512,    1,    1","  512,    1,    1","150,608",111.20,"12,998.57",1.80,"1,588,736",1.35,512,512,3.96
226,vectorized_elementwise_kernel,"void at::native::vectorized_elementwise_kernel<(int)4, at::native::<unnamed>::clamp_min_scalar_kernel_impl(at::TensorIterator &, c10::Scalar)::[lambda() (instance 1)]::operator ()() const::[lambda() (instance 8)]::operator ()() const::[lambda(float) (instance 1)], at::detail::Array<char *, (int)2>>(int, T2, T3)",[1353] python3.8,"   98,    1,    1","   64,    1,    1","4,396",3.78,198.09,0.41,"5,488",1.16,64,98,0.53
227,generateWinogradTilesKernel,"void cudnn::winograd::generateWinogradTilesKernel<(int)0, float, float>(cudnn::winograd::GenerateWinogradTilesParams<T2, T3>)",[1353] python3.8,"   16,  128,    1","   32,    4,    1","287,013",212.22,"25,246.79",1.68,"2,883,584",1.35,128,"2,048",3.78
228,volta_scudnn_winograd_128x128_ldg1_ldg4_relu_tile148t_nt_v1,volta_scudnn_winograd_128x128_ldg1_ldg4_relu_tile148t_nt_v1,[1353] python3.8,"   16,    1,    1","  256,    1,    1","582,202",429.76,"45,474.24",1.81,"5,600,384",1.35,256,16,5.66
229,vectorized_elementwise_kernel,"void at::native::vectorized_elementwise_kernel<(int)4, at::native::BUnaryFunctor<at::native::AddFunctor<long>>, at::detail::Array<char *, (int)2>>(int, T2, T3)",[1353] python3.8,"    1,    1,    1","   64,    1,    1","3,150",2.85,18.43,0.05,65,1.11,64,1,0.01
230,bn_fw_tr_1C11_singleread,"void cudnn::detail::bn_fw_tr_1C11_singleread<float, (int)512, (bool)1, (int)1, (int)2, (int)0>(cudnnTensorStruct, const T1 *, cudnnTensorStruct, T1 *, const float *, const float *, float, float, float *, float *, float *, float *, float, float, cudnn::reduced_divisor, int, cudnn::reduced_divisor, cudnn::detail::bnFwPersistentState *, int, float, float, float, int, float, float, cudnnStatus_t *, bool)",[1353] python3.8,"  512,    1,    1","  512,    1,    1","152,873",111.46,"12,985.37",1.80,"1,588,736",1.37,512,512,3.90
231,vectorized_elementwise_kernel,"void at::native::vectorized_elementwise_kernel<(int)4, at::native::<unnamed>::clamp_min_scalar_kernel_impl(at::TensorIterator &, c10::Scalar)::[lambda() (instance 1)]::operator ()() const::[lambda() (instance 8)]::operator ()() const::[lambda(float) (instance 1)], at::detail::Array<char *, (int)2>>(int, T2, T3)",[1353] python3.8,"   98,    1,    1","   64,    1,    1","4,475",3.84,209.68,0.38,"5,488",1.16,64,98,0.52
232,implicit_convolve_sgemm,"void cudnn::detail::implicit_convolve_sgemm<float, float, (int)1024, (int)5, (int)5, (int)3, (int)3, (int)3, (int)1, (bool)1, (bool)0, (bool)1>(int, int, int, const T1 *, int, T2 *, T1 *, kernel_conv_params, int, float, float, int, T2 *, T2 *, int, int)",[1353] python3.8,"    2,   64,    1","    8,    8,    1","434,300",318.37,"37,320.01",1.70,"4,305,536",1.36,64,128,4.48
233,vectorized_elementwise_kernel,"void at::native::vectorized_elementwise_kernel<(int)4, at::native::BUnaryFunctor<at::native::AddFunctor<long>>, at::detail::Array<char *, (int)2>>(int, T2, T3)",[1353] python3.8,"    1,    1,    1","   64,    1,    1","3,151",2.82,18.54,0.05,65,1.12,64,1,0.01
234,bn_fw_tr_1C11_singleread,"void cudnn::detail::bn_fw_tr_1C11_singleread<float, (int)512, (bool)1, (int)1, (int)2, (int)0>(cudnnTensorStruct, const T1 *, cudnnTensorStruct, T1 *, const float *, const float *, float, float, float *, float *, float *, float *, float, float, cudnn::reduced_divisor, int, cudnn::reduced_divisor, cudnn::detail::bnFwPersistentState *, int, float, float, float, int, float, float, cudnnStatus_t *, bool)",[1353] python3.8," 2048,    1,    1","  512,    1,    1","588,994",432.64,"51,712.18",1.81,"6,354,944",1.36,512,"2,048",4.05
235,vectorized_elementwise_kernel,"void at::native::vectorized_elementwise_kernel<(int)4, at::native::AddFunctor<float>, at::detail::Array<char *, (int)3>>(int, T2, T3)",[1353] python3.8,"  392,    1,    1","   64,    1,    1","9,107",7.39,615.79,0.43,"18,032",1.23,64,392,1.27
236,vectorized_elementwise_kernel,"void at::native::vectorized_elementwise_kernel<(int)4, at::native::<unnamed>::clamp_min_scalar_kernel_impl(at::TensorIterator &, c10::Scalar)::[lambda() (instance 1)]::operator ()() const::[lambda() (instance 8)]::operator ()() const::[lambda(float) (instance 1)], at::detail::Array<char *, (int)2>>(int, T2, T3)",[1353] python3.8,"  392,    1,    1","   64,    1,    1","8,728",7.36,569.79,0.57,"21,952",1.18,64,392,1.06
237,implicit_convolve_sgemm,"void cudnn::detail::implicit_convolve_sgemm<float, float, (int)1024, (int)5, (int)5, (int)3, (int)3, (int)3, (int)1, (bool)1, (bool)0, (bool)1>(int, int, int, const T1 *, int, T2 *, T1 *, kernel_conv_params, int, float, float, int, T2 *, T2 *, int, int)",[1353] python3.8,"    2,   16,    1","    8,    8,    1","490,002",361.50,"37,421.78",1.66,"4,222,112",1.35,64,32,3.94
238,vectorized_elementwise_kernel,"void at::native::vectorized_elementwise_kernel<(int)4, at::native::BUnaryFunctor<at::native::AddFunctor<long>>, at::detail::Array<char *, (int)2>>(int, T2, T3)",[1353] python3.8,"    1,    1,    1","   64,    1,    1","3,140",3.26,18.72,0.05,65,0.96,64,1,0.01
239,bn_fw_tr_1C11_singleread,"void cudnn::detail::bn_fw_tr_1C11_singleread<float, (int)512, (bool)1, (int)1, (int)2, (int)0>(cudnnTensorStruct, const T1 *, cudnnTensorStruct, T1 *, const float *, const float *, float, float, float *, float *, float *, float *, float, float, cudnn::reduced_divisor, int, cudnn::reduced_divisor, cudnn::detail::bnFwPersistentState *, int, float, float, float, int, float, float, cudnnStatus_t *, bool)",[1353] python3.8,"  512,    1,    1","  512,    1,    1","150,320",111.84,"12,991.90",1.80,"1,588,736",1.34,512,512,3.97
240,vectorized_elementwise_kernel,"void at::native::vectorized_elementwise_kernel<(int)4, at::native::<unnamed>::clamp_min_scalar_kernel_impl(at::TensorIterator &, c10::Scalar)::[lambda() (instance 1)]::operator ()() const::[lambda() (instance 8)]::operator ()() const::[lambda(float) (instance 1)], at::detail::Array<char *, (int)2>>(int, T2, T3)",[1353] python3.8,"   98,    1,    1","   64,    1,    1","4,382",3.68,217.13,0.37,"5,488",1.19,64,98,0.53
241,generateWinogradTilesKernel,"void cudnn::winograd::generateWinogradTilesKernel<(int)0, float, float>(cudnn::winograd::GenerateWinogradTilesParams<T2, T3>)",[1353] python3.8,"   16,  128,    1","   32,    4,    1","287,992",215.78,"25,190.82",1.68,"2,883,584",1.33,128,"2,048",3.77
242,volta_scudnn_winograd_128x128_ldg1_ldg4_relu_tile148t_nt_v1,volta_scudnn_winograd_128x128_ldg1_ldg4_relu_tile148t_nt_v1,[1353] python3.8,"   16,    1,    1","  256,    1,    1","582,348",429.22,"45,471.18",1.81,"5,600,384",1.36,256,16,5.66
243,vectorized_elementwise_kernel,"void at::native::vectorized_elementwise_kernel<(int)4, at::native::BUnaryFunctor<at::native::AddFunctor<long>>, at::detail::Array<char *, (int)2>>(int, T2, T3)",[1353] python3.8,"    1,    1,    1","   64,    1,    1","3,160",2.82,18.47,0.05,65,1.12,64,1,0.01
244,bn_fw_tr_1C11_singleread,"void cudnn::detail::bn_fw_tr_1C11_singleread<float, (int)512, (bool)1, (int)1, (int)2, (int)0>(cudnnTensorStruct, const T1 *, cudnnTensorStruct, T1 *, const float *, const float *, float, float, float *, float *, float *, float *, float, float, cudnn::reduced_divisor, int, cudnn::reduced_divisor, cudnn::detail::bnFwPersistentState *, int, float, float, float, int, float, float, cudnnStatus_t *, bool)",[1353] python3.8,"  512,    1,    1","  512,    1,    1","149,959",111.71,"13,013.16",1.80,"1,588,736",1.34,512,512,3.98
245,vectorized_elementwise_kernel,"void at::native::vectorized_elementwise_kernel<(int)4, at::native::<unnamed>::clamp_min_scalar_kernel_impl(at::TensorIterator &, c10::Scalar)::[lambda() (instance 1)]::operator ()() const::[lambda() (instance 8)]::operator ()() const::[lambda(float) (instance 1)], at::detail::Array<char *, (int)2>>(int, T2, T3)",[1353] python3.8,"   98,    1,    1","   64,    1,    1","4,316",3.68,206.62,0.39,"5,488",1.17,64,98,0.53
246,implicit_convolve_sgemm,"void cudnn::detail::implicit_convolve_sgemm<float, float, (int)1024, (int)5, (int)5, (int)3, (int)3, (int)3, (int)1, (bool)1, (bool)0, (bool)1>(int, int, int, const T1 *, int, T2 *, T1 *, kernel_conv_params, int, float, float, int, T2 *, T2 *, int, int)",[1353] python3.8,"    2,   64,    1","    8,    8,    1","432,315",328.29,"37,105.43",1.71,"4,305,536",1.32,64,128,4.50
247,vectorized_elementwise_kernel,"void at::native::vectorized_elementwise_kernel<(int)4, at::native::BUnaryFunctor<at::native::AddFunctor<long>>, at::detail::Array<char *, (int)2>>(int, T2, T3)",[1353] python3.8,"    1,    1,    1","   64,    1,    1","3,148",2.82,18.57,0.05,65,1.12,64,1,0.01
248,bn_fw_tr_1C11_singleread,"void cudnn::detail::bn_fw_tr_1C11_singleread<float, (int)512, (bool)1, (int)1, (int)2, (int)0>(cudnnTensorStruct, const T1 *, cudnnTensorStruct, T1 *, const float *, const float *, float, float, float *, float *, float *, float *, float, float, cudnn::reduced_divisor, int, cudnn::reduced_divisor, cudnn::detail::bnFwPersistentState *, int, float, float, float, int, float, float, cudnnStatus_t *, bool)",[1353] python3.8," 2048,    1,    1","  512,    1,    1","590,846",434.59,"51,790.07",1.80,"6,354,944",1.36,512,"2,048",4.04
249,vectorized_elementwise_kernel,"void at::native::vectorized_elementwise_kernel<(int)4, at::native::AddFunctor<float>, at::detail::Array<char *, (int)3>>(int, T2, T3)",[1353] python3.8,"  392,    1,    1","   64,    1,    1","9,209",7.42,625.12,0.42,"18,032",1.24,64,392,1.25
250,vectorized_elementwise_kernel,"void at::native::vectorized_elementwise_kernel<(int)4, at::native::<unnamed>::clamp_min_scalar_kernel_impl(at::TensorIterator &, c10::Scalar)::[lambda() (instance 1)]::operator ()() const::[lambda() (instance 8)]::operator ()() const::[lambda(float) (instance 1)], at::detail::Array<char *, (int)2>>(int, T2, T3)",[1353] python3.8,"  392,    1,    1","   64,    1,    1","8,691",7.94,557.53,0.58,"21,952",1.09,64,392,1.06
251,reduce_kernel,"void at::native::reduce_kernel<(int)512, (int)1, at::native::ReduceOp<float, at::native::MeanOps<float, float>, unsigned int, float, (int)4>>(T3)",[1353] python3.8,"  128,    1,    1","   32,   16,    1","31,884",26.11,"2,656.25",2.10,"378,880",1.22,512,128,4.64
252,gemv2T_kernel_val,"void gemv2T_kernel_val<int, int, float, float, float, (int)128, (int)16, (int)4, (int)4, (bool)0, cublasGemvParams<cublasGemvTensorStridedBatched<const float>, cublasGemvTensorStridedBatched<float>, float>>(T11, T5, T5)",[1353] python3.8,"  125,    1,    1","  128,    1,    1","82,492",61.57,"7,048.19",0.93,"446,500",1.34,128,125,5.46
