ID,Function Name,Demangled Name,Process,Grid Size,Block Size,gpc__cycles_elapsed.max [cycle],gpu__time_duration.sum [msecond],sm__cycles_active.avg [cycle],sm__inst_executed.avg.per_cycle_active [inst/cycle],smsp__inst_executed.sum [inst],gpc__cycles_elapsed.avg.per_second [cycle/nsecond],launch__block_size,launch__grid_size,sm__throughput.avg.pct_of_peak_sustained_elapsed [%]
0,computeOffsetsKernel,cudnn::gemm::computeOffsetsKernel(cudnn::gemm::ComputeOffsetsParams),[5804] python3.8,"   99,    1,    1","  128,    1,    1","5,215",0.00,320.25,1.41,"30,624",1.73,128,99,2.33
1,volta_scudnn_128x64_relu_medium_nn_v1,volta_scudnn_128x64_relu_medium_nn_v1,[5804] python3.8,"  784,    1,    1","  128,    1,    1","1,122,899",0.83,"260,932.40",2.40,"42,640,192",1.36,128,784,20.33
2,vectorized_elementwise_kernel,"void at::native::vectorized_elementwise_kernel<(int)4, at::native::BUnaryFunctor<at::native::AddFunctor<long>>, at::detail::Array<char *, (int)2>>(int, T2, T3)",[5804] python3.8,"    1,    1,    1","   64,    1,    1","3,116",0.00,20.04,0.05,65,0.81,64,1,0.01
3,bn_fw_tr_1C11_kernel_NCHW,"void cudnn::detail::bn_fw_tr_1C11_kernel_NCHW<float, float, (int)512, (bool)1, (int)1>(cudnnTensorStruct, const T1 *, cudnnTensorStruct, T1 *, const T2 *, const T2 *, T2, T2, T2 *, T2 *, T2 *, T2 *, T2, T2)",[5804] python3.8,"   64,    1,    1","  512,    1,    1","337,990",0.26,"77,007.82",1.11,"5,830,272",1.32,512,64,7.20
4,vectorized_elementwise_kernel,"void at::native::vectorized_elementwise_kernel<(int)4, at::native::<unnamed>::clamp_min_scalar_kernel_impl(at::TensorIterator &, c10::Scalar)::[lambda() (instance 1)]::operator ()() const::[lambda() (instance 8)]::operator ()() const::[lambda(float) (instance 1)], at::detail::Array<char *, (int)2>>(int, T2, T3)",[5804] python3.8,"25088,    1,    1","   64,    1,    1","152,067",0.12,"35,310.68",0.59,"1,404,928",1.32,64,"25,088",3.89
5,max_pool_forward_nchw,"void at::native::<unnamed>::max_pool_forward_nchw<float, float>(int, const T1 *, int, int, int, int, int, int, int, int, int, int, int, int, int, int, T1 *, long *)",[5804] python3.8," 6272,    1,    1","  256,    1,    1","366,285",0.27,"84,950.65",2.43,"14,018,560",1.34,256,"6,272",14.10
6,computeOffsetsKernel,cudnn::gemm::computeOffsetsKernel(cudnn::gemm::ComputeOffsetsParams),[5804] python3.8,"   25,    1,    1","  128,    1,    1","3,078",0.00,257.65,0.44,"7,680",1.10,128,25,1.01
7,volta_scudnn_128x64_relu_interior_nn_v1,volta_scudnn_128x64_relu_interior_nn_v1,[5804] python3.8,"  196,    1,    1","  128,    1,    1","144,718",0.11,"31,904.74",2.23,"4,838,848",1.35,128,196,16.96
8,vectorized_elementwise_kernel,"void at::native::vectorized_elementwise_kernel<(int)4, at::native::BUnaryFunctor<at::native::AddFunctor<long>>, at::detail::Array<char *, (int)2>>(int, T2, T3)",[5804] python3.8,"    1,    1,    1","   64,    1,    1","3,132",0.00,18.65,0.05,65,1.11,64,1,0.01
9,bn_fw_tr_1C11_kernel_NCHW,"void cudnn::detail::bn_fw_tr_1C11_kernel_NCHW<float, float, (int)512, (bool)1, (int)1>(cudnnTensorStruct, const T1 *, cudnnTensorStruct, T1 *, const T2 *, const T2 *, T2, T2, T2 *, T2 *, T2 *, T2 *, T2, T2)",[5804] python3.8,"   64,    1,    1","  512,    1,    1","91,097",0.07,"20,394.78",1.19,"1,653,888",1.27,512,64,7.26
10,vectorized_elementwise_kernel,"void at::native::vectorized_elementwise_kernel<(int)4, at::native::<unnamed>::clamp_min_scalar_kernel_impl(at::TensorIterator &, c10::Scalar)::[lambda() (instance 1)]::operator ()() const::[lambda() (instance 8)]::operator ()() const::[lambda(float) (instance 1)], at::detail::Array<char *, (int)2>>(int, T2, T3)",[5804] python3.8," 6272,    1,    1","   64,    1,    1","38,189",0.03,"8,308.91",0.62,"351,232",1.20,64,"6,272",3.88
11,generateWinogradTilesKernel,"void cudnn::winograd::generateWinogradTilesKernel<(int)0, float, float>(cudnn::winograd::GenerateWinogradTilesParams<T2, T3>)",[5804] python3.8,"    2,   16,    1","   32,    4,    1","5,091",0.00,757.66,0.87,"45,056",1.15,128,32,3.33
12,volta_scudnn_winograd_128x128_ldg1_ldg4_relu_tile148t_nt_v1,volta_scudnn_winograd_128x128_ldg1_ldg4_relu_tile148t_nt_v1,[5804] python3.8,"   16,    7,    4","  256,    1,    1","882,222",0.65,"202,212.56",1.60,"21,937,664",1.36,256,448,13.51
13,vectorized_elementwise_kernel,"void at::native::vectorized_elementwise_kernel<(int)4, at::native::BUnaryFunctor<at::native::AddFunctor<long>>, at::detail::Array<char *, (int)2>>(int, T2, T3)",[5804] python3.8,"    1,    1,    1","   64,    1,    1","3,153",0.00,18.81,0.05,65,0.75,64,1,0.01
14,bn_fw_tr_1C11_kernel_NCHW,"void cudnn::detail::bn_fw_tr_1C11_kernel_NCHW<float, float, (int)512, (bool)1, (int)1>(cudnnTensorStruct, const T1 *, cudnnTensorStruct, T1 *, const T2 *, const T2 *, T2, T2, T2 *, T2 *, T2 *, T2 *, T2, T2)",[5804] python3.8,"   64,    1,    1","  512,    1,    1","90,926",0.07,"21,649.07",1.12,"1,653,888",1.28,512,64,7.36
15,vectorized_elementwise_kernel,"void at::native::vectorized_elementwise_kernel<(int)4, at::native::<unnamed>::clamp_min_scalar_kernel_impl(at::TensorIterator &, c10::Scalar)::[lambda() (instance 1)]::operator ()() const::[lambda() (instance 8)]::operator ()() const::[lambda(float) (instance 1)], at::detail::Array<char *, (int)2>>(int, T2, T3)",[5804] python3.8," 6272,    1,    1","   64,    1,    1","38,541",0.03,"8,481.31",0.61,"351,232",1.28,64,"6,272",3.84
16,computeOffsetsKernel,cudnn::gemm::computeOffsetsKernel(cudnn::gemm::ComputeOffsetsParams),[5804] python3.8,"   25,    1,    1","  128,    1,    1","3,120",0.00,245.84,0.46,"7,680",1.13,128,25,0.99
17,volta_scudnn_128x64_relu_interior_nn_v1,volta_scudnn_128x64_relu_interior_nn_v1,[5804] python3.8,"  196,    4,    1","  128,    1,    1","521,391",0.38,"120,970.76",2.35,"19,355,392",1.36,128,784,18.82
18,vectorized_elementwise_kernel,"void at::native::vectorized_elementwise_kernel<(int)4, at::native::BUnaryFunctor<at::native::AddFunctor<long>>, at::detail::Array<char *, (int)2>>(int, T2, T3)",[5804] python3.8,"    1,    1,    1","   64,    1,    1","5,060",0.00,19.01,0.05,65,1.82,64,1,0.01
19,bn_fw_tr_1C11_kernel_NCHW,"void cudnn::detail::bn_fw_tr_1C11_kernel_NCHW<float, float, (int)512, (bool)1, (int)1>(cudnnTensorStruct, const T1 *, cudnnTensorStruct, T1 *, const T2 *, const T2 *, T2, T2, T2 *, T2 *, T2 *, T2 *, T2, T2)",[5804] python3.8,"  256,    1,    1","  512,    1,    1","374,598",0.28,"85,936.56",1.13,"6,615,552",1.35,512,256,7.06
20,computeOffsetsKernel,cudnn::gemm::computeOffsetsKernel(cudnn::gemm::ComputeOffsetsParams),[5804] python3.8,"   25,    1,    1","  128,    1,    1","3,026",0.00,248.25,0.45,"7,680",0.80,128,25,1.02
21,volta_scudnn_128x64_relu_interior_nn_v1,volta_scudnn_128x64_relu_interior_nn_v1,[5804] python3.8,"  196,    4,    1","  128,    1,    1","525,188",0.38,"121,122.07",2.35,"19,355,392",1.36,128,784,18.69
22,vectorized_elementwise_kernel,"void at::native::vectorized_elementwise_kernel<(int)4, at::native::BUnaryFunctor<at::native::AddFunctor<long>>, at::detail::Array<char *, (int)2>>(int, T2, T3)",[5804] python3.8,"    1,    1,    1","   64,    1,    1","3,155",0.00,18.81,0.05,65,1.08,64,1,0.01
23,bn_fw_tr_1C11_kernel_NCHW,"void cudnn::detail::bn_fw_tr_1C11_kernel_NCHW<float, float, (int)512, (bool)1, (int)1>(cudnnTensorStruct, const T1 *, cudnnTensorStruct, T1 *, const T2 *, const T2 *, T2, T2, T2 *, T2 *, T2 *, T2 *, T2, T2)",[5804] python3.8,"  256,    1,    1","  512,    1,    1","382,098",0.28,"85,949.81",1.13,"6,615,552",1.37,512,256,6.92
24,vectorized_elementwise_kernel,"void at::native::vectorized_elementwise_kernel<(int)4, at::native::AddFunctor<float>, at::detail::Array<char *, (int)3>>(int, T2, T3)",[5804] python3.8,"25088,    1,    1","   64,    1,    1","191,823",0.14,"43,292.60",0.39,"1,154,048",1.37,64,"25,088",3.86
25,vectorized_elementwise_kernel,"void at::native::vectorized_elementwise_kernel<(int)4, at::native::<unnamed>::clamp_min_scalar_kernel_impl(at::TensorIterator &, c10::Scalar)::[lambda() (instance 1)]::operator ()() const::[lambda() (instance 8)]::operator ()() const::[lambda(float) (instance 1)], at::detail::Array<char *, (int)2>>(int, T2, T3)",[5804] python3.8,"25088,    1,    1","   64,    1,    1","150,783",0.11,"35,360.29",0.58,"1,404,928",1.32,64,"25,088",3.92
26,computeOffsetsKernel,cudnn::gemm::computeOffsetsKernel(cudnn::gemm::ComputeOffsetsParams),[5804] python3.8,"   25,    1,    1","  128,    1,    1","3,111",0.00,247.79,0.46,"7,680",1.13,128,25,0.99
27,volta_scudnn_128x64_relu_interior_nn_v1,volta_scudnn_128x64_relu_interior_nn_v1,[5804] python3.8,"  196,    1,    1","  128,    1,    1","467,018",0.34,"103,695.84",2.33,"16,410,688",1.35,128,196,20.45
28,vectorized_elementwise_kernel,"void at::native::vectorized_elementwise_kernel<(int)4, at::native::BUnaryFunctor<at::native::AddFunctor<long>>, at::detail::Array<char *, (int)2>>(int, T2, T3)",[5804] python3.8,"    1,    1,    1","   64,    1,    1","3,178",0.00,19.07,0.05,65,1.14,64,1,0.01
29,bn_fw_tr_1C11_kernel_NCHW,"void cudnn::detail::bn_fw_tr_1C11_kernel_NCHW<float, float, (int)512, (bool)1, (int)1>(cudnnTensorStruct, const T1 *, cudnnTensorStruct, T1 *, const T2 *, const T2 *, T2, T2, T2 *, T2 *, T2 *, T2 *, T2, T2)",[5804] python3.8,"   64,    1,    1","  512,    1,    1","90,733",0.07,"20,245.15",1.20,"1,653,888",1.29,512,64,7.30
30,vectorized_elementwise_kernel,"void at::native::vectorized_elementwise_kernel<(int)4, at::native::<unnamed>::clamp_min_scalar_kernel_impl(at::TensorIterator &, c10::Scalar)::[lambda() (instance 1)]::operator ()() const::[lambda() (instance 8)]::operator ()() const::[lambda(float) (instance 1)], at::detail::Array<char *, (int)2>>(int, T2, T3)",[5804] python3.8," 6272,    1,    1","   64,    1,    1","39,146",0.03,"8,645.57",0.60,"351,232",1.29,64,"6,272",3.78
31,generateWinogradTilesKernel,"void cudnn::winograd::generateWinogradTilesKernel<(int)0, float, float>(cudnn::winograd::GenerateWinogradTilesParams<T2, T3>)",[5804] python3.8,"    2,   16,    1","   32,    4,    1","5,043",0.01,695.10,0.95,"45,056",0.88,128,32,3.36
32,volta_scudnn_winograd_128x128_ldg1_ldg4_relu_tile148t_nt_v1,volta_scudnn_winograd_128x128_ldg1_ldg4_relu_tile148t_nt_v1,[5804] python3.8,"   16,    7,    4","  256,    1,    1","883,208",0.65,"202,409.09",1.59,"21,937,664",1.35,256,448,13.50
33,vectorized_elementwise_kernel,"void at::native::vectorized_elementwise_kernel<(int)4, at::native::BUnaryFunctor<at::native::AddFunctor<long>>, at::detail::Array<char *, (int)2>>(int, T2, T3)",[5804] python3.8,"    1,    1,    1","   64,    1,    1","3,137",0.00,18.66,0.05,65,1.10,64,1,0.01
34,bn_fw_tr_1C11_kernel_NCHW,"void cudnn::detail::bn_fw_tr_1C11_kernel_NCHW<float, float, (int)512, (bool)1, (int)1>(cudnnTensorStruct, const T1 *, cudnnTensorStruct, T1 *, const T2 *, const T2 *, T2, T2, T2 *, T2 *, T2 *, T2 *, T2, T2)",[5804] python3.8,"   64,    1,    1","  512,    1,    1","99,854",0.07,"20,102.60",1.21,"1,653,888",1.39,512,64,6.63
35,vectorized_elementwise_kernel,"void at::native::vectorized_elementwise_kernel<(int)4, at::native::<unnamed>::clamp_min_scalar_kernel_impl(at::TensorIterator &, c10::Scalar)::[lambda() (instance 1)]::operator ()() const::[lambda() (instance 8)]::operator ()() const::[lambda(float) (instance 1)], at::detail::Array<char *, (int)2>>(int, T2, T3)",[5804] python3.8," 6272,    1,    1","   64,    1,    1","41,701",0.03,"8,427.87",0.61,"351,232",1.40,64,"6,272",3.55
36,computeOffsetsKernel,cudnn::gemm::computeOffsetsKernel(cudnn::gemm::ComputeOffsetsParams),[5804] python3.8,"   25,    1,    1","  128,    1,    1","3,015",0.00,248.29,0.45,"7,680",0.80,128,25,1.03
37,volta_scudnn_128x64_relu_interior_nn_v1,volta_scudnn_128x64_relu_interior_nn_v1,[5804] python3.8,"  196,    4,    1","  128,    1,    1","521,850",0.39,"121,023.97",2.35,"19,355,392",1.35,128,784,18.81
38,vectorized_elementwise_kernel,"void at::native::vectorized_elementwise_kernel<(int)4, at::native::BUnaryFunctor<at::native::AddFunctor<long>>, at::detail::Array<char *, (int)2>>(int, T2, T3)",[5804] python3.8,"    1,    1,    1","   64,    1,    1","3,273",0.00,19.21,0.05,65,1.15,64,1,0.01
39,bn_fw_tr_1C11_kernel_NCHW,"void cudnn::detail::bn_fw_tr_1C11_kernel_NCHW<float, float, (int)512, (bool)1, (int)1>(cudnnTensorStruct, const T1 *, cudnnTensorStruct, T1 *, const T2 *, const T2 *, T2, T2, T2 *, T2 *, T2 *, T2 *, T2, T2)",[5804] python3.8,"  256,    1,    1","  512,    1,    1","371,311",0.28,"85,174.63",1.14,"6,615,552",1.31,512,256,7.12
40,vectorized_elementwise_kernel,"void at::native::vectorized_elementwise_kernel<(int)4, at::native::AddFunctor<float>, at::detail::Array<char *, (int)3>>(int, T2, T3)",[5804] python3.8,"25088,    1,    1","   64,    1,    1","188,897",0.14,"43,232.06",0.39,"1,154,048",1.35,64,"25,088",3.92
41,vectorized_elementwise_kernel,"void at::native::vectorized_elementwise_kernel<(int)4, at::native::<unnamed>::clamp_min_scalar_kernel_impl(at::TensorIterator &, c10::Scalar)::[lambda() (instance 1)]::operator ()() const::[lambda() (instance 8)]::operator ()() const::[lambda(float) (instance 1)], at::detail::Array<char *, (int)2>>(int, T2, T3)",[5804] python3.8,"25088,    1,    1","   64,    1,    1","155,812",0.11,"35,318.79",0.58,"1,404,928",1.38,64,"25,088",3.80
42,computeOffsetsKernel,cudnn::gemm::computeOffsetsKernel(cudnn::gemm::ComputeOffsetsParams),[5804] python3.8,"   25,    1,    1","  128,    1,    1","3,010",0.00,245.62,0.46,"7,680",1.08,128,25,1.03
43,volta_scudnn_128x64_relu_interior_nn_v1,volta_scudnn_128x64_relu_interior_nn_v1,[5804] python3.8,"  196,    1,    1","  128,    1,    1","472,021",0.34,"103,571.40",2.33,"16,410,688",1.37,128,196,20.23
44,vectorized_elementwise_kernel,"void at::native::vectorized_elementwise_kernel<(int)4, at::native::BUnaryFunctor<at::native::AddFunctor<long>>, at::detail::Array<char *, (int)2>>(int, T2, T3)",[5804] python3.8,"    1,    1,    1","   64,    1,    1","3,249",0.00,19.10,0.05,65,1.15,64,1,0.01
45,bn_fw_tr_1C11_kernel_NCHW,"void cudnn::detail::bn_fw_tr_1C11_kernel_NCHW<float, float, (int)512, (bool)1, (int)1>(cudnnTensorStruct, const T1 *, cudnnTensorStruct, T1 *, const T2 *, const T2 *, T2, T2, T2 *, T2 *, T2 *, T2 *, T2, T2)",[5804] python3.8,"   64,    1,    1","  512,    1,    1","90,516",0.07,"20,266.59",1.20,"1,653,888",1.27,512,64,7.31
46,vectorized_elementwise_kernel,"void at::native::vectorized_elementwise_kernel<(int)4, at::native::<unnamed>::clamp_min_scalar_kernel_impl(at::TensorIterator &, c10::Scalar)::[lambda() (instance 1)]::operator ()() const::[lambda() (instance 8)]::operator ()() const::[lambda(float) (instance 1)], at::detail::Array<char *, (int)2>>(int, T2, T3)",[5804] python3.8," 6272,    1,    1","   64,    1,    1","38,260",0.03,"8,651.91",0.60,"351,232",1.26,64,"6,272",3.87
47,generateWinogradTilesKernel,"void cudnn::winograd::generateWinogradTilesKernel<(int)0, float, float>(cudnn::winograd::GenerateWinogradTilesParams<T2, T3>)",[5804] python3.8,"    2,   16,    1","   32,    4,    1","5,099",0.00,704.78,0.94,"45,056",1.12,128,32,3.33
48,volta_scudnn_winograd_128x128_ldg1_ldg4_relu_tile148t_nt_v1,volta_scudnn_winograd_128x128_ldg1_ldg4_relu_tile148t_nt_v1,[5804] python3.8,"   16,    7,    4","  256,    1,    1","883,375",0.65,"202,993.38",1.59,"21,937,664",1.36,256,448,13.50
49,vectorized_elementwise_kernel,"void at::native::vectorized_elementwise_kernel<(int)4, at::native::BUnaryFunctor<at::native::AddFunctor<long>>, at::detail::Array<char *, (int)2>>(int, T2, T3)",[5804] python3.8,"    1,    1,    1","   64,    1,    1","3,149",0.00,18.68,0.05,65,0.83,64,1,0.01
50,bn_fw_tr_1C11_kernel_NCHW,"void cudnn::detail::bn_fw_tr_1C11_kernel_NCHW<float, float, (int)512, (bool)1, (int)1>(cudnnTensorStruct, const T1 *, cudnnTensorStruct, T1 *, const T2 *, const T2 *, T2, T2, T2 *, T2 *, T2 *, T2 *, T2, T2)",[5804] python3.8,"   64,    1,    1","  512,    1,    1","90,628",0.07,"20,210.99",1.20,"1,653,888",1.26,512,64,7.30
51,vectorized_elementwise_kernel,"void at::native::vectorized_elementwise_kernel<(int)4, at::native::<unnamed>::clamp_min_scalar_kernel_impl(at::TensorIterator &, c10::Scalar)::[lambda() (instance 1)]::operator ()() const::[lambda() (instance 8)]::operator ()() const::[lambda(float) (instance 1)], at::detail::Array<char *, (int)2>>(int, T2, T3)",[5804] python3.8," 6272,    1,    1","   64,    1,    1","41,648",0.03,"8,352.07",0.62,"351,232",1.38,64,"6,272",3.55
52,computeOffsetsKernel,cudnn::gemm::computeOffsetsKernel(cudnn::gemm::ComputeOffsetsParams),[5804] python3.8,"   25,    1,    1","  128,    1,    1","3,022",0.00,245.51,0.46,"7,680",1.07,128,25,1.02
53,volta_scudnn_128x64_relu_interior_nn_v1,volta_scudnn_128x64_relu_interior_nn_v1,[5804] python3.8,"  196,    4,    1","  128,    1,    1","521,952",0.39,"121,011.51",2.35,"19,355,392",1.35,128,784,18.80
54,vectorized_elementwise_kernel,"void at::native::vectorized_elementwise_kernel<(int)4, at::native::BUnaryFunctor<at::native::AddFunctor<long>>, at::detail::Array<char *, (int)2>>(int, T2, T3)",[5804] python3.8,"    1,    1,    1","   64,    1,    1","3,185",0.00,20,0.05,65,1.13,64,1,0.01
55,bn_fw_tr_1C11_kernel_NCHW,"void cudnn::detail::bn_fw_tr_1C11_kernel_NCHW<float, float, (int)512, (bool)1, (int)1>(cudnnTensorStruct, const T1 *, cudnnTensorStruct, T1 *, const T2 *, const T2 *, T2, T2, T2 *, T2 *, T2 *, T2 *, T2, T2)",[5804] python3.8,"  256,    1,    1","  512,    1,    1","371,673",0.28,"84,238.66",1.15,"6,615,552",1.33,512,256,7.12
56,vectorized_elementwise_kernel,"void at::native::vectorized_elementwise_kernel<(int)4, at::native::AddFunctor<float>, at::detail::Array<char *, (int)3>>(int, T2, T3)",[5804] python3.8,"25088,    1,    1","   64,    1,    1","187,393",0.14,"43,346.79",0.39,"1,154,048",1.34,64,"25,088",3.95
57,vectorized_elementwise_kernel,"void at::native::vectorized_elementwise_kernel<(int)4, at::native::<unnamed>::clamp_min_scalar_kernel_impl(at::TensorIterator &, c10::Scalar)::[lambda() (instance 1)]::operator ()() const::[lambda() (instance 8)]::operator ()() const::[lambda(float) (instance 1)], at::detail::Array<char *, (int)2>>(int, T2, T3)",[5804] python3.8,"25088,    1,    1","   64,    1,    1","151,290",0.11,"35,470.76",0.58,"1,404,928",1.33,64,"25,088",3.91
58,computeOffsetsKernel,cudnn::gemm::computeOffsetsKernel(cudnn::gemm::ComputeOffsetsParams),[5804] python3.8,"   25,    1,    1","  128,    1,    1","3,021",0.00,245.50,0.46,"7,680",1.08,128,25,1.02
59,volta_scudnn_128x64_relu_interior_nn_v1,volta_scudnn_128x64_relu_interior_nn_v1,[5804] python3.8,"  196,    2,    1","  128,    1,    1","890,013",0.66,"204,838.74",2.36,"32,821,376",1.35,128,392,21.46
60,vectorized_elementwise_kernel,"void at::native::vectorized_elementwise_kernel<(int)4, at::native::BUnaryFunctor<at::native::AddFunctor<long>>, at::detail::Array<char *, (int)2>>(int, T2, T3)",[5804] python3.8,"    1,    1,    1","   64,    1,    1","3,171",0.00,19.03,0.05,65,1.14,64,1,0.01
61,bn_fw_tr_1C11_kernel_NCHW,"void cudnn::detail::bn_fw_tr_1C11_kernel_NCHW<float, float, (int)512, (bool)1, (int)1>(cudnnTensorStruct, const T1 *, cudnnTensorStruct, T1 *, const T2 *, const T2 *, T2, T2, T2 *, T2 *, T2 *, T2 *, T2, T2)",[5804] python3.8,"  128,    1,    1","  512,    1,    1","185,010",0.14,"41,470.53",1.17,"3,307,776",1.31,512,128,7.15
62,vectorized_elementwise_kernel,"void at::native::vectorized_elementwise_kernel<(int)4, at::native::<unnamed>::clamp_min_scalar_kernel_impl(at::TensorIterator &, c10::Scalar)::[lambda() (instance 1)]::operator ()() const::[lambda() (instance 8)]::operator ()() const::[lambda(float) (instance 1)], at::detail::Array<char *, (int)2>>(int, T2, T3)",[5804] python3.8,"12544,    1,    1","   64,    1,    1","76,634",0.06,"17,113.15",0.60,"702,464",1.31,64,"12,544",3.86
63,computeOffsetsKernel,cudnn::gemm::computeOffsetsKernel(cudnn::gemm::ComputeOffsetsParams),[5804] python3.8,"    7,    1,    1","  128,    1,    1","2,902",0.00,109.91,0.26,"1,979",1.07,128,7,0.27
64,volta_scudnn_128x128_relu_small_nn_v1,volta_scudnn_128x128_relu_small_nn_v1,[5804] python3.8,"   49,    1,    1","  256,    1,    1","1,219,150",0.89,"220,378.97",2.29,"34,353,312",1.36,256,49,17.49
65,vectorized_elementwise_kernel,"void at::native::vectorized_elementwise_kernel<(int)4, at::native::BUnaryFunctor<at::native::AddFunctor<long>>, at::detail::Array<char *, (int)2>>(int, T2, T3)",[5804] python3.8,"    1,    1,    1","   64,    1,    1","3,114",0.00,18.59,0.05,65,1.11,64,1,0.01
66,bn_fw_tr_1C11_singleread,"void cudnn::detail::bn_fw_tr_1C11_singleread<float, (int)512, (bool)1, (int)1, (int)2, (int)0>(cudnnTensorStruct, const T1 *, cudnnTensorStruct, T1 *, const float *, const float *, float, float, float *, float *, float *, float *, float, float, cudnn::reduced_divisor, int, cudnn::reduced_divisor, cudnn::detail::bnFwPersistentState *, int, float, float, float, int, float, float, cudnnStatus_t *, bool)",[5804] python3.8,"  128,    1,    1","  512,    1,    1","46,640",0.03,"9,783.12",2.03,"1,352,064",1.36,512,128,11.00
67,vectorized_elementwise_kernel,"void at::native::vectorized_elementwise_kernel<(int)4, at::native::<unnamed>::clamp_min_scalar_kernel_impl(at::TensorIterator &, c10::Scalar)::[lambda() (instance 1)]::operator ()() const::[lambda() (instance 8)]::operator ()() const::[lambda(float) (instance 1)], at::detail::Array<char *, (int)2>>(int, T2, T3)",[5804] python3.8," 3136,    1,    1","   64,    1,    1","19,746",0.02,"4,040.29",0.64,"175,616",1.21,64,"3,136",3.75
68,computeOffsetsKernel,cudnn::gemm::computeOffsetsKernel(cudnn::gemm::ComputeOffsetsParams),[5804] python3.8,"    7,    1,    1","  128,    1,    1","2,926",0.00,105.90,0.27,"1,979",0.79,128,7,0.27
69,volta_scudnn_128x64_relu_interior_nn_v1,volta_scudnn_128x64_relu_interior_nn_v1,[5804] python3.8,"   49,    8,    1","  128,    1,    1","470,240",0.35,"107,933.35",2.37,"17,392,256",1.36,128,392,20.50
70,vectorized_elementwise_kernel,"void at::native::vectorized_elementwise_kernel<(int)4, at::native::BUnaryFunctor<at::native::AddFunctor<long>>, at::detail::Array<char *, (int)2>>(int, T2, T3)",[5804] python3.8,"    1,    1,    1","   64,    1,    1","3,250",0.00,20.41,0.05,65,0.84,64,1,0.01
71,bn_fw_tr_1C11_singleread,"void cudnn::detail::bn_fw_tr_1C11_singleread<float, (int)512, (bool)1, (int)1, (int)2, (int)0>(cudnnTensorStruct, const T1 *, cudnnTensorStruct, T1 *, const float *, const float *, float, float, float *, float *, float *, float *, float, float, cudnn::reduced_divisor, int, cudnn::reduced_divisor, cudnn::detail::bnFwPersistentState *, int, float, float, float, int, float, float, cudnnStatus_t *, bool)",[5804] python3.8,"  512,    1,    1","  512,    1,    1","178,364",0.13,"39,710.81",2.00,"5,408,256",1.34,512,512,11.49
72,computeOffsetsKernel,cudnn::gemm::computeOffsetsKernel(cudnn::gemm::ComputeOffsetsParams),[5804] python3.8,"    7,    1,    1","  128,    1,    1","2,950",0.00,105.65,0.28,"1,979",0.79,128,7,0.27
73,volta_scudnn_128x64_relu_interior_nn_v1,volta_scudnn_128x64_relu_interior_nn_v1,[5804] python3.8,"   49,    8,    1","  128,    1,    1","953,754",0.70,"219,493.88",2.20,"32,821,376",1.36,128,392,20.03
74,vectorized_elementwise_kernel,"void at::native::vectorized_elementwise_kernel<(int)4, at::native::BUnaryFunctor<at::native::AddFunctor<long>>, at::detail::Array<char *, (int)2>>(int, T2, T3)",[5804] python3.8,"    1,    1,    1","   64,    1,    1","3,185",0.00,19.34,0.05,65,0.73,64,1,0.01
75,bn_fw_tr_1C11_singleread,"void cudnn::detail::bn_fw_tr_1C11_singleread<float, (int)512, (bool)1, (int)1, (int)2, (int)0>(cudnnTensorStruct, const T1 *, cudnnTensorStruct, T1 *, const float *, const float *, float, float, float *, float *, float *, float *, float, float, cudnn::reduced_divisor, int, cudnn::reduced_divisor, cudnn::detail::bnFwPersistentState *, int, float, float, float, int, float, float, cudnnStatus_t *, bool)",[5804] python3.8,"  512,    1,    1","  512,    1,    1","173,754",0.13,"39,615.40",2.01,"5,408,256",1.31,512,512,11.79
76,vectorized_elementwise_kernel,"void at::native::vectorized_elementwise_kernel<(int)4, at::native::AddFunctor<float>, at::detail::Array<char *, (int)3>>(int, T2, T3)",[5804] python3.8,"12544,    1,    1","   64,    1,    1","92,752",0.07,"21,234.60",0.40,"577,024",1.28,64,"12,544",3.99
77,vectorized_elementwise_kernel,"void at::native::vectorized_elementwise_kernel<(int)4, at::native::<unnamed>::clamp_min_scalar_kernel_impl(at::TensorIterator &, c10::Scalar)::[lambda() (instance 1)]::operator ()() const::[lambda() (instance 8)]::operator ()() const::[lambda(float) (instance 1)], at::detail::Array<char *, (int)2>>(int, T2, T3)",[5804] python3.8,"12544,    1,    1","   64,    1,    1","77,757",0.06,"17,540.44",0.59,"702,464",1.34,64,"12,544",3.81
78,computeOffsetsKernel,cudnn::gemm::computeOffsetsKernel(cudnn::gemm::ComputeOffsetsParams),[5804] python3.8,"    7,    1,    1","  128,    1,    1","4,914",0.00,105.19,0.28,"1,979",1.83,128,7,0.16
79,volta_scudnn_128x128_relu_interior_nn_v1,volta_scudnn_128x128_relu_interior_nn_v1,[5804] python3.8,"   49,    1,    1","  256,    1,    1","554,494",0.41,"100,306.71",2.24,"15,278,984",1.36,256,49,17.14
80,vectorized_elementwise_kernel,"void at::native::vectorized_elementwise_kernel<(int)4, at::native::BUnaryFunctor<at::native::AddFunctor<long>>, at::detail::Array<char *, (int)2>>(int, T2, T3)",[5804] python3.8,"    1,    1,    1","   64,    1,    1","3,219",0.00,19.18,0.05,65,1.14,64,1,0.01
81,bn_fw_tr_1C11_singleread,"void cudnn::detail::bn_fw_tr_1C11_singleread<float, (int)512, (bool)1, (int)1, (int)2, (int)0>(cudnnTensorStruct, const T1 *, cudnnTensorStruct, T1 *, const float *, const float *, float, float, float *, float *, float *, float *, float, float, cudnn::reduced_divisor, int, cudnn::reduced_divisor, cudnn::detail::bnFwPersistentState *, int, float, float, float, int, float, float, cudnnStatus_t *, bool)",[5804] python3.8,"  128,    1,    1","  512,    1,    1","46,543",0.03,"9,789.53",2.03,"1,352,064",1.34,512,128,11.02
82,vectorized_elementwise_kernel,"void at::native::vectorized_elementwise_kernel<(int)4, at::native::<unnamed>::clamp_min_scalar_kernel_impl(at::TensorIterator &, c10::Scalar)::[lambda() (instance 1)]::operator ()() const::[lambda() (instance 8)]::operator ()() const::[lambda(float) (instance 1)], at::detail::Array<char *, (int)2>>(int, T2, T3)",[5804] python3.8," 3136,    1,    1","   64,    1,    1","22,501",0.02,"4,110.10",0.63,"175,616",1.38,64,"3,136",3.29
83,generateWinogradTilesKernel,"void cudnn::winograd::generateWinogradTilesKernel<(int)0, float, float>(cudnn::winograd::GenerateWinogradTilesParams<T2, T3>)",[5804] python3.8,"    4,   32,    1","   32,    4,    1","10,047",0.01,"1,859.47",1.43,"180,224",1.17,128,128,6.78
84,volta_scudnn_winograd_128x128_ldg1_ldg4_relu_tile148t_nt_v1,volta_scudnn_winograd_128x128_ldg1_ldg4_relu_tile148t_nt_v1,[5804] python3.8,"   32,    4,    2","  256,    1,    1","866,373",0.64,"200,107.26",1.73,"23,545,856",1.35,256,256,15.44
85,vectorized_elementwise_kernel,"void at::native::vectorized_elementwise_kernel<(int)4, at::native::BUnaryFunctor<at::native::AddFunctor<long>>, at::detail::Array<char *, (int)2>>(int, T2, T3)",[5804] python3.8,"    1,    1,    1","   64,    1,    1","3,223",0.00,19.65,0.05,65,1.12,64,1,0.01
86,bn_fw_tr_1C11_singleread,"void cudnn::detail::bn_fw_tr_1C11_singleread<float, (int)512, (bool)1, (int)1, (int)2, (int)0>(cudnnTensorStruct, const T1 *, cudnnTensorStruct, T1 *, const float *, const float *, float, float, float *, float *, float *, float *, float, float, cudnn::reduced_divisor, int, cudnn::reduced_divisor, cudnn::detail::bnFwPersistentState *, int, float, float, float, int, float, float, cudnnStatus_t *, bool)",[5804] python3.8,"  128,    1,    1","  512,    1,    1","43,987",0.04,"9,771.96",2.03,"1,352,064",1.21,512,128,11.67
87,vectorized_elementwise_kernel,"void at::native::vectorized_elementwise_kernel<(int)4, at::native::<unnamed>::clamp_min_scalar_kernel_impl(at::TensorIterator &, c10::Scalar)::[lambda() (instance 1)]::operator ()() const::[lambda() (instance 8)]::operator ()() const::[lambda(float) (instance 1)], at::detail::Array<char *, (int)2>>(int, T2, T3)",[5804] python3.8," 3136,    1,    1","   64,    1,    1","20,104",0.02,"4,066.35",0.64,"175,616",1.23,64,"3,136",3.69
88,computeOffsetsKernel,cudnn::gemm::computeOffsetsKernel(cudnn::gemm::ComputeOffsetsParams),[5804] python3.8,"    7,    1,    1","  128,    1,    1","2,923",0.00,105.24,0.28,"1,979",1.07,128,7,0.27
89,volta_scudnn_128x64_relu_interior_nn_v1,volta_scudnn_128x64_relu_interior_nn_v1,[5804] python3.8,"   49,    8,    1","  128,    1,    1","474,612",0.35,"108,470.79",2.36,"17,392,256",1.36,128,392,20.29
90,vectorized_elementwise_kernel,"void at::native::vectorized_elementwise_kernel<(int)4, at::native::BUnaryFunctor<at::native::AddFunctor<long>>, at::detail::Array<char *, (int)2>>(int, T2, T3)",[5804] python3.8,"    1,    1,    1","   64,    1,    1","3,198",0.00,20.46,0.05,65,0.77,64,1,0.01
91,bn_fw_tr_1C11_singleread,"void cudnn::detail::bn_fw_tr_1C11_singleread<float, (int)512, (bool)1, (int)1, (int)2, (int)0>(cudnnTensorStruct, const T1 *, cudnnTensorStruct, T1 *, const float *, const float *, float, float, float *, float *, float *, float *, float, float, cudnn::reduced_divisor, int, cudnn::reduced_divisor, cudnn::detail::bnFwPersistentState *, int, float, float, float, int, float, float, cudnnStatus_t *, bool)",[5804] python3.8,"  512,    1,    1","  512,    1,    1","176,394",0.13,"39,881.47",1.99,"5,408,256",1.37,512,512,11.61
92,vectorized_elementwise_kernel,"void at::native::vectorized_elementwise_kernel<(int)4, at::native::AddFunctor<float>, at::detail::Array<char *, (int)3>>(int, T2, T3)",[5804] python3.8,"12544,    1,    1","   64,    1,    1","98,186",0.07,"21,275.18",0.40,"577,024",1.37,64,"12,544",3.77
93,vectorized_elementwise_kernel,"void at::native::vectorized_elementwise_kernel<(int)4, at::native::<unnamed>::clamp_min_scalar_kernel_impl(at::TensorIterator &, c10::Scalar)::[lambda() (instance 1)]::operator ()() const::[lambda() (instance 8)]::operator ()() const::[lambda(float) (instance 1)], at::detail::Array<char *, (int)2>>(int, T2, T3)",[5804] python3.8,"12544,    1,    1","   64,    1,    1","76,596",0.06,"17,280",0.60,"702,464",1.28,64,"12,544",3.87
94,computeOffsetsKernel,cudnn::gemm::computeOffsetsKernel(cudnn::gemm::ComputeOffsetsParams),[5804] python3.8,"    7,    1,    1","  128,    1,    1","2,906",0.00,104.88,0.28,"1,979",1.07,128,7,0.27
95,volta_scudnn_128x128_relu_interior_nn_v1,volta_scudnn_128x128_relu_interior_nn_v1,[5804] python3.8,"   49,    1,    1","  256,    1,    1","553,476",0.41,"100,325.44",2.24,"15,278,984",1.36,256,49,17.17
96,vectorized_elementwise_kernel,"void at::native::vectorized_elementwise_kernel<(int)4, at::native::BUnaryFunctor<at::native::AddFunctor<long>>, at::detail::Array<char *, (int)2>>(int, T2, T3)",[5804] python3.8,"    1,    1,    1","   64,    1,    1","3,187",0.00,18.85,0.05,65,0.77,64,1,0.01
97,bn_fw_tr_1C11_singleread,"void cudnn::detail::bn_fw_tr_1C11_singleread<float, (int)512, (bool)1, (int)1, (int)2, (int)0>(cudnnTensorStruct, const T1 *, cudnnTensorStruct, T1 *, const float *, const float *, float, float, float *, float *, float *, float *, float, float, cudnn::reduced_divisor, int, cudnn::reduced_divisor, cudnn::detail::bnFwPersistentState *, int, float, float, float, int, float, float, cudnnStatus_t *, bool)",[5804] python3.8,"  128,    1,    1","  512,    1,    1","43,959",0.03,"9,762.43",2.04,"1,352,064",1.27,512,128,11.67
98,vectorized_elementwise_kernel,"void at::native::vectorized_elementwise_kernel<(int)4, at::native::<unnamed>::clamp_min_scalar_kernel_impl(at::TensorIterator &, c10::Scalar)::[lambda() (instance 1)]::operator ()() const::[lambda() (instance 8)]::operator ()() const::[lambda(float) (instance 1)], at::detail::Array<char *, (int)2>>(int, T2, T3)",[5804] python3.8," 3136,    1,    1","   64,    1,    1","19,838",0.02,"4,123.56",0.63,"175,616",1.12,64,"3,136",3.74
99,generateWinogradTilesKernel,"void cudnn::winograd::generateWinogradTilesKernel<(int)0, float, float>(cudnn::winograd::GenerateWinogradTilesParams<T2, T3>)",[5804] python3.8,"    4,   32,    1","   32,    4,    1","10,120",0.01,"1,881.79",1.41,"180,224",1.09,128,128,6.72
100,volta_scudnn_winograd_128x128_ldg1_ldg4_relu_tile148t_nt_v1,volta_scudnn_winograd_128x128_ldg1_ldg4_relu_tile148t_nt_v1,[5804] python3.8,"   32,    4,    2","  256,    1,    1","862,558",0.64,"202,049.46",1.71,"23,545,856",1.35,256,256,15.51
101,vectorized_elementwise_kernel,"void at::native::vectorized_elementwise_kernel<(int)4, at::native::BUnaryFunctor<at::native::AddFunctor<long>>, at::detail::Array<char *, (int)2>>(int, T2, T3)",[5804] python3.8,"    1,    1,    1","   64,    1,    1","3,111",0.00,18.50,0.05,65,1.10,64,1,0.01
102,bn_fw_tr_1C11_singleread,"void cudnn::detail::bn_fw_tr_1C11_singleread<float, (int)512, (bool)1, (int)1, (int)2, (int)0>(cudnnTensorStruct, const T1 *, cudnnTensorStruct, T1 *, const float *, const float *, float, float, float *, float *, float *, float *, float, float, cudnn::reduced_divisor, int, cudnn::reduced_divisor, cudnn::detail::bnFwPersistentState *, int, float, float, float, int, float, float, cudnnStatus_t *, bool)",[5804] python3.8,"  128,    1,    1","  512,    1,    1","44,831",0.03,"9,780.07",2.03,"1,352,064",1.29,512,128,11.46
103,vectorized_elementwise_kernel,"void at::native::vectorized_elementwise_kernel<(int)4, at::native::<unnamed>::clamp_min_scalar_kernel_impl(at::TensorIterator &, c10::Scalar)::[lambda() (instance 1)]::operator ()() const::[lambda() (instance 8)]::operator ()() const::[lambda(float) (instance 1)], at::detail::Array<char *, (int)2>>(int, T2, T3)",[5804] python3.8," 3136,    1,    1","   64,    1,    1","19,494",0.02,"4,147.82",0.62,"175,616",1.18,64,"3,136",3.81
104,computeOffsetsKernel,cudnn::gemm::computeOffsetsKernel(cudnn::gemm::ComputeOffsetsParams),[5804] python3.8,"    7,    1,    1","  128,    1,    1","2,932",0.00,105.01,0.28,"1,979",0.74,128,7,0.27
105,volta_scudnn_128x64_relu_interior_nn_v1,volta_scudnn_128x64_relu_interior_nn_v1,[5804] python3.8,"   49,    8,    1","  128,    1,    1","472,261",0.35,"108,603.47",2.36,"17,392,256",1.35,128,392,20.41
106,vectorized_elementwise_kernel,"void at::native::vectorized_elementwise_kernel<(int)4, at::native::BUnaryFunctor<at::native::AddFunctor<long>>, at::detail::Array<char *, (int)2>>(int, T2, T3)",[5804] python3.8,"    1,    1,    1","   64,    1,    1","3,173",0.00,19.46,0.05,65,1.11,64,1,0.01
107,bn_fw_tr_1C11_singleread,"void cudnn::detail::bn_fw_tr_1C11_singleread<float, (int)512, (bool)1, (int)1, (int)2, (int)0>(cudnnTensorStruct, const T1 *, cudnnTensorStruct, T1 *, const float *, const float *, float, float, float *, float *, float *, float *, float, float, cudnn::reduced_divisor, int, cudnn::reduced_divisor, cudnn::detail::bnFwPersistentState *, int, float, float, float, int, float, float, cudnnStatus_t *, bool)",[5804] python3.8,"  512,    1,    1","  512,    1,    1","175,940",0.13,"39,482.75",2.01,"5,408,256",1.33,512,512,11.63
108,vectorized_elementwise_kernel,"void at::native::vectorized_elementwise_kernel<(int)4, at::native::AddFunctor<float>, at::detail::Array<char *, (int)3>>(int, T2, T3)",[5804] python3.8,"12544,    1,    1","   64,    1,    1","99,013",0.07,"21,279.79",0.40,"577,024",1.40,64,"12,544",3.74
109,vectorized_elementwise_kernel,"void at::native::vectorized_elementwise_kernel<(int)4, at::native::<unnamed>::clamp_min_scalar_kernel_impl(at::TensorIterator &, c10::Scalar)::[lambda() (instance 1)]::operator ()() const::[lambda() (instance 8)]::operator ()() const::[lambda(float) (instance 1)], at::detail::Array<char *, (int)2>>(int, T2, T3)",[5804] python3.8,"12544,    1,    1","   64,    1,    1","75,797",0.06,"17,271.15",0.60,"702,464",1.30,64,"12,544",3.91
110,computeOffsetsKernel,cudnn::gemm::computeOffsetsKernel(cudnn::gemm::ComputeOffsetsParams),[5804] python3.8,"    7,    1,    1","  128,    1,    1","2,933",0.00,113.63,0.26,"1,979",0.78,128,7,0.27
111,volta_scudnn_128x128_relu_interior_nn_v1,volta_scudnn_128x128_relu_interior_nn_v1,[5804] python3.8,"   49,    1,    1","  256,    1,    1","553,253",0.41,"100,193.96",2.24,"15,278,984",1.36,256,49,17.17
112,vectorized_elementwise_kernel,"void at::native::vectorized_elementwise_kernel<(int)4, at::native::BUnaryFunctor<at::native::AddFunctor<long>>, at::detail::Array<char *, (int)2>>(int, T2, T3)",[5804] python3.8,"    1,    1,    1","   64,    1,    1","3,367",0.00,19.15,0.05,65,1.20,64,1,0.01
113,bn_fw_tr_1C11_singleread,"void cudnn::detail::bn_fw_tr_1C11_singleread<float, (int)512, (bool)1, (int)1, (int)2, (int)0>(cudnnTensorStruct, const T1 *, cudnnTensorStruct, T1 *, const float *, const float *, float, float, float *, float *, float *, float *, float, float, cudnn::reduced_divisor, int, cudnn::reduced_divisor, cudnn::detail::bnFwPersistentState *, int, float, float, float, int, float, float, cudnnStatus_t *, bool)",[5804] python3.8,"  128,    1,    1","  512,    1,    1","48,439",0.03,"9,747.50",2.04,"1,352,064",1.40,512,128,10.59
114,vectorized_elementwise_kernel,"void at::native::vectorized_elementwise_kernel<(int)4, at::native::<unnamed>::clamp_min_scalar_kernel_impl(at::TensorIterator &, c10::Scalar)::[lambda() (instance 1)]::operator ()() const::[lambda() (instance 8)]::operator ()() const::[lambda(float) (instance 1)], at::detail::Array<char *, (int)2>>(int, T2, T3)",[5804] python3.8," 3136,    1,    1","   64,    1,    1","19,755",0.02,"4,093.37",0.63,"175,616",1.22,64,"3,136",3.76
115,generateWinogradTilesKernel,"void cudnn::winograd::generateWinogradTilesKernel<(int)0, float, float>(cudnn::winograd::GenerateWinogradTilesParams<T2, T3>)",[5804] python3.8,"    4,   32,    1","   32,    4,    1","10,160",0.01,"1,862.63",1.42,"180,224",1.24,128,128,6.70
116,volta_scudnn_winograd_128x128_ldg1_ldg4_relu_tile148t_nt_v1,volta_scudnn_winograd_128x128_ldg1_ldg4_relu_tile148t_nt_v1,[5804] python3.8,"   32,    4,    2","  256,    1,    1","868,527",0.64,"201,926.74",1.71,"23,545,856",1.36,256,256,15.40
117,vectorized_elementwise_kernel,"void at::native::vectorized_elementwise_kernel<(int)4, at::native::BUnaryFunctor<at::native::AddFunctor<long>>, at::detail::Array<char *, (int)2>>(int, T2, T3)",[5804] python3.8,"    1,    1,    1","   64,    1,    1","3,222",0.00,18.66,0.05,65,1.13,64,1,0.01
118,bn_fw_tr_1C11_singleread,"void cudnn::detail::bn_fw_tr_1C11_singleread<float, (int)512, (bool)1, (int)1, (int)2, (int)0>(cudnnTensorStruct, const T1 *, cudnnTensorStruct, T1 *, const float *, const float *, float, float, float *, float *, float *, float *, float, float, cudnn::reduced_divisor, int, cudnn::reduced_divisor, cudnn::detail::bnFwPersistentState *, int, float, float, float, int, float, float, cudnnStatus_t *, bool)",[5804] python3.8,"  128,    1,    1","  512,    1,    1","43,835",0.04,"10,537.56",1.89,"1,352,064",1.25,512,128,11.71
119,vectorized_elementwise_kernel,"void at::native::vectorized_elementwise_kernel<(int)4, at::native::<unnamed>::clamp_min_scalar_kernel_impl(at::TensorIterator &, c10::Scalar)::[lambda() (instance 1)]::operator ()() const::[lambda() (instance 8)]::operator ()() const::[lambda(float) (instance 1)], at::detail::Array<char *, (int)2>>(int, T2, T3)",[5804] python3.8," 3136,    1,    1","   64,    1,    1","22,269",0.02,"4,735.87",0.55,"175,616",1.23,64,"3,136",3.32
120,computeOffsetsKernel,cudnn::gemm::computeOffsetsKernel(cudnn::gemm::ComputeOffsetsParams),[5804] python3.8,"    7,    1,    1","  128,    1,    1","2,923",0.00,105.09,0.28,"1,979",0.76,128,7,0.27
121,volta_scudnn_128x64_relu_interior_nn_v1,volta_scudnn_128x64_relu_interior_nn_v1,[5804] python3.8,"   49,    8,    1","  128,    1,    1","473,650",0.35,"108,264.37",2.36,"17,392,256",1.35,128,392,20.35
122,vectorized_elementwise_kernel,"void at::native::vectorized_elementwise_kernel<(int)4, at::native::BUnaryFunctor<at::native::AddFunctor<long>>, at::detail::Array<char *, (int)2>>(int, T2, T3)",[5804] python3.8,"    1,    1,    1","   64,    1,    1","3,276",0.00,20.07,0.05,65,1.15,64,1,0.01
123,bn_fw_tr_1C11_singleread,"void cudnn::detail::bn_fw_tr_1C11_singleread<float, (int)512, (bool)1, (int)1, (int)2, (int)0>(cudnnTensorStruct, const T1 *, cudnnTensorStruct, T1 *, const float *, const float *, float, float, float *, float *, float *, float *, float, float, cudnn::reduced_divisor, int, cudnn::reduced_divisor, cudnn::detail::bnFwPersistentState *, int, float, float, float, int, float, float, cudnnStatus_t *, bool)",[5804] python3.8,"  512,    1,    1","  512,    1,    1","171,549",0.13,"40,333.82",1.97,"5,408,256",1.28,512,512,11.93
124,vectorized_elementwise_kernel,"void at::native::vectorized_elementwise_kernel<(int)4, at::native::AddFunctor<float>, at::detail::Array<char *, (int)3>>(int, T2, T3)",[5804] python3.8,"12544,    1,    1","   64,    1,    1","92,255",0.07,"21,210.74",0.40,"577,024",1.27,64,"12,544",4.01
125,vectorized_elementwise_kernel,"void at::native::vectorized_elementwise_kernel<(int)4, at::native::<unnamed>::clamp_min_scalar_kernel_impl(at::TensorIterator &, c10::Scalar)::[lambda() (instance 1)]::operator ()() const::[lambda() (instance 8)]::operator ()() const::[lambda(float) (instance 1)], at::detail::Array<char *, (int)2>>(int, T2, T3)",[5804] python3.8,"12544,    1,    1","   64,    1,    1","76,366",0.06,"17,603.34",0.59,"702,464",1.32,64,"12,544",3.88
126,computeOffsetsKernel,cudnn::gemm::computeOffsetsKernel(cudnn::gemm::ComputeOffsetsParams),[5804] python3.8,"    7,    1,    1","  128,    1,    1","2,963",0.00,105.76,0.28,"1,979",1.10,128,7,0.27
127,volta_scudnn_128x64_relu_interior_nn_v1,volta_scudnn_128x64_relu_interior_nn_v1,[5804] python3.8,"   49,    4,    1","  128,    1,    1","910,248",0.67,"201,245.76",2.33,"31,839,808",1.36,128,196,20.88
128,vectorized_elementwise_kernel,"void at::native::vectorized_elementwise_kernel<(int)4, at::native::BUnaryFunctor<at::native::AddFunctor<long>>, at::detail::Array<char *, (int)2>>(int, T2, T3)",[5804] python3.8,"    1,    1,    1","   64,    1,    1","3,202",0.00,19.60,0.05,65,1.09,64,1,0.01
129,bn_fw_tr_1C11_singleread,"void cudnn::detail::bn_fw_tr_1C11_singleread<float, (int)512, (bool)1, (int)1, (int)2, (int)0>(cudnnTensorStruct, const T1 *, cudnnTensorStruct, T1 *, const float *, const float *, float, float, float *, float *, float *, float *, float, float, cudnn::reduced_divisor, int, cudnn::reduced_divisor, cudnn::detail::bnFwPersistentState *, int, float, float, float, int, float, float, cudnnStatus_t *, bool)",[5804] python3.8,"  256,    1,    1","  512,    1,    1","86,656",0.07,"19,703.81",2.02,"2,704,128",1.32,512,256,11.80
130,vectorized_elementwise_kernel,"void at::native::vectorized_elementwise_kernel<(int)4, at::native::<unnamed>::clamp_min_scalar_kernel_impl(at::TensorIterator &, c10::Scalar)::[lambda() (instance 1)]::operator ()() const::[lambda() (instance 8)]::operator ()() const::[lambda(float) (instance 1)], at::detail::Array<char *, (int)2>>(int, T2, T3)",[5804] python3.8," 6272,    1,    1","   64,    1,    1","38,212",0.03,"8,646.85",0.60,"351,232",1.24,64,"6,272",3.87
131,computeOffsetsKernel,cudnn::gemm::computeOffsetsKernel(cudnn::gemm::ComputeOffsetsParams),[5804] python3.8,"    2,    1,    1","  128,    1,    1","4,498",0.00,29.75,0.28,563,1.67,128,2,0.05
132,volta_scudnn_128x64_relu_small_nn_v1,volta_scudnn_128x64_relu_small_nn_v1,[5804] python3.8,"   13,    4,    1","  128,    1,    1","1,300,515",0.95,"254,990.28",2.20,"38,063,376",1.36,128,52,17.36
133,vectorized_elementwise_kernel,"void at::native::vectorized_elementwise_kernel<(int)4, at::native::BUnaryFunctor<at::native::AddFunctor<long>>, at::detail::Array<char *, (int)2>>(int, T2, T3)",[5804] python3.8,"    1,    1,    1","   64,    1,    1","3,269",0.00,18.60,0.05,65,1.15,64,1,0.01
134,bn_fw_tr_1C11_singleread,"void cudnn::detail::bn_fw_tr_1C11_singleread<float, (int)512, (bool)1, (int)1, (int)2, (int)0>(cudnnTensorStruct, const T1 *, cudnnTensorStruct, T1 *, const float *, const float *, float, float, float *, float *, float *, float *, float, float, cudnn::reduced_divisor, int, cudnn::reduced_divisor, cudnn::detail::bnFwPersistentState *, int, float, float, float, int, float, float, cudnnStatus_t *, bool)",[5804] python3.8,"  256,    1,    1","  512,    1,    1","44,761",0.03,"10,318.10",1.94,"1,357,824",1.29,512,256,11.33
135,vectorized_elementwise_kernel,"void at::native::vectorized_elementwise_kernel<(int)4, at::native::<unnamed>::clamp_min_scalar_kernel_impl(at::TensorIterator &, c10::Scalar)::[lambda() (instance 1)]::operator ()() const::[lambda() (instance 8)]::operator ()() const::[lambda(float) (instance 1)], at::detail::Array<char *, (int)2>>(int, T2, T3)",[5804] python3.8," 1568,    1,    1","   64,    1,    1","11,644",0.01,"2,277.53",0.57,"87,808",1.24,64,"1,568",3.17
136,computeOffsetsKernel,cudnn::gemm::computeOffsetsKernel(cudnn::gemm::ComputeOffsetsParams),[5804] python3.8,"    2,    1,    1","  128,    1,    1","2,931",0.00,33.28,0.25,563,1.08,128,2,0.08
137,volta_scudnn_128x128_relu_interior_nn_v1,volta_scudnn_128x128_relu_interior_nn_v1,[5804] python3.8,"   13,    8,    1","  256,    1,    1","504,561",0.37,"109,551.28",2.24,"16,720,704",1.36,256,104,20.05
138,vectorized_elementwise_kernel,"void at::native::vectorized_elementwise_kernel<(int)4, at::native::BUnaryFunctor<at::native::AddFunctor<long>>, at::detail::Array<char *, (int)2>>(int, T2, T3)",[5804] python3.8,"    1,    1,    1","   64,    1,    1","3,181",0.00,19.44,0.05,65,1.13,64,1,0.01
139,bn_fw_tr_1C11_singleread,"void cudnn::detail::bn_fw_tr_1C11_singleread<float, (int)512, (bool)1, (int)1, (int)2, (int)0>(cudnnTensorStruct, const T1 *, cudnnTensorStruct, T1 *, const float *, const float *, float, float, float *, float *, float *, float *, float, float, cudnn::reduced_divisor, int, cudnn::reduced_divisor, cudnn::detail::bnFwPersistentState *, int, float, float, float, int, float, float, cudnnStatus_t *, bool)",[5804] python3.8," 1024,    1,    1","  512,    1,    1","168,810",0.12,"39,019.34",2.05,"5,431,296",1.35,512,"1,024",11.98
140,computeOffsetsKernel,cudnn::gemm::computeOffsetsKernel(cudnn::gemm::ComputeOffsetsParams),[5804] python3.8,"    2,    1,    1","  128,    1,    1","2,894",0.00,30.81,0.27,563,1.05,128,2,0.08
141,volta_scudnn_128x128_relu_interior_nn_v1,volta_scudnn_128x128_relu_interior_nn_v1,[5804] python3.8,"   13,    8,    1","  256,    1,    1","1,034,111",0.76,"225,041.25",2.12,"32,428,864",1.36,256,104,19.48
142,vectorized_elementwise_kernel,"void at::native::vectorized_elementwise_kernel<(int)4, at::native::BUnaryFunctor<at::native::AddFunctor<long>>, at::detail::Array<char *, (int)2>>(int, T2, T3)",[5804] python3.8,"    1,    1,    1","   64,    1,    1","3,172",0.00,19,0.05,65,1.09,64,1,0.01
143,bn_fw_tr_1C11_singleread,"void cudnn::detail::bn_fw_tr_1C11_singleread<float, (int)512, (bool)1, (int)1, (int)2, (int)0>(cudnnTensorStruct, const T1 *, cudnnTensorStruct, T1 *, const float *, const float *, float, float, float *, float *, float *, float *, float, float, cudnn::reduced_divisor, int, cudnn::reduced_divisor, cudnn::detail::bnFwPersistentState *, int, float, float, float, int, float, float, cudnnStatus_t *, bool)",[5804] python3.8," 1024,    1,    1","  512,    1,    1","169,177",0.13,"38,971.93",2.05,"5,431,296",1.32,512,"1,024",11.96
144,vectorized_elementwise_kernel,"void at::native::vectorized_elementwise_kernel<(int)4, at::native::AddFunctor<float>, at::detail::Array<char *, (int)3>>(int, T2, T3)",[5804] python3.8," 6272,    1,    1","   64,    1,    1","44,896",0.04,"10,017.63",0.42,"288,512",1.20,64,"6,272",4.11
145,vectorized_elementwise_kernel,"void at::native::vectorized_elementwise_kernel<(int)4, at::native::<unnamed>::clamp_min_scalar_kernel_impl(at::TensorIterator &, c10::Scalar)::[lambda() (instance 1)]::operator ()() const::[lambda() (instance 8)]::operator ()() const::[lambda(float) (instance 1)], at::detail::Array<char *, (int)2>>(int, T2, T3)",[5804] python3.8," 6272,    1,    1","   64,    1,    1","38,315",0.03,"8,711.31",0.59,"351,232",1.26,64,"6,272",3.86
146,computeOffsetsKernel,cudnn::gemm::computeOffsetsKernel(cudnn::gemm::ComputeOffsetsParams),[5804] python3.8,"    2,    1,    1","  128,    1,    1","3,018",0.00,30.49,0.27,563,1.12,128,2,0.07
147,volta_scudnn_128x64_relu_interior_nn_v1,volta_scudnn_128x64_relu_interior_nn_v1,[5804] python3.8,"   13,    4,    1","  128,    1,    1","558,131",0.41,"107,816.60",2.27,"16,634,176",1.36,128,52,18.00
148,vectorized_elementwise_kernel,"void at::native::vectorized_elementwise_kernel<(int)4, at::native::BUnaryFunctor<at::native::AddFunctor<long>>, at::detail::Array<char *, (int)2>>(int, T2, T3)",[5804] python3.8,"    1,    1,    1","   64,    1,    1","3,182",0.00,19.03,0.05,65,1.13,64,1,0.01
149,bn_fw_tr_1C11_singleread,"void cudnn::detail::bn_fw_tr_1C11_singleread<float, (int)512, (bool)1, (int)1, (int)2, (int)0>(cudnnTensorStruct, const T1 *, cudnnTensorStruct, T1 *, const float *, const float *, float, float, float *, float *, float *, float *, float, float, cudnn::reduced_divisor, int, cudnn::reduced_divisor, cudnn::detail::bnFwPersistentState *, int, float, float, float, int, float, float, cudnnStatus_t *, bool)",[5804] python3.8,"  256,    1,    1","  512,    1,    1","44,546",0.03,"9,864.53",2.02,"1,357,824",1.30,512,256,11.39
150,vectorized_elementwise_kernel,"void at::native::vectorized_elementwise_kernel<(int)4, at::native::<unnamed>::clamp_min_scalar_kernel_impl(at::TensorIterator &, c10::Scalar)::[lambda() (instance 1)]::operator ()() const::[lambda() (instance 8)]::operator ()() const::[lambda(float) (instance 1)], at::detail::Array<char *, (int)2>>(int, T2, T3)",[5804] python3.8," 1568,    1,    1","   64,    1,    1","11,351",0.01,"2,233.63",0.58,"87,808",1.21,64,"1,568",3.25
151,generateWinogradTilesKernel,"void cudnn::winograd::generateWinogradTilesKernel<(int)0, float, float>(cudnn::winograd::GenerateWinogradTilesParams<T2, T3>)",[5804] python3.8,"    8,   64,    1","   32,    4,    1","30,382",0.02,"6,548.87",1.62,"720,896",1.27,128,512,8.94
152,volta_scudnn_winograd_128x128_ldg1_ldg4_relu_tile148t_nt_v1,volta_scudnn_winograd_128x128_ldg1_ldg4_relu_tile148t_nt_v1,[5804] python3.8,"   64,    2,    1","  256,    1,    1","807,625",0.59,"188,227.85",1.78,"22,782,976",1.36,256,128,16.39
153,vectorized_elementwise_kernel,"void at::native::vectorized_elementwise_kernel<(int)4, at::native::BUnaryFunctor<at::native::AddFunctor<long>>, at::detail::Array<char *, (int)2>>(int, T2, T3)",[5804] python3.8,"    1,    1,    1","   64,    1,    1","3,141",0.00,19.37,0.05,65,0.82,64,1,0.01
154,bn_fw_tr_1C11_singleread,"void cudnn::detail::bn_fw_tr_1C11_singleread<float, (int)512, (bool)1, (int)1, (int)2, (int)0>(cudnnTensorStruct, const T1 *, cudnnTensorStruct, T1 *, const float *, const float *, float, float, float *, float *, float *, float *, float, float, cudnn::reduced_divisor, int, cudnn::reduced_divisor, cudnn::detail::bnFwPersistentState *, int, float, float, float, int, float, float, cudnnStatus_t *, bool)",[5804] python3.8,"  256,    1,    1","  512,    1,    1","44,760",0.03,"9,929.96",2.01,"1,357,824",1.31,512,256,11.33
155,vectorized_elementwise_kernel,"void at::native::vectorized_elementwise_kernel<(int)4, at::native::<unnamed>::clamp_min_scalar_kernel_impl(at::TensorIterator &, c10::Scalar)::[lambda() (instance 1)]::operator ()() const::[lambda() (instance 8)]::operator ()() const::[lambda(float) (instance 1)], at::detail::Array<char *, (int)2>>(int, T2, T3)",[5804] python3.8," 1568,    1,    1","   64,    1,    1","11,587",0.01,"2,276.62",0.57,"87,808",1.18,64,"1,568",3.19
156,computeOffsetsKernel,cudnn::gemm::computeOffsetsKernel(cudnn::gemm::ComputeOffsetsParams),[5804] python3.8,"    2,    1,    1","  128,    1,    1","2,925",0.00,30.68,0.27,563,1.07,128,2,0.08
157,volta_scudnn_128x128_relu_interior_nn_v1,volta_scudnn_128x128_relu_interior_nn_v1,[5804] python3.8,"   13,    8,    1","  256,    1,    1","504,062",0.37,"109,546.16",2.24,"16,720,704",1.36,256,104,20.07
158,vectorized_elementwise_kernel,"void at::native::vectorized_elementwise_kernel<(int)4, at::native::BUnaryFunctor<at::native::AddFunctor<long>>, at::detail::Array<char *, (int)2>>(int, T2, T3)",[5804] python3.8,"    1,    1,    1","   64,    1,    1","3,200",0.00,19.47,0.05,65,0.77,64,1,0.01
159,bn_fw_tr_1C11_singleread,"void cudnn::detail::bn_fw_tr_1C11_singleread<float, (int)512, (bool)1, (int)1, (int)2, (int)0>(cudnnTensorStruct, const T1 *, cudnnTensorStruct, T1 *, const float *, const float *, float, float, float *, float *, float *, float *, float, float, cudnn::reduced_divisor, int, cudnn::reduced_divisor, cudnn::detail::bnFwPersistentState *, int, float, float, float, int, float, float, cudnnStatus_t *, bool)",[5804] python3.8," 1024,    1,    1","  512,    1,    1","169,507",0.13,"39,091.97",2.04,"5,431,296",1.33,512,"1,024",12.06
160,vectorized_elementwise_kernel,"void at::native::vectorized_elementwise_kernel<(int)4, at::native::AddFunctor<float>, at::detail::Array<char *, (int)3>>(int, T2, T3)",[5804] python3.8," 6272,    1,    1","   64,    1,    1","45,118",0.04,"10,108.09",0.42,"288,512",1.19,64,"6,272",4.09
161,vectorized_elementwise_kernel,"void at::native::vectorized_elementwise_kernel<(int)4, at::native::<unnamed>::clamp_min_scalar_kernel_impl(at::TensorIterator &, c10::Scalar)::[lambda() (instance 1)]::operator ()() const::[lambda() (instance 8)]::operator ()() const::[lambda(float) (instance 1)], at::detail::Array<char *, (int)2>>(int, T2, T3)",[5804] python3.8," 6272,    1,    1","   64,    1,    1","38,694",0.03,"8,568.47",0.60,"351,232",1.24,64,"6,272",3.82
162,computeOffsetsKernel,cudnn::gemm::computeOffsetsKernel(cudnn::gemm::ComputeOffsetsParams),[5804] python3.8,"    2,    1,    1","  128,    1,    1","4,937",0.00,30.76,0.27,563,1.79,128,2,0.05
163,volta_scudnn_128x64_relu_interior_nn_v1,volta_scudnn_128x64_relu_interior_nn_v1,[5804] python3.8,"   13,    4,    1","  128,    1,    1","559,390",0.41,"107,634.54",2.27,"16,634,176",1.37,128,52,17.96
164,vectorized_elementwise_kernel,"void at::native::vectorized_elementwise_kernel<(int)4, at::native::BUnaryFunctor<at::native::AddFunctor<long>>, at::detail::Array<char *, (int)2>>(int, T2, T3)",[5804] python3.8,"    1,    1,    1","   64,    1,    1","3,187",0.00,19.50,0.05,65,0.82,64,1,0.01
165,bn_fw_tr_1C11_singleread,"void cudnn::detail::bn_fw_tr_1C11_singleread<float, (int)512, (bool)1, (int)1, (int)2, (int)0>(cudnnTensorStruct, const T1 *, cudnnTensorStruct, T1 *, const float *, const float *, float, float, float *, float *, float *, float *, float, float, cudnn::reduced_divisor, int, cudnn::reduced_divisor, cudnn::detail::bnFwPersistentState *, int, float, float, float, int, float, float, cudnnStatus_t *, bool)",[5804] python3.8,"  256,    1,    1","  512,    1,    1","44,847",0.03,"9,954.40",2.01,"1,357,824",1.30,512,256,11.31
166,vectorized_elementwise_kernel,"void at::native::vectorized_elementwise_kernel<(int)4, at::native::<unnamed>::clamp_min_scalar_kernel_impl(at::TensorIterator &, c10::Scalar)::[lambda() (instance 1)]::operator ()() const::[lambda() (instance 8)]::operator ()() const::[lambda(float) (instance 1)], at::detail::Array<char *, (int)2>>(int, T2, T3)",[5804] python3.8," 1568,    1,    1","   64,    1,    1","11,490",0.01,"2,213.44",0.58,"87,808",1.23,64,"1,568",3.22
167,generateWinogradTilesKernel,"void cudnn::winograd::generateWinogradTilesKernel<(int)0, float, float>(cudnn::winograd::GenerateWinogradTilesParams<T2, T3>)",[5804] python3.8,"    8,   64,    1","   32,    4,    1","30,667",0.03,"6,596.21",1.61,"720,896",1.21,128,512,8.86
168,volta_scudnn_winograd_128x128_ldg1_ldg4_relu_tile148t_nt_v1,volta_scudnn_winograd_128x128_ldg1_ldg4_relu_tile148t_nt_v1,[5804] python3.8,"   64,    2,    1","  256,    1,    1","803,772",0.59,"189,024.57",1.77,"22,782,976",1.36,256,128,16.46
169,vectorized_elementwise_kernel,"void at::native::vectorized_elementwise_kernel<(int)4, at::native::BUnaryFunctor<at::native::AddFunctor<long>>, at::detail::Array<char *, (int)2>>(int, T2, T3)",[5804] python3.8,"    1,    1,    1","   64,    1,    1","3,238",0.00,18.71,0.05,65,1.15,64,1,0.01
170,bn_fw_tr_1C11_singleread,"void cudnn::detail::bn_fw_tr_1C11_singleread<float, (int)512, (bool)1, (int)1, (int)2, (int)0>(cudnnTensorStruct, const T1 *, cudnnTensorStruct, T1 *, const float *, const float *, float, float, float *, float *, float *, float *, float, float, cudnn::reduced_divisor, int, cudnn::reduced_divisor, cudnn::detail::bnFwPersistentState *, int, float, float, float, int, float, float, cudnnStatus_t *, bool)",[5804] python3.8,"  256,    1,    1","  512,    1,    1","44,420",0.03,"9,883.01",2.02,"1,357,824",1.27,512,256,11.42
171,vectorized_elementwise_kernel,"void at::native::vectorized_elementwise_kernel<(int)4, at::native::<unnamed>::clamp_min_scalar_kernel_impl(at::TensorIterator &, c10::Scalar)::[lambda() (instance 1)]::operator ()() const::[lambda() (instance 8)]::operator ()() const::[lambda(float) (instance 1)], at::detail::Array<char *, (int)2>>(int, T2, T3)",[5804] python3.8," 1568,    1,    1","   64,    1,    1","11,601",0.01,"2,232.72",0.58,"87,808",1.15,64,"1,568",3.18
172,computeOffsetsKernel,cudnn::gemm::computeOffsetsKernel(cudnn::gemm::ComputeOffsetsParams),[5804] python3.8,"    2,    1,    1","  128,    1,    1","3,019",0.00,30.87,0.27,563,1.14,128,2,0.07
173,volta_scudnn_128x128_relu_interior_nn_v1,volta_scudnn_128x128_relu_interior_nn_v1,[5804] python3.8,"   13,    8,    1","  256,    1,    1","503,659",0.37,"109,615.51",2.24,"16,720,704",1.36,256,104,20.09
174,vectorized_elementwise_kernel,"void at::native::vectorized_elementwise_kernel<(int)4, at::native::BUnaryFunctor<at::native::AddFunctor<long>>, at::detail::Array<char *, (int)2>>(int, T2, T3)",[5804] python3.8,"    1,    1,    1","   64,    1,    1","3,243",0.00,19.46,0.05,65,1.15,64,1,0.01
175,bn_fw_tr_1C11_singleread,"void cudnn::detail::bn_fw_tr_1C11_singleread<float, (int)512, (bool)1, (int)1, (int)2, (int)0>(cudnnTensorStruct, const T1 *, cudnnTensorStruct, T1 *, const float *, const float *, float, float, float *, float *, float *, float *, float, float, cudnn::reduced_divisor, int, cudnn::reduced_divisor, cudnn::detail::bnFwPersistentState *, int, float, float, float, int, float, float, cudnnStatus_t *, bool)",[5804] python3.8," 1024,    1,    1","  512,    1,    1","168,855",0.12,"39,106.09",2.04,"5,431,296",1.35,512,"1,024",11.98
176,vectorized_elementwise_kernel,"void at::native::vectorized_elementwise_kernel<(int)4, at::native::AddFunctor<float>, at::detail::Array<char *, (int)3>>(int, T2, T3)",[5804] python3.8," 6272,    1,    1","   64,    1,    1","49,017",0.04,"9,859.69",0.43,"288,512",1.36,64,"6,272",3.76
177,vectorized_elementwise_kernel,"void at::native::vectorized_elementwise_kernel<(int)4, at::native::<unnamed>::clamp_min_scalar_kernel_impl(at::TensorIterator &, c10::Scalar)::[lambda() (instance 1)]::operator ()() const::[lambda() (instance 8)]::operator ()() const::[lambda(float) (instance 1)], at::detail::Array<char *, (int)2>>(int, T2, T3)",[5804] python3.8," 6272,    1,    1","   64,    1,    1","39,161",0.03,"8,618.54",0.60,"351,232",1.26,64,"6,272",3.77
178,computeOffsetsKernel,cudnn::gemm::computeOffsetsKernel(cudnn::gemm::ComputeOffsetsParams),[5804] python3.8,"    2,    1,    1","  128,    1,    1","3,017",0.00,30.88,0.27,563,1.14,128,2,0.07
179,volta_scudnn_128x64_relu_interior_nn_v1,volta_scudnn_128x64_relu_interior_nn_v1,[5804] python3.8,"   13,    4,    1","  128,    1,    1","557,729",0.41,"107,745.50",2.27,"16,634,176",1.35,128,52,18.01
180,vectorized_elementwise_kernel,"void at::native::vectorized_elementwise_kernel<(int)4, at::native::BUnaryFunctor<at::native::AddFunctor<long>>, at::detail::Array<char *, (int)2>>(int, T2, T3)",[5804] python3.8,"    1,    1,    1","   64,    1,    1","3,257",0.00,18.84,0.05,65,1.17,64,1,0.01
181,bn_fw_tr_1C11_singleread,"void cudnn::detail::bn_fw_tr_1C11_singleread<float, (int)512, (bool)1, (int)1, (int)2, (int)0>(cudnnTensorStruct, const T1 *, cudnnTensorStruct, T1 *, const float *, const float *, float, float, float *, float *, float *, float *, float, float, cudnn::reduced_divisor, int, cudnn::reduced_divisor, cudnn::detail::bnFwPersistentState *, int, float, float, float, int, float, float, cudnnStatus_t *, bool)",[5804] python3.8,"  256,    1,    1","  512,    1,    1","44,211",0.03,"9,959.22",2.00,"1,357,824",1.30,512,256,11.48
182,vectorized_elementwise_kernel,"void at::native::vectorized_elementwise_kernel<(int)4, at::native::<unnamed>::clamp_min_scalar_kernel_impl(at::TensorIterator &, c10::Scalar)::[lambda() (instance 1)]::operator ()() const::[lambda() (instance 8)]::operator ()() const::[lambda(float) (instance 1)], at::detail::Array<char *, (int)2>>(int, T2, T3)",[5804] python3.8," 1568,    1,    1","   64,    1,    1","11,663",0.01,"2,172.91",0.59,"87,808",1.10,64,"1,568",3.17
183,generateWinogradTilesKernel,"void cudnn::winograd::generateWinogradTilesKernel<(int)0, float, float>(cudnn::winograd::GenerateWinogradTilesParams<T2, T3>)",[5804] python3.8,"    8,   64,    1","   32,    4,    1","30,507",0.02,"6,614.19",1.60,"720,896",1.26,128,512,8.90
184,volta_scudnn_winograd_128x128_ldg1_ldg4_relu_tile148t_nt_v1,volta_scudnn_winograd_128x128_ldg1_ldg4_relu_tile148t_nt_v1,[5804] python3.8,"   64,    2,    1","  256,    1,    1","804,308",0.59,"188,728.71",1.78,"22,782,976",1.36,256,128,16.45
185,vectorized_elementwise_kernel,"void at::native::vectorized_elementwise_kernel<(int)4, at::native::BUnaryFunctor<at::native::AddFunctor<long>>, at::detail::Array<char *, (int)2>>(int, T2, T3)",[5804] python3.8,"    1,    1,    1","   64,    1,    1","3,149",0.00,19.01,0.05,65,0.75,64,1,0.01
186,bn_fw_tr_1C11_singleread,"void cudnn::detail::bn_fw_tr_1C11_singleread<float, (int)512, (bool)1, (int)1, (int)2, (int)0>(cudnnTensorStruct, const T1 *, cudnnTensorStruct, T1 *, const float *, const float *, float, float, float *, float *, float *, float *, float, float, cudnn::reduced_divisor, int, cudnn::reduced_divisor, cudnn::detail::bnFwPersistentState *, int, float, float, float, int, float, float, cudnnStatus_t *, bool)",[5804] python3.8,"  256,    1,    1","  512,    1,    1","45,850",0.03,"9,982.74",2.00,"1,357,824",1.35,512,256,11.07
187,vectorized_elementwise_kernel,"void at::native::vectorized_elementwise_kernel<(int)4, at::native::<unnamed>::clamp_min_scalar_kernel_impl(at::TensorIterator &, c10::Scalar)::[lambda() (instance 1)]::operator ()() const::[lambda() (instance 8)]::operator ()() const::[lambda(float) (instance 1)], at::detail::Array<char *, (int)2>>(int, T2, T3)",[5804] python3.8," 1568,    1,    1","   64,    1,    1","12,771",0.01,"2,191.28",0.59,"87,808",1.30,64,"1,568",2.89
188,computeOffsetsKernel,cudnn::gemm::computeOffsetsKernel(cudnn::gemm::ComputeOffsetsParams),[5804] python3.8,"    2,    1,    1","  128,    1,    1","2,927",0.00,30.63,0.27,563,0.80,128,2,0.08
189,volta_scudnn_128x128_relu_interior_nn_v1,volta_scudnn_128x128_relu_interior_nn_v1,[5804] python3.8,"   13,    8,    1","  256,    1,    1","504,264",0.37,"109,587.88",2.24,"16,720,704",1.36,256,104,20.06
190,vectorized_elementwise_kernel,"void at::native::vectorized_elementwise_kernel<(int)4, at::native::BUnaryFunctor<at::native::AddFunctor<long>>, at::detail::Array<char *, (int)2>>(int, T2, T3)",[5804] python3.8,"    1,    1,    1","   64,    1,    1","3,173",0.00,19.32,0.05,65,1.10,64,1,0.01
191,bn_fw_tr_1C11_singleread,"void cudnn::detail::bn_fw_tr_1C11_singleread<float, (int)512, (bool)1, (int)1, (int)2, (int)0>(cudnnTensorStruct, const T1 *, cudnnTensorStruct, T1 *, const float *, const float *, float, float, float *, float *, float *, float *, float, float, cudnn::reduced_divisor, int, cudnn::reduced_divisor, cudnn::detail::bnFwPersistentState *, int, float, float, float, int, float, float, cudnnStatus_t *, bool)",[5804] python3.8," 1024,    1,    1","  512,    1,    1","168,994",0.13,"38,891.72",2.05,"5,431,296",1.32,512,"1,024",11.97
192,vectorized_elementwise_kernel,"void at::native::vectorized_elementwise_kernel<(int)4, at::native::AddFunctor<float>, at::detail::Array<char *, (int)3>>(int, T2, T3)",[5804] python3.8," 6272,    1,    1","   64,    1,    1","49,786",0.04,"10,126.19",0.42,"288,512",1.38,64,"6,272",3.71
193,vectorized_elementwise_kernel,"void at::native::vectorized_elementwise_kernel<(int)4, at::native::<unnamed>::clamp_min_scalar_kernel_impl(at::TensorIterator &, c10::Scalar)::[lambda() (instance 1)]::operator ()() const::[lambda() (instance 8)]::operator ()() const::[lambda(float) (instance 1)], at::detail::Array<char *, (int)2>>(int, T2, T3)",[5804] python3.8," 6272,    1,    1","   64,    1,    1","38,508",0.03,"8,478.87",0.61,"351,232",1.22,64,"6,272",3.84
194,computeOffsetsKernel,cudnn::gemm::computeOffsetsKernel(cudnn::gemm::ComputeOffsetsParams),[5804] python3.8,"    2,    1,    1","  128,    1,    1","3,023",0.00,30.62,0.27,563,1.11,128,2,0.07
195,volta_scudnn_128x64_relu_interior_nn_v1,volta_scudnn_128x64_relu_interior_nn_v1,[5804] python3.8,"   13,    4,    1","  128,    1,    1","555,928",0.41,"107,699.78",2.27,"16,634,176",1.36,128,52,18.07
196,vectorized_elementwise_kernel,"void at::native::vectorized_elementwise_kernel<(int)4, at::native::BUnaryFunctor<at::native::AddFunctor<long>>, at::detail::Array<char *, (int)2>>(int, T2, T3)",[5804] python3.8,"    1,    1,    1","   64,    1,    1","3,183",0.00,19.44,0.05,65,1.13,64,1,0.01
197,bn_fw_tr_1C11_singleread,"void cudnn::detail::bn_fw_tr_1C11_singleread<float, (int)512, (bool)1, (int)1, (int)2, (int)0>(cudnnTensorStruct, const T1 *, cudnnTensorStruct, T1 *, const float *, const float *, float, float, float *, float *, float *, float *, float, float, cudnn::reduced_divisor, int, cudnn::reduced_divisor, cudnn::detail::bnFwPersistentState *, int, float, float, float, int, float, float, cudnnStatus_t *, bool)",[5804] python3.8,"  256,    1,    1","  512,    1,    1","46,458",0.03,"9,955.96",2.01,"1,357,824",1.36,512,256,10.92
198,vectorized_elementwise_kernel,"void at::native::vectorized_elementwise_kernel<(int)4, at::native::<unnamed>::clamp_min_scalar_kernel_impl(at::TensorIterator &, c10::Scalar)::[lambda() (instance 1)]::operator ()() const::[lambda() (instance 8)]::operator ()() const::[lambda(float) (instance 1)], at::detail::Array<char *, (int)2>>(int, T2, T3)",[5804] python3.8," 1568,    1,    1","   64,    1,    1","11,391",0.01,"2,248.69",0.57,"87,808",1.13,64,"1,568",3.24
199,generateWinogradTilesKernel,"void cudnn::winograd::generateWinogradTilesKernel<(int)0, float, float>(cudnn::winograd::GenerateWinogradTilesParams<T2, T3>)",[5804] python3.8,"    8,   64,    1","   32,    4,    1","30,483",0.02,"6,529.94",1.62,"720,896",1.26,128,512,8.91
200,volta_scudnn_winograd_128x128_ldg1_ldg4_relu_tile148t_nt_v1,volta_scudnn_winograd_128x128_ldg1_ldg4_relu_tile148t_nt_v1,[5804] python3.8,"   64,    2,    1","  256,    1,    1","802,671",0.59,"188,105.56",1.78,"22,782,976",1.36,256,128,16.49
201,vectorized_elementwise_kernel,"void at::native::vectorized_elementwise_kernel<(int)4, at::native::BUnaryFunctor<at::native::AddFunctor<long>>, at::detail::Array<char *, (int)2>>(int, T2, T3)",[5804] python3.8,"    1,    1,    1","   64,    1,    1","3,199",0.00,18.63,0.05,65,1.12,64,1,0.01
202,bn_fw_tr_1C11_singleread,"void cudnn::detail::bn_fw_tr_1C11_singleread<float, (int)512, (bool)1, (int)1, (int)2, (int)0>(cudnnTensorStruct, const T1 *, cudnnTensorStruct, T1 *, const float *, const float *, float, float, float *, float *, float *, float *, float, float, cudnn::reduced_divisor, int, cudnn::reduced_divisor, cudnn::detail::bnFwPersistentState *, int, float, float, float, int, float, float, cudnnStatus_t *, bool)",[5804] python3.8,"  256,    1,    1","  512,    1,    1","44,317",0.03,"10,029.54",1.99,"1,357,824",1.29,512,256,11.45
203,vectorized_elementwise_kernel,"void at::native::vectorized_elementwise_kernel<(int)4, at::native::<unnamed>::clamp_min_scalar_kernel_impl(at::TensorIterator &, c10::Scalar)::[lambda() (instance 1)]::operator ()() const::[lambda() (instance 8)]::operator ()() const::[lambda(float) (instance 1)], at::detail::Array<char *, (int)2>>(int, T2, T3)",[5804] python3.8," 1568,    1,    1","   64,    1,    1","11,321",0.01,"2,291.97",0.56,"87,808",1.23,64,"1,568",3.26
204,computeOffsetsKernel,cudnn::gemm::computeOffsetsKernel(cudnn::gemm::ComputeOffsetsParams),[5804] python3.8,"    2,    1,    1","  128,    1,    1","4,785",0.00,30.57,0.27,563,1.78,128,2,0.05
205,volta_scudnn_128x128_relu_interior_nn_v1,volta_scudnn_128x128_relu_interior_nn_v1,[5804] python3.8,"   13,    8,    1","  256,    1,    1","504,102",0.37,"109,734.81",2.24,"16,720,704",1.36,256,104,20.07
206,vectorized_elementwise_kernel,"void at::native::vectorized_elementwise_kernel<(int)4, at::native::BUnaryFunctor<at::native::AddFunctor<long>>, at::detail::Array<char *, (int)2>>(int, T2, T3)",[5804] python3.8,"    1,    1,    1","   64,    1,    1","3,185",0.00,19.01,0.05,65,1.14,64,1,0.01
207,bn_fw_tr_1C11_singleread,"void cudnn::detail::bn_fw_tr_1C11_singleread<float, (int)512, (bool)1, (int)1, (int)2, (int)0>(cudnnTensorStruct, const T1 *, cudnnTensorStruct, T1 *, const float *, const float *, float, float, float *, float *, float *, float *, float, float, cudnn::reduced_divisor, int, cudnn::reduced_divisor, cudnn::detail::bnFwPersistentState *, int, float, float, float, int, float, float, cudnnStatus_t *, bool)",[5804] python3.8," 1024,    1,    1","  512,    1,    1","169,227",0.13,"38,942.40",2.05,"5,431,296",1.33,512,"1,024",11.95
208,vectorized_elementwise_kernel,"void at::native::vectorized_elementwise_kernel<(int)4, at::native::AddFunctor<float>, at::detail::Array<char *, (int)3>>(int, T2, T3)",[5804] python3.8," 6272,    1,    1","   64,    1,    1","44,665",0.04,"10,066.78",0.42,"288,512",1.18,64,"6,272",4.14
209,vectorized_elementwise_kernel,"void at::native::vectorized_elementwise_kernel<(int)4, at::native::<unnamed>::clamp_min_scalar_kernel_impl(at::TensorIterator &, c10::Scalar)::[lambda() (instance 1)]::operator ()() const::[lambda() (instance 8)]::operator ()() const::[lambda(float) (instance 1)], at::detail::Array<char *, (int)2>>(int, T2, T3)",[5804] python3.8," 6272,    1,    1","   64,    1,    1","42,173",0.03,"8,670.34",0.60,"351,232",1.38,64,"6,272",3.50
210,computeOffsetsKernel,cudnn::gemm::computeOffsetsKernel(cudnn::gemm::ComputeOffsetsParams),[5804] python3.8,"    2,    1,    1","  128,    1,    1","2,913",0.00,30.78,0.27,563,1.10,128,2,0.08
211,volta_scudnn_128x64_relu_interior_nn_v1,volta_scudnn_128x64_relu_interior_nn_v1,[5804] python3.8,"   13,    4,    1","  128,    1,    1","560,293",0.41,"107,726.44",2.27,"16,634,176",1.36,128,52,17.93
212,vectorized_elementwise_kernel,"void at::native::vectorized_elementwise_kernel<(int)4, at::native::BUnaryFunctor<at::native::AddFunctor<long>>, at::detail::Array<char *, (int)2>>(int, T2, T3)",[5804] python3.8,"    1,    1,    1","   64,    1,    1","5,057",0.00,19.22,0.05,65,1.79,64,1,0.01
213,bn_fw_tr_1C11_singleread,"void cudnn::detail::bn_fw_tr_1C11_singleread<float, (int)512, (bool)1, (int)1, (int)2, (int)0>(cudnnTensorStruct, const T1 *, cudnnTensorStruct, T1 *, const float *, const float *, float, float, float *, float *, float *, float *, float, float, cudnn::reduced_divisor, int, cudnn::reduced_divisor, cudnn::detail::bnFwPersistentState *, int, float, float, float, int, float, float, cudnnStatus_t *, bool)",[5804] python3.8,"  256,    1,    1","  512,    1,    1","44,222",0.04,"10,178.63",1.96,"1,357,824",1.26,512,256,11.47
214,vectorized_elementwise_kernel,"void at::native::vectorized_elementwise_kernel<(int)4, at::native::<unnamed>::clamp_min_scalar_kernel_impl(at::TensorIterator &, c10::Scalar)::[lambda() (instance 1)]::operator ()() const::[lambda() (instance 8)]::operator ()() const::[lambda(float) (instance 1)], at::detail::Array<char *, (int)2>>(int, T2, T3)",[5804] python3.8," 1568,    1,    1","   64,    1,    1","11,515",0.01,"2,160.06",0.60,"87,808",1.25,64,"1,568",3.21
215,generateWinogradTilesKernel,"void cudnn::winograd::generateWinogradTilesKernel<(int)0, float, float>(cudnn::winograd::GenerateWinogradTilesParams<T2, T3>)",[5804] python3.8,"    8,   64,    1","   32,    4,    1","30,564",0.02,"6,586.29",1.61,"720,896",1.27,128,512,8.89
216,volta_scudnn_winograd_128x128_ldg1_ldg4_relu_tile148t_nt_v1,volta_scudnn_winograd_128x128_ldg1_ldg4_relu_tile148t_nt_v1,[5804] python3.8,"   64,    2,    1","  256,    1,    1","806,126",0.59,"188,351.96",1.78,"22,782,976",1.37,256,128,16.42
217,vectorized_elementwise_kernel,"void at::native::vectorized_elementwise_kernel<(int)4, at::native::BUnaryFunctor<at::native::AddFunctor<long>>, at::detail::Array<char *, (int)2>>(int, T2, T3)",[5804] python3.8,"    1,    1,    1","   64,    1,    1","3,141",0.00,18.78,0.05,65,1.12,64,1,0.01
218,bn_fw_tr_1C11_singleread,"void cudnn::detail::bn_fw_tr_1C11_singleread<float, (int)512, (bool)1, (int)1, (int)2, (int)0>(cudnnTensorStruct, const T1 *, cudnnTensorStruct, T1 *, const float *, const float *, float, float, float *, float *, float *, float *, float, float, cudnn::reduced_divisor, int, cudnn::reduced_divisor, cudnn::detail::bnFwPersistentState *, int, float, float, float, int, float, float, cudnnStatus_t *, bool)",[5804] python3.8,"  256,    1,    1","  512,    1,    1","44,080",0.03,"9,906.22",2.02,"1,357,824",1.28,512,256,11.51
219,vectorized_elementwise_kernel,"void at::native::vectorized_elementwise_kernel<(int)4, at::native::<unnamed>::clamp_min_scalar_kernel_impl(at::TensorIterator &, c10::Scalar)::[lambda() (instance 1)]::operator ()() const::[lambda() (instance 8)]::operator ()() const::[lambda(float) (instance 1)], at::detail::Array<char *, (int)2>>(int, T2, T3)",[5804] python3.8," 1568,    1,    1","   64,    1,    1","11,370",0.01,"2,425.34",0.53,"87,808",1.19,64,"1,568",3.25
220,computeOffsetsKernel,cudnn::gemm::computeOffsetsKernel(cudnn::gemm::ComputeOffsetsParams),[5804] python3.8,"    2,    1,    1","  128,    1,    1","2,947",0.00,33.35,0.25,563,1.10,128,2,0.08
221,volta_scudnn_128x128_relu_interior_nn_v1,volta_scudnn_128x128_relu_interior_nn_v1,[5804] python3.8,"   13,    8,    1","  256,    1,    1","503,716",0.37,"109,674.62",2.24,"16,720,704",1.36,256,104,20.08
222,vectorized_elementwise_kernel,"void at::native::vectorized_elementwise_kernel<(int)4, at::native::BUnaryFunctor<at::native::AddFunctor<long>>, at::detail::Array<char *, (int)2>>(int, T2, T3)",[5804] python3.8,"    1,    1,    1","   64,    1,    1","3,240",0.00,19.35,0.05,65,1.14,64,1,0.01
223,bn_fw_tr_1C11_singleread,"void cudnn::detail::bn_fw_tr_1C11_singleread<float, (int)512, (bool)1, (int)1, (int)2, (int)0>(cudnnTensorStruct, const T1 *, cudnnTensorStruct, T1 *, const float *, const float *, float, float, float *, float *, float *, float *, float, float, cudnn::reduced_divisor, int, cudnn::reduced_divisor, cudnn::detail::bnFwPersistentState *, int, float, float, float, int, float, float, cudnnStatus_t *, bool)",[5804] python3.8," 1024,    1,    1","  512,    1,    1","167,865",0.13,"39,181.82",2.04,"5,431,296",1.34,512,"1,024",12.05
224,vectorized_elementwise_kernel,"void at::native::vectorized_elementwise_kernel<(int)4, at::native::AddFunctor<float>, at::detail::Array<char *, (int)3>>(int, T2, T3)",[5804] python3.8," 6272,    1,    1","   64,    1,    1","50,292",0.04,"10,168.75",0.42,"288,512",1.39,64,"6,272",3.67
225,vectorized_elementwise_kernel,"void at::native::vectorized_elementwise_kernel<(int)4, at::native::<unnamed>::clamp_min_scalar_kernel_impl(at::TensorIterator &, c10::Scalar)::[lambda() (instance 1)]::operator ()() const::[lambda() (instance 8)]::operator ()() const::[lambda(float) (instance 1)], at::detail::Array<char *, (int)2>>(int, T2, T3)",[5804] python3.8," 6272,    1,    1","   64,    1,    1","38,591",0.03,"8,443.82",0.61,"351,232",1.24,64,"6,272",3.83
226,computeOffsetsKernel,cudnn::gemm::computeOffsetsKernel(cudnn::gemm::ComputeOffsetsParams),[5804] python3.8,"    2,    1,    1","  128,    1,    1","4,379",0.00,30.71,0.27,563,1.61,128,2,0.05
227,volta_scudnn_128x128_relu_interior_nn_v1,volta_scudnn_128x128_relu_interior_nn_v1,[5804] python3.8,"   13,    4,    1","  256,    1,    1","1,087,681",0.80,"207,632.31",2.26,"31,922,592",1.37,256,52,18.47
228,vectorized_elementwise_kernel,"void at::native::vectorized_elementwise_kernel<(int)4, at::native::BUnaryFunctor<at::native::AddFunctor<long>>, at::detail::Array<char *, (int)2>>(int, T2, T3)",[5804] python3.8,"    1,    1,    1","   64,    1,    1","3,168",0.00,19.06,0.05,65,1.12,64,1,0.01
229,bn_fw_tr_1C11_singleread,"void cudnn::detail::bn_fw_tr_1C11_singleread<float, (int)512, (bool)1, (int)1, (int)2, (int)0>(cudnnTensorStruct, const T1 *, cudnnTensorStruct, T1 *, const float *, const float *, float, float, float *, float *, float *, float *, float, float, cudnn::reduced_divisor, int, cudnn::reduced_divisor, cudnn::detail::bnFwPersistentState *, int, float, float, float, int, float, float, cudnnStatus_t *, bool)",[5804] python3.8,"  512,    1,    1","  512,    1,    1","85,756",0.06,"19,431.34",2.06,"2,715,648",1.34,512,512,11.81
230,vectorized_elementwise_kernel,"void at::native::vectorized_elementwise_kernel<(int)4, at::native::<unnamed>::clamp_min_scalar_kernel_impl(at::TensorIterator &, c10::Scalar)::[lambda() (instance 1)]::operator ()() const::[lambda() (instance 8)]::operator ()() const::[lambda(float) (instance 1)], at::detail::Array<char *, (int)2>>(int, T2, T3)",[5804] python3.8," 3136,    1,    1","   64,    1,    1","19,836",0.02,"4,098.01",0.63,"175,616",1.22,64,"3,136",3.73
231,implicit_convolve_sgemm,"void cudnn::detail::implicit_convolve_sgemm<float, float, (int)1024, (int)5, (int)5, (int)3, (int)3, (int)3, (int)1, (bool)1, (bool)0, (bool)1>(int, int, int, const T1 *, int, T2 *, T1 *, kernel_conv_params, int, float, float, int, T2 *, T2 *, int, int)",[5804] python3.8,"   13,   16,    1","    8,    8,    1","2,476,278",1.82,"580,548.72",1.56,"61,522,832",1.36,64,208,11.39
232,vectorized_elementwise_kernel,"void at::native::vectorized_elementwise_kernel<(int)4, at::native::BUnaryFunctor<at::native::AddFunctor<long>>, at::detail::Array<char *, (int)2>>(int, T2, T3)",[5804] python3.8,"    1,    1,    1","   64,    1,    1","3,205",0.00,21.04,0.05,65,1.14,64,1,0.01
233,bn_fw_tr_1C11_singleread,"void cudnn::detail::bn_fw_tr_1C11_singleread<float, (int)512, (bool)1, (int)1, (int)2, (int)0>(cudnnTensorStruct, const T1 *, cudnnTensorStruct, T1 *, const float *, const float *, float, float, float *, float *, float *, float *, float, float, cudnn::reduced_divisor, int, cudnn::reduced_divisor, cudnn::detail::bnFwPersistentState *, int, float, float, float, int, float, float, cudnnStatus_t *, bool)",[5804] python3.8,"  512,    1,    1","  512,    1,    1","65,149",0.05,"14,758.01",1.82,"1,830,912",1.34,512,512,10.55
234,vectorized_elementwise_kernel,"void at::native::vectorized_elementwise_kernel<(int)4, at::native::<unnamed>::clamp_min_scalar_kernel_impl(at::TensorIterator &, c10::Scalar)::[lambda() (instance 1)]::operator ()() const::[lambda() (instance 8)]::operator ()() const::[lambda(float) (instance 1)], at::detail::Array<char *, (int)2>>(int, T2, T3)",[5804] python3.8,"  784,    1,    1","   64,    1,    1","7,240",0.01,"1,250.51",0.52,"43,904",1.23,64,784,2.55
235,computeOffsetsKernel,cudnn::gemm::computeOffsetsKernel(cudnn::gemm::ComputeOffsetsParams),[5804] python3.8,"    1,    1,    1","  128,    1,    1","2,876",0.00,15.24,0.17,179,1.06,128,1,0.03
236,volta_scudnn_128x128_relu_interior_nn_v1,volta_scudnn_128x128_relu_interior_nn_v1,[5804] python3.8,"    4,   16,    1","  256,    1,    1","559,716",0.41,"130,870.46",2.24,"19,956,224",1.36,256,64,22.14
237,vectorized_elementwise_kernel,"void at::native::vectorized_elementwise_kernel<(int)4, at::native::BUnaryFunctor<at::native::AddFunctor<long>>, at::detail::Array<char *, (int)2>>(int, T2, T3)",[5804] python3.8,"    1,    1,    1","   64,    1,    1","3,134",0.00,18.60,0.05,65,0.76,64,1,0.01
238,bn_fw_tr_1C11_singleread,"void cudnn::detail::bn_fw_tr_1C11_singleread<float, (int)512, (bool)1, (int)1, (int)2, (int)0>(cudnnTensorStruct, const T1 *, cudnnTensorStruct, T1 *, const float *, const float *, float, float, float *, float *, float *, float *, float, float, cudnn::reduced_divisor, int, cudnn::reduced_divisor, cudnn::detail::bnFwPersistentState *, int, float, float, float, int, float, float, cudnnStatus_t *, bool)",[5804] python3.8," 2048,    1,    1","  512,    1,    1","251,923",0.19,"59,168.68",1.82,"7,323,648",1.32,512,"2,048",10.89
239,computeOffsetsKernel,cudnn::gemm::computeOffsetsKernel(cudnn::gemm::ComputeOffsetsParams),[5804] python3.8,"    1,    1,    1","  128,    1,    1","2,863",0.00,15.19,0.17,179,0.76,128,1,0.03
240,volta_scudnn_128x64_relu_interior_nn_v1,volta_scudnn_128x64_relu_interior_nn_v1,[5804] python3.8,"    4,   32,    1","  128,    1,    1","1,190,257",0.88,"274,132.96",2.20,"40,945,664",1.36,128,128,20.78
241,vectorized_elementwise_kernel,"void at::native::vectorized_elementwise_kernel<(int)4, at::native::BUnaryFunctor<at::native::AddFunctor<long>>, at::detail::Array<char *, (int)2>>(int, T2, T3)",[5804] python3.8,"    1,    1,    1","   64,    1,    1","3,159",0.00,18.81,0.05,65,0.75,64,1,0.01
242,bn_fw_tr_1C11_singleread,"void cudnn::detail::bn_fw_tr_1C11_singleread<float, (int)512, (bool)1, (int)1, (int)2, (int)0>(cudnnTensorStruct, const T1 *, cudnnTensorStruct, T1 *, const float *, const float *, float, float, float *, float *, float *, float *, float, float, cudnn::reduced_divisor, int, cudnn::reduced_divisor, cudnn::detail::bnFwPersistentState *, int, float, float, float, int, float, float, cudnnStatus_t *, bool)",[5804] python3.8," 2048,    1,    1","  512,    1,    1","256,611",0.19,"58,450.75",1.84,"7,323,648",1.34,512,"2,048",10.69
243,vectorized_elementwise_kernel,"void at::native::vectorized_elementwise_kernel<(int)4, at::native::AddFunctor<float>, at::detail::Array<char *, (int)3>>(int, T2, T3)",[5804] python3.8," 3136,    1,    1","   64,    1,    1","26,792",0.02,"4,458.22",0.48,"144,256",1.43,64,"3,136",3.45
244,vectorized_elementwise_kernel,"void at::native::vectorized_elementwise_kernel<(int)4, at::native::<unnamed>::clamp_min_scalar_kernel_impl(at::TensorIterator &, c10::Scalar)::[lambda() (instance 1)]::operator ()() const::[lambda() (instance 8)]::operator ()() const::[lambda(float) (instance 1)], at::detail::Array<char *, (int)2>>(int, T2, T3)",[5804] python3.8," 3136,    1,    1","   64,    1,    1","23,924",0.02,"4,609.59",0.56,"175,616",1.43,64,"3,136",3.09
245,implicit_convolve_sgemm,"void cudnn::detail::implicit_convolve_sgemm<float, float, (int)1024, (int)5, (int)5, (int)3, (int)3, (int)3, (int)1, (bool)1, (bool)0, (bool)1>(int, int, int, const T1 *, int, T2 *, T1 *, kernel_conv_params, int, float, float, int, T2 *, T2 *, int, int)",[5804] python3.8,"   13,   16,    1","    8,    8,    1","972,319",0.71,"225,895.56",1.79,"27,443,200",1.36,64,208,12.91
246,vectorized_elementwise_kernel,"void at::native::vectorized_elementwise_kernel<(int)4, at::native::BUnaryFunctor<at::native::AddFunctor<long>>, at::detail::Array<char *, (int)2>>(int, T2, T3)",[5804] python3.8,"    1,    1,    1","   64,    1,    1","3,157",0.00,19.85,0.05,65,1.12,64,1,0.01
247,bn_fw_tr_1C11_singleread,"void cudnn::detail::bn_fw_tr_1C11_singleread<float, (int)512, (bool)1, (int)1, (int)2, (int)0>(cudnnTensorStruct, const T1 *, cudnnTensorStruct, T1 *, const float *, const float *, float, float, float *, float *, float *, float *, float, float, cudnn::reduced_divisor, int, cudnn::reduced_divisor, cudnn::detail::bnFwPersistentState *, int, float, float, float, int, float, float, cudnnStatus_t *, bool)",[5804] python3.8,"  512,    1,    1","  512,    1,    1","64,744",0.05,"14,652.10",1.84,"1,830,912",1.33,512,512,10.61
248,vectorized_elementwise_kernel,"void at::native::vectorized_elementwise_kernel<(int)4, at::native::<unnamed>::clamp_min_scalar_kernel_impl(at::TensorIterator &, c10::Scalar)::[lambda() (instance 1)]::operator ()() const::[lambda() (instance 8)]::operator ()() const::[lambda(float) (instance 1)], at::detail::Array<char *, (int)2>>(int, T2, T3)",[5804] python3.8,"  784,    1,    1","   64,    1,    1","7,527",0.01,"1,222.82",0.53,"43,904",1.28,64,784,2.45
249,generateWinogradTilesKernel,"void cudnn::winograd::generateWinogradTilesKernel<(int)0, float, float>(cudnn::winograd::GenerateWinogradTilesParams<T2, T3>)",[5804] python3.8,"   16,  128,    1","   32,    4,    1","114,651",0.09,"26,586.97",1.59,"2,883,584",1.35,128,"2,048",9.46
250,volta_scudnn_winograd_128x128_ldg1_ldg4_relu_tile148t_nt_v1,volta_scudnn_winograd_128x128_ldg1_ldg4_relu_tile148t_nt_v1,[5804] python3.8,"  128,    1,    1","  256,    1,    1","1,552,935",1.14,"363,765.43",1.81,"44,803,072",1.36,256,128,16.96
251,vectorized_elementwise_kernel,"void at::native::vectorized_elementwise_kernel<(int)4, at::native::BUnaryFunctor<at::native::AddFunctor<long>>, at::detail::Array<char *, (int)2>>(int, T2, T3)",[5804] python3.8,"    1,    1,    1","   64,    1,    1","3,147",0.00,18.94,0.05,65,0.79,64,1,0.01
252,bn_fw_tr_1C11_singleread,"void cudnn::detail::bn_fw_tr_1C11_singleread<float, (int)512, (bool)1, (int)1, (int)2, (int)0>(cudnnTensorStruct, const T1 *, cudnnTensorStruct, T1 *, const float *, const float *, float, float, float *, float *, float *, float *, float, float, cudnn::reduced_divisor, int, cudnn::reduced_divisor, cudnn::detail::bnFwPersistentState *, int, float, float, float, int, float, float, cudnnStatus_t *, bool)",[5804] python3.8,"  512,    1,    1","  512,    1,    1","64,778",0.05,"14,827.10",1.82,"1,830,912",1.33,512,512,10.61
253,vectorized_elementwise_kernel,"void at::native::vectorized_elementwise_kernel<(int)4, at::native::<unnamed>::clamp_min_scalar_kernel_impl(at::TensorIterator &, c10::Scalar)::[lambda() (instance 1)]::operator ()() const::[lambda() (instance 8)]::operator ()() const::[lambda(float) (instance 1)], at::detail::Array<char *, (int)2>>(int, T2, T3)",[5804] python3.8,"  784,    1,    1","   64,    1,    1","7,414",0.01,"1,213.28",0.53,"43,904",1.01,64,784,2.49
254,computeOffsetsKernel,cudnn::gemm::computeOffsetsKernel(cudnn::gemm::ComputeOffsetsParams),[5804] python3.8,"    1,    1,    1","  128,    1,    1","4,814",0.00,15.76,0.17,179,1.75,128,1,0.02
255,volta_scudnn_128x128_relu_interior_nn_v1,volta_scudnn_128x128_relu_interior_nn_v1,[5804] python3.8,"    4,   16,    1","  256,    1,    1","560,485",0.41,"130,974.16",2.24,"19,956,224",1.36,256,64,22.11
256,vectorized_elementwise_kernel,"void at::native::vectorized_elementwise_kernel<(int)4, at::native::BUnaryFunctor<at::native::AddFunctor<long>>, at::detail::Array<char *, (int)2>>(int, T2, T3)",[5804] python3.8,"    1,    1,    1","   64,    1,    1","3,168",0.00,21.44,0.04,65,1.14,64,1,0.01
257,bn_fw_tr_1C11_singleread,"void cudnn::detail::bn_fw_tr_1C11_singleread<float, (int)512, (bool)1, (int)1, (int)2, (int)0>(cudnnTensorStruct, const T1 *, cudnnTensorStruct, T1 *, const float *, const float *, float, float, float *, float *, float *, float *, float, float, cudnn::reduced_divisor, int, cudnn::reduced_divisor, cudnn::detail::bnFwPersistentState *, int, float, float, float, int, float, float, cudnnStatus_t *, bool)",[5804] python3.8," 2048,    1,    1","  512,    1,    1","253,950",0.19,"58,889.76",1.83,"7,323,648",1.37,512,"2,048",10.80
258,vectorized_elementwise_kernel,"void at::native::vectorized_elementwise_kernel<(int)4, at::native::AddFunctor<float>, at::detail::Array<char *, (int)3>>(int, T2, T3)",[5804] python3.8," 3136,    1,    1","   64,    1,    1","27,435",0.02,"4,596.43",0.46,"144,256",1.48,64,"3,136",3.37
259,vectorized_elementwise_kernel,"void at::native::vectorized_elementwise_kernel<(int)4, at::native::<unnamed>::clamp_min_scalar_kernel_impl(at::TensorIterator &, c10::Scalar)::[lambda() (instance 1)]::operator ()() const::[lambda() (instance 8)]::operator ()() const::[lambda(float) (instance 1)], at::detail::Array<char *, (int)2>>(int, T2, T3)",[5804] python3.8," 3136,    1,    1","   64,    1,    1","20,117",0.02,"4,175.35",0.62,"175,616",1.19,64,"3,136",3.67
260,implicit_convolve_sgemm,"void cudnn::detail::implicit_convolve_sgemm<float, float, (int)1024, (int)5, (int)5, (int)3, (int)3, (int)3, (int)1, (bool)1, (bool)0, (bool)1>(int, int, int, const T1 *, int, T2 *, T1 *, kernel_conv_params, int, float, float, int, T2 *, T2 *, int, int)",[5804] python3.8,"   13,   16,    1","    8,    8,    1","971,943",0.71,"226,547.37",1.78,"27,443,200",1.37,64,208,12.92
261,vectorized_elementwise_kernel,"void at::native::vectorized_elementwise_kernel<(int)4, at::native::BUnaryFunctor<at::native::AddFunctor<long>>, at::detail::Array<char *, (int)2>>(int, T2, T3)",[5804] python3.8,"    1,    1,    1","   64,    1,    1","3,187",0.00,19.32,0.05,65,1.12,64,1,0.01
262,bn_fw_tr_1C11_singleread,"void cudnn::detail::bn_fw_tr_1C11_singleread<float, (int)512, (bool)1, (int)1, (int)2, (int)0>(cudnnTensorStruct, const T1 *, cudnnTensorStruct, T1 *, const float *, const float *, float, float, float *, float *, float *, float *, float, float, cudnn::reduced_divisor, int, cudnn::reduced_divisor, cudnn::detail::bnFwPersistentState *, int, float, float, float, int, float, float, cudnnStatus_t *, bool)",[5804] python3.8,"  512,    1,    1","  512,    1,    1","64,973",0.05,"14,822.43",1.82,"1,830,912",1.33,512,512,10.58
263,vectorized_elementwise_kernel,"void at::native::vectorized_elementwise_kernel<(int)4, at::native::<unnamed>::clamp_min_scalar_kernel_impl(at::TensorIterator &, c10::Scalar)::[lambda() (instance 1)]::operator ()() const::[lambda() (instance 8)]::operator ()() const::[lambda(float) (instance 1)], at::detail::Array<char *, (int)2>>(int, T2, T3)",[5804] python3.8,"  784,    1,    1","   64,    1,    1","7,469",0.01,"1,384.46",0.47,"43,904",1.25,64,784,2.47
264,generateWinogradTilesKernel,"void cudnn::winograd::generateWinogradTilesKernel<(int)0, float, float>(cudnn::winograd::GenerateWinogradTilesParams<T2, T3>)",[5804] python3.8,"   16,  128,    1","   32,    4,    1","116,195",0.09,"26,358.28",1.61,"2,883,584",1.34,128,"2,048",9.34
265,volta_scudnn_winograd_128x128_ldg1_ldg4_relu_tile148t_nt_v1,volta_scudnn_winograd_128x128_ldg1_ldg4_relu_tile148t_nt_v1,[5804] python3.8,"  128,    1,    1","  256,    1,    1","1,550,431",1.14,"364,020.37",1.81,"44,803,072",1.36,256,128,16.99
266,vectorized_elementwise_kernel,"void at::native::vectorized_elementwise_kernel<(int)4, at::native::BUnaryFunctor<at::native::AddFunctor<long>>, at::detail::Array<char *, (int)2>>(int, T2, T3)",[5804] python3.8,"    1,    1,    1","   64,    1,    1","3,170",0.00,20.97,0.05,65,1.13,64,1,0.01
267,bn_fw_tr_1C11_singleread,"void cudnn::detail::bn_fw_tr_1C11_singleread<float, (int)512, (bool)1, (int)1, (int)2, (int)0>(cudnnTensorStruct, const T1 *, cudnnTensorStruct, T1 *, const float *, const float *, float, float, float *, float *, float *, float *, float, float, cudnn::reduced_divisor, int, cudnn::reduced_divisor, cudnn::detail::bnFwPersistentState *, int, float, float, float, int, float, float, cudnnStatus_t *, bool)",[5804] python3.8,"  512,    1,    1","  512,    1,    1","66,567",0.05,"14,706.10",1.83,"1,830,912",1.38,512,512,10.32
268,vectorized_elementwise_kernel,"void at::native::vectorized_elementwise_kernel<(int)4, at::native::<unnamed>::clamp_min_scalar_kernel_impl(at::TensorIterator &, c10::Scalar)::[lambda() (instance 1)]::operator ()() const::[lambda() (instance 8)]::operator ()() const::[lambda(float) (instance 1)], at::detail::Array<char *, (int)2>>(int, T2, T3)",[5804] python3.8,"  784,    1,    1","   64,    1,    1","7,400",0.01,"1,247.43",0.52,"43,904",1.23,64,784,2.50
269,computeOffsetsKernel,cudnn::gemm::computeOffsetsKernel(cudnn::gemm::ComputeOffsetsParams),[5804] python3.8,"    1,    1,    1","  128,    1,    1","2,924",0.00,15.59,0.17,179,1.07,128,1,0.02
270,volta_scudnn_128x128_relu_interior_nn_v1,volta_scudnn_128x128_relu_interior_nn_v1,[5804] python3.8,"    4,   16,    1","  256,    1,    1","559,932",0.41,"130,796.60",2.24,"19,956,224",1.36,256,64,22.13
271,vectorized_elementwise_kernel,"void at::native::vectorized_elementwise_kernel<(int)4, at::native::BUnaryFunctor<at::native::AddFunctor<long>>, at::detail::Array<char *, (int)2>>(int, T2, T3)",[5804] python3.8,"    1,    1,    1","   64,    1,    1","3,151",0.00,18.94,0.05,65,1.12,64,1,0.01
272,bn_fw_tr_1C11_singleread,"void cudnn::detail::bn_fw_tr_1C11_singleread<float, (int)512, (bool)1, (int)1, (int)2, (int)0>(cudnnTensorStruct, const T1 *, cudnnTensorStruct, T1 *, const float *, const float *, float, float, float *, float *, float *, float *, float, float, cudnn::reduced_divisor, int, cudnn::reduced_divisor, cudnn::detail::bnFwPersistentState *, int, float, float, float, int, float, float, cudnnStatus_t *, bool)",[5804] python3.8," 2048,    1,    1","  512,    1,    1","252,760",0.19,"58,619.91",1.84,"7,323,648",1.33,512,"2,048",10.85
273,vectorized_elementwise_kernel,"void at::native::vectorized_elementwise_kernel<(int)4, at::native::AddFunctor<float>, at::detail::Array<char *, (int)3>>(int, T2, T3)",[5804] python3.8," 3136,    1,    1","   64,    1,    1","21,035",0.02,"4,351.87",0.49,"144,256",1.02,64,"3,136",4.39
274,vectorized_elementwise_kernel,"void at::native::vectorized_elementwise_kernel<(int)4, at::native::<unnamed>::clamp_min_scalar_kernel_impl(at::TensorIterator &, c10::Scalar)::[lambda() (instance 1)]::operator ()() const::[lambda() (instance 8)]::operator ()() const::[lambda(float) (instance 1)], at::detail::Array<char *, (int)2>>(int, T2, T3)",[5804] python3.8," 3136,    1,    1","   64,    1,    1","21,968",0.02,"4,109.19",0.63,"175,616",1.38,64,"3,136",3.36
275,reduce_kernel,"void at::native::reduce_kernel<(int)512, (int)1, at::native::ReduceOp<float, at::native::MeanOps<float, float>, unsigned int, float, (int)4>>(T3)",[5804] python3.8," 1024,    1,    1","   32,   16,    1","89,409",0.07,"20,480.21",2.18,"3,031,040",1.26,512,"1,024",13.16
276,unrolled_elementwise_kernel,"void at::native::unrolled_elementwise_kernel<at::native::copy_device_to_device(at::TensorIterator &, bool)::[lambda() (instance 2)]::operator ()() const::[lambda() (instance 8)]::operator ()() const::[lambda(float) (instance 1)], at::detail::Array<char *, (int)2>, OffsetCalculator<(int)1, unsigned int>, OffsetCalculator<(int)1, unsigned int>, at::native::memory::LoadWithoutCast, at::native::memory::StoreWithoutCast>(int, T1, T2, T3, T4, T5, T6)",[5804] python3.8,"   32,    1,    1","   64,    1,    1","4,278",0.01,542.91,0.37,"13,538",0.75,64,32,1.23
277,volta_sgemm_128x32_sliced1x4_tn,volta_sgemm_128x32_sliced1x4_tn,[5804] python3.8,"    8,    1,    2","  256,    1,    1","107,163",0.08,"23,802.28",1.70,"2,748,753",1.35,256,16,14.52
