ID,Function Name,Demangled Name,,,,,,,,smsp__inst_executed.sum [inst]
0,computeOffsetsKernel,cudnn::gemm::computeOffsetsKernel(cudnn::gemm::ComputeOffsetsParams),,,,,,,,"30,624"
1,volta_scudnn_128x64_relu_medium_nn_v1,volta_scudnn_128x64_relu_medium_nn_v1,,,,,,,,"42,640,192"
2,vectorized_elementwise_kernel,"void at::native::vectorized_elementwise_kernel<(int)4, at::native::BUnaryFunctor<at::native::AddFunctor<long>>, at::detail::Array<char *, (int)2>>(int, T2, T3)",,,,,,,,65
3,bn_fw_tr_1C11_kernel_NCHW,"void cudnn::detail::bn_fw_tr_1C11_kernel_NCHW<float, float, (int)512, (bool)1, (int)1>(cudnnTensorStruct, const T1 *, cudnnTensorStruct, T1 *, const T2 *, const T2 *, T2, T2, T2 *, T2 *, T2 *, T2 *, T2, T2)",,,,,,,,"5,830,272"
4,vectorized_elementwise_kernel,"void at::native::vectorized_elementwise_kernel<(int)4, at::native::<unnamed>::clamp_min_scalar_kernel_impl(at::TensorIterator &, c10::Scalar)::[lambda() (instance 1)]::operator ()() const::[lambda() (instance 8)]::operator ()() const::[lambda(float) (instance 1)], at::detail::Array<char *, (int)2>>(int, T2, T3)",,,,,,,,"1,404,928"
5,max_pool_forward_nchw,"void at::native::<unnamed>::max_pool_forward_nchw<float, float>(int, const T1 *, int, int, int, int, int, int, int, int, int, int, int, int, int, int, T1 *, long *)",,,,,,,,"14,018,560"
6,computeOffsetsKernel,cudnn::gemm::computeOffsetsKernel(cudnn::gemm::ComputeOffsetsParams),,,,,,,,"7,680"
7,volta_scudnn_128x64_relu_interior_nn_v1,volta_scudnn_128x64_relu_interior_nn_v1,,,,,,,,"4,838,848"
8,vectorized_elementwise_kernel,"void at::native::vectorized_elementwise_kernel<(int)4, at::native::BUnaryFunctor<at::native::AddFunctor<long>>, at::detail::Array<char *, (int)2>>(int, T2, T3)",,,,,,,,65
9,bn_fw_tr_1C11_kernel_NCHW,"void cudnn::detail::bn_fw_tr_1C11_kernel_NCHW<float, float, (int)512, (bool)1, (int)1>(cudnnTensorStruct, const T1 *, cudnnTensorStruct, T1 *, const T2 *, const T2 *, T2, T2, T2 *, T2 *, T2 *, T2 *, T2, T2)",,,,,,,,"1,653,888"
10,vectorized_elementwise_kernel,"void at::native::vectorized_elementwise_kernel<(int)4, at::native::<unnamed>::clamp_min_scalar_kernel_impl(at::TensorIterator &, c10::Scalar)::[lambda() (instance 1)]::operator ()() const::[lambda() (instance 8)]::operator ()() const::[lambda(float) (instance 1)], at::detail::Array<char *, (int)2>>(int, T2, T3)",,,,,,,,"351,232"
11,generateWinogradTilesKernel,"void cudnn::winograd::generateWinogradTilesKernel<(int)0, float, float>(cudnn::winograd::GenerateWinogradTilesParams<T2, T3>)",,,,,,,,"45,056"
12,volta_scudnn_winograd_128x128_ldg1_ldg4_relu_tile148t_nt_v1,volta_scudnn_winograd_128x128_ldg1_ldg4_relu_tile148t_nt_v1,,,,,,,,"21,937,664"
13,vectorized_elementwise_kernel,"void at::native::vectorized_elementwise_kernel<(int)4, at::native::BUnaryFunctor<at::native::AddFunctor<long>>, at::detail::Array<char *, (int)2>>(int, T2, T3)",,,,,,,,65
14,bn_fw_tr_1C11_kernel_NCHW,"void cudnn::detail::bn_fw_tr_1C11_kernel_NCHW<float, float, (int)512, (bool)1, (int)1>(cudnnTensorStruct, const T1 *, cudnnTensorStruct, T1 *, const T2 *, const T2 *, T2, T2, T2 *, T2 *, T2 *, T2 *, T2, T2)",,,,,,,,"1,653,888"
15,vectorized_elementwise_kernel,"void at::native::vectorized_elementwise_kernel<(int)4, at::native::<unnamed>::clamp_min_scalar_kernel_impl(at::TensorIterator &, c10::Scalar)::[lambda() (instance 1)]::operator ()() const::[lambda() (instance 8)]::operator ()() const::[lambda(float) (instance 1)], at::detail::Array<char *, (int)2>>(int, T2, T3)",,,,,,,,"351,232"
16,computeOffsetsKernel,cudnn::gemm::computeOffsetsKernel(cudnn::gemm::ComputeOffsetsParams),,,,,,,,"7,680"
17,volta_scudnn_128x64_relu_interior_nn_v1,volta_scudnn_128x64_relu_interior_nn_v1,,,,,,,,"19,355,392"
18,vectorized_elementwise_kernel,"void at::native::vectorized_elementwise_kernel<(int)4, at::native::BUnaryFunctor<at::native::AddFunctor<long>>, at::detail::Array<char *, (int)2>>(int, T2, T3)",,,,,,,,65
19,bn_fw_tr_1C11_kernel_NCHW,"void cudnn::detail::bn_fw_tr_1C11_kernel_NCHW<float, float, (int)512, (bool)1, (int)1>(cudnnTensorStruct, const T1 *, cudnnTensorStruct, T1 *, const T2 *, const T2 *, T2, T2, T2 *, T2 *, T2 *, T2 *, T2, T2)",,,,,,,,"6,615,552"
20,computeOffsetsKernel,cudnn::gemm::computeOffsetsKernel(cudnn::gemm::ComputeOffsetsParams),,,,,,,,"7,680"
21,volta_scudnn_128x64_relu_interior_nn_v1,volta_scudnn_128x64_relu_interior_nn_v1,,,,,,,,"19,355,392"
22,vectorized_elementwise_kernel,"void at::native::vectorized_elementwise_kernel<(int)4, at::native::BUnaryFunctor<at::native::AddFunctor<long>>, at::detail::Array<char *, (int)2>>(int, T2, T3)",,,,,,,,65
23,bn_fw_tr_1C11_kernel_NCHW,"void cudnn::detail::bn_fw_tr_1C11_kernel_NCHW<float, float, (int)512, (bool)1, (int)1>(cudnnTensorStruct, const T1 *, cudnnTensorStruct, T1 *, const T2 *, const T2 *, T2, T2, T2 *, T2 *, T2 *, T2 *, T2, T2)",,,,,,,,"6,615,552"
24,vectorized_elementwise_kernel,"void at::native::vectorized_elementwise_kernel<(int)4, at::native::AddFunctor<float>, at::detail::Array<char *, (int)3>>(int, T2, T3)",,,,,,,,"1,154,048"
25,vectorized_elementwise_kernel,"void at::native::vectorized_elementwise_kernel<(int)4, at::native::<unnamed>::clamp_min_scalar_kernel_impl(at::TensorIterator &, c10::Scalar)::[lambda() (instance 1)]::operator ()() const::[lambda() (instance 8)]::operator ()() const::[lambda(float) (instance 1)], at::detail::Array<char *, (int)2>>(int, T2, T3)",,,,,,,,"1,404,928"
26,computeOffsetsKernel,cudnn::gemm::computeOffsetsKernel(cudnn::gemm::ComputeOffsetsParams),,,,,,,,"7,680"
27,volta_scudnn_128x64_relu_interior_nn_v1,volta_scudnn_128x64_relu_interior_nn_v1,,,,,,,,"16,410,688"
28,vectorized_elementwise_kernel,"void at::native::vectorized_elementwise_kernel<(int)4, at::native::BUnaryFunctor<at::native::AddFunctor<long>>, at::detail::Array<char *, (int)2>>(int, T2, T3)",,,,,,,,65
29,bn_fw_tr_1C11_kernel_NCHW,"void cudnn::detail::bn_fw_tr_1C11_kernel_NCHW<float, float, (int)512, (bool)1, (int)1>(cudnnTensorStruct, const T1 *, cudnnTensorStruct, T1 *, const T2 *, const T2 *, T2, T2, T2 *, T2 *, T2 *, T2 *, T2, T2)",,,,,,,,"1,653,888"
30,vectorized_elementwise_kernel,"void at::native::vectorized_elementwise_kernel<(int)4, at::native::<unnamed>::clamp_min_scalar_kernel_impl(at::TensorIterator &, c10::Scalar)::[lambda() (instance 1)]::operator ()() const::[lambda() (instance 8)]::operator ()() const::[lambda(float) (instance 1)], at::detail::Array<char *, (int)2>>(int, T2, T3)",,,,,,,,"351,232"
31,generateWinogradTilesKernel,"void cudnn::winograd::generateWinogradTilesKernel<(int)0, float, float>(cudnn::winograd::GenerateWinogradTilesParams<T2, T3>)",,,,,,,,"45,056"
32,volta_scudnn_winograd_128x128_ldg1_ldg4_relu_tile148t_nt_v1,volta_scudnn_winograd_128x128_ldg1_ldg4_relu_tile148t_nt_v1,,,,,,,,"21,937,664"
33,vectorized_elementwise_kernel,"void at::native::vectorized_elementwise_kernel<(int)4, at::native::BUnaryFunctor<at::native::AddFunctor<long>>, at::detail::Array<char *, (int)2>>(int, T2, T3)",,,,,,,,65
34,bn_fw_tr_1C11_kernel_NCHW,"void cudnn::detail::bn_fw_tr_1C11_kernel_NCHW<float, float, (int)512, (bool)1, (int)1>(cudnnTensorStruct, const T1 *, cudnnTensorStruct, T1 *, const T2 *, const T2 *, T2, T2, T2 *, T2 *, T2 *, T2 *, T2, T2)",,,,,,,,"1,653,888"
35,vectorized_elementwise_kernel,"void at::native::vectorized_elementwise_kernel<(int)4, at::native::<unnamed>::clamp_min_scalar_kernel_impl(at::TensorIterator &, c10::Scalar)::[lambda() (instance 1)]::operator ()() const::[lambda() (instance 8)]::operator ()() const::[lambda(float) (instance 1)], at::detail::Array<char *, (int)2>>(int, T2, T3)",,,,,,,,"351,232"
36,computeOffsetsKernel,cudnn::gemm::computeOffsetsKernel(cudnn::gemm::ComputeOffsetsParams),,,,,,,,"7,680"
37,volta_scudnn_128x64_relu_interior_nn_v1,volta_scudnn_128x64_relu_interior_nn_v1,,,,,,,,"19,355,392"
38,vectorized_elementwise_kernel,"void at::native::vectorized_elementwise_kernel<(int)4, at::native::BUnaryFunctor<at::native::AddFunctor<long>>, at::detail::Array<char *, (int)2>>(int, T2, T3)",,,,,,,,65
39,bn_fw_tr_1C11_kernel_NCHW,"void cudnn::detail::bn_fw_tr_1C11_kernel_NCHW<float, float, (int)512, (bool)1, (int)1>(cudnnTensorStruct, const T1 *, cudnnTensorStruct, T1 *, const T2 *, const T2 *, T2, T2, T2 *, T2 *, T2 *, T2 *, T2, T2)",,,,,,,,"6,615,552"
40,vectorized_elementwise_kernel,"void at::native::vectorized_elementwise_kernel<(int)4, at::native::AddFunctor<float>, at::detail::Array<char *, (int)3>>(int, T2, T3)",,,,,,,,"1,154,048"
41,vectorized_elementwise_kernel,"void at::native::vectorized_elementwise_kernel<(int)4, at::native::<unnamed>::clamp_min_scalar_kernel_impl(at::TensorIterator &, c10::Scalar)::[lambda() (instance 1)]::operator ()() const::[lambda() (instance 8)]::operator ()() const::[lambda(float) (instance 1)], at::detail::Array<char *, (int)2>>(int, T2, T3)",,,,,,,,"1,404,928"
42,computeOffsetsKernel,cudnn::gemm::computeOffsetsKernel(cudnn::gemm::ComputeOffsetsParams),,,,,,,,"7,680"
43,volta_scudnn_128x64_relu_interior_nn_v1,volta_scudnn_128x64_relu_interior_nn_v1,,,,,,,,"16,410,688"
44,vectorized_elementwise_kernel,"void at::native::vectorized_elementwise_kernel<(int)4, at::native::BUnaryFunctor<at::native::AddFunctor<long>>, at::detail::Array<char *, (int)2>>(int, T2, T3)",,,,,,,,65
45,bn_fw_tr_1C11_kernel_NCHW,"void cudnn::detail::bn_fw_tr_1C11_kernel_NCHW<float, float, (int)512, (bool)1, (int)1>(cudnnTensorStruct, const T1 *, cudnnTensorStruct, T1 *, const T2 *, const T2 *, T2, T2, T2 *, T2 *, T2 *, T2 *, T2, T2)",,,,,,,,"1,653,888"
46,vectorized_elementwise_kernel,"void at::native::vectorized_elementwise_kernel<(int)4, at::native::<unnamed>::clamp_min_scalar_kernel_impl(at::TensorIterator &, c10::Scalar)::[lambda() (instance 1)]::operator ()() const::[lambda() (instance 8)]::operator ()() const::[lambda(float) (instance 1)], at::detail::Array<char *, (int)2>>(int, T2, T3)",,,,,,,,"351,232"
47,generateWinogradTilesKernel,"void cudnn::winograd::generateWinogradTilesKernel<(int)0, float, float>(cudnn::winograd::GenerateWinogradTilesParams<T2, T3>)",,,,,,,,"45,056"
48,volta_scudnn_winograd_128x128_ldg1_ldg4_relu_tile148t_nt_v1,volta_scudnn_winograd_128x128_ldg1_ldg4_relu_tile148t_nt_v1,,,,,,,,"21,937,664"
49,vectorized_elementwise_kernel,"void at::native::vectorized_elementwise_kernel<(int)4, at::native::BUnaryFunctor<at::native::AddFunctor<long>>, at::detail::Array<char *, (int)2>>(int, T2, T3)",,,,,,,,65
50,bn_fw_tr_1C11_kernel_NCHW,"void cudnn::detail::bn_fw_tr_1C11_kernel_NCHW<float, float, (int)512, (bool)1, (int)1>(cudnnTensorStruct, const T1 *, cudnnTensorStruct, T1 *, const T2 *, const T2 *, T2, T2, T2 *, T2 *, T2 *, T2 *, T2, T2)",,,,,,,,"1,653,888"
51,vectorized_elementwise_kernel,"void at::native::vectorized_elementwise_kernel<(int)4, at::native::<unnamed>::clamp_min_scalar_kernel_impl(at::TensorIterator &, c10::Scalar)::[lambda() (instance 1)]::operator ()() const::[lambda() (instance 8)]::operator ()() const::[lambda(float) (instance 1)], at::detail::Array<char *, (int)2>>(int, T2, T3)",,,,,,,,"351,232"
52,computeOffsetsKernel,cudnn::gemm::computeOffsetsKernel(cudnn::gemm::ComputeOffsetsParams),,,,,,,,"7,680"
53,volta_scudnn_128x64_relu_interior_nn_v1,volta_scudnn_128x64_relu_interior_nn_v1,,,,,,,,"19,355,392"
54,vectorized_elementwise_kernel,"void at::native::vectorized_elementwise_kernel<(int)4, at::native::BUnaryFunctor<at::native::AddFunctor<long>>, at::detail::Array<char *, (int)2>>(int, T2, T3)",,,,,,,,65
55,bn_fw_tr_1C11_kernel_NCHW,"void cudnn::detail::bn_fw_tr_1C11_kernel_NCHW<float, float, (int)512, (bool)1, (int)1>(cudnnTensorStruct, const T1 *, cudnnTensorStruct, T1 *, const T2 *, const T2 *, T2, T2, T2 *, T2 *, T2 *, T2 *, T2, T2)",,,,,,,,"6,615,552"
56,vectorized_elementwise_kernel,"void at::native::vectorized_elementwise_kernel<(int)4, at::native::AddFunctor<float>, at::detail::Array<char *, (int)3>>(int, T2, T3)",,,,,,,,"1,154,048"
57,vectorized_elementwise_kernel,"void at::native::vectorized_elementwise_kernel<(int)4, at::native::<unnamed>::clamp_min_scalar_kernel_impl(at::TensorIterator &, c10::Scalar)::[lambda() (instance 1)]::operator ()() const::[lambda() (instance 8)]::operator ()() const::[lambda(float) (instance 1)], at::detail::Array<char *, (int)2>>(int, T2, T3)",,,,,,,,"1,404,928"
58,computeOffsetsKernel,cudnn::gemm::computeOffsetsKernel(cudnn::gemm::ComputeOffsetsParams),,,,,,,,"7,680"
59,volta_scudnn_128x64_relu_interior_nn_v1,volta_scudnn_128x64_relu_interior_nn_v1,,,,,,,,"32,821,376"
60,vectorized_elementwise_kernel,"void at::native::vectorized_elementwise_kernel<(int)4, at::native::BUnaryFunctor<at::native::AddFunctor<long>>, at::detail::Array<char *, (int)2>>(int, T2, T3)",,,,,,,,65
61,bn_fw_tr_1C11_kernel_NCHW,"void cudnn::detail::bn_fw_tr_1C11_kernel_NCHW<float, float, (int)512, (bool)1, (int)1>(cudnnTensorStruct, const T1 *, cudnnTensorStruct, T1 *, const T2 *, const T2 *, T2, T2, T2 *, T2 *, T2 *, T2 *, T2, T2)",,,,,,,,"3,307,776"
62,vectorized_elementwise_kernel,"void at::native::vectorized_elementwise_kernel<(int)4, at::native::<unnamed>::clamp_min_scalar_kernel_impl(at::TensorIterator &, c10::Scalar)::[lambda() (instance 1)]::operator ()() const::[lambda() (instance 8)]::operator ()() const::[lambda(float) (instance 1)], at::detail::Array<char *, (int)2>>(int, T2, T3)",,,,,,,,"702,464"
63,computeOffsetsKernel,cudnn::gemm::computeOffsetsKernel(cudnn::gemm::ComputeOffsetsParams),,,,,,,,"1,979"
64,volta_scudnn_128x128_relu_small_nn_v1,volta_scudnn_128x128_relu_small_nn_v1,,,,,,,,"34,353,312"
65,vectorized_elementwise_kernel,"void at::native::vectorized_elementwise_kernel<(int)4, at::native::BUnaryFunctor<at::native::AddFunctor<long>>, at::detail::Array<char *, (int)2>>(int, T2, T3)",,,,,,,,65
66,bn_fw_tr_1C11_singleread,"void cudnn::detail::bn_fw_tr_1C11_singleread<float, (int)512, (bool)1, (int)1, (int)2, (int)0>(cudnnTensorStruct, const T1 *, cudnnTensorStruct, T1 *, const float *, const float *, float, float, float *, float *, float *, float *, float, float, cudnn::reduced_divisor, int, cudnn::reduced_divisor, cudnn::detail::bnFwPersistentState *, int, float, float, float, int, float, float, cudnnStatus_t *, bool)",,,,,,,,"1,352,064"
67,vectorized_elementwise_kernel,"void at::native::vectorized_elementwise_kernel<(int)4, at::native::<unnamed>::clamp_min_scalar_kernel_impl(at::TensorIterator &, c10::Scalar)::[lambda() (instance 1)]::operator ()() const::[lambda() (instance 8)]::operator ()() const::[lambda(float) (instance 1)], at::detail::Array<char *, (int)2>>(int, T2, T3)",,,,,,,,"175,616"
68,computeOffsetsKernel,cudnn::gemm::computeOffsetsKernel(cudnn::gemm::ComputeOffsetsParams),,,,,,,,"1,979"
69,volta_scudnn_128x64_relu_interior_nn_v1,volta_scudnn_128x64_relu_interior_nn_v1,,,,,,,,"17,392,256"
70,vectorized_elementwise_kernel,"void at::native::vectorized_elementwise_kernel<(int)4, at::native::BUnaryFunctor<at::native::AddFunctor<long>>, at::detail::Array<char *, (int)2>>(int, T2, T3)",,,,,,,,65
71,bn_fw_tr_1C11_singleread,"void cudnn::detail::bn_fw_tr_1C11_singleread<float, (int)512, (bool)1, (int)1, (int)2, (int)0>(cudnnTensorStruct, const T1 *, cudnnTensorStruct, T1 *, const float *, const float *, float, float, float *, float *, float *, float *, float, float, cudnn::reduced_divisor, int, cudnn::reduced_divisor, cudnn::detail::bnFwPersistentState *, int, float, float, float, int, float, float, cudnnStatus_t *, bool)",,,,,,,,"5,408,256"
72,computeOffsetsKernel,cudnn::gemm::computeOffsetsKernel(cudnn::gemm::ComputeOffsetsParams),,,,,,,,"1,979"
73,volta_scudnn_128x64_relu_interior_nn_v1,volta_scudnn_128x64_relu_interior_nn_v1,,,,,,,,"32,821,376"
74,vectorized_elementwise_kernel,"void at::native::vectorized_elementwise_kernel<(int)4, at::native::BUnaryFunctor<at::native::AddFunctor<long>>, at::detail::Array<char *, (int)2>>(int, T2, T3)",,,,,,,,65
75,bn_fw_tr_1C11_singleread,"void cudnn::detail::bn_fw_tr_1C11_singleread<float, (int)512, (bool)1, (int)1, (int)2, (int)0>(cudnnTensorStruct, const T1 *, cudnnTensorStruct, T1 *, const float *, const float *, float, float, float *, float *, float *, float *, float, float, cudnn::reduced_divisor, int, cudnn::reduced_divisor, cudnn::detail::bnFwPersistentState *, int, float, float, float, int, float, float, cudnnStatus_t *, bool)",,,,,,,,"5,408,256"
76,vectorized_elementwise_kernel,"void at::native::vectorized_elementwise_kernel<(int)4, at::native::AddFunctor<float>, at::detail::Array<char *, (int)3>>(int, T2, T3)",,,,,,,,"577,024"
77,vectorized_elementwise_kernel,"void at::native::vectorized_elementwise_kernel<(int)4, at::native::<unnamed>::clamp_min_scalar_kernel_impl(at::TensorIterator &, c10::Scalar)::[lambda() (instance 1)]::operator ()() const::[lambda() (instance 8)]::operator ()() const::[lambda(float) (instance 1)], at::detail::Array<char *, (int)2>>(int, T2, T3)",,,,,,,,"702,464"
78,computeOffsetsKernel,cudnn::gemm::computeOffsetsKernel(cudnn::gemm::ComputeOffsetsParams),,,,,,,,"1,979"
79,volta_scudnn_128x128_relu_interior_nn_v1,volta_scudnn_128x128_relu_interior_nn_v1,,,,,,,,"15,278,984"
80,vectorized_elementwise_kernel,"void at::native::vectorized_elementwise_kernel<(int)4, at::native::BUnaryFunctor<at::native::AddFunctor<long>>, at::detail::Array<char *, (int)2>>(int, T2, T3)",,,,,,,,65
81,bn_fw_tr_1C11_singleread,"void cudnn::detail::bn_fw_tr_1C11_singleread<float, (int)512, (bool)1, (int)1, (int)2, (int)0>(cudnnTensorStruct, const T1 *, cudnnTensorStruct, T1 *, const float *, const float *, float, float, float *, float *, float *, float *, float, float, cudnn::reduced_divisor, int, cudnn::reduced_divisor, cudnn::detail::bnFwPersistentState *, int, float, float, float, int, float, float, cudnnStatus_t *, bool)",,,,,,,,"1,352,064"
82,vectorized_elementwise_kernel,"void at::native::vectorized_elementwise_kernel<(int)4, at::native::<unnamed>::clamp_min_scalar_kernel_impl(at::TensorIterator &, c10::Scalar)::[lambda() (instance 1)]::operator ()() const::[lambda() (instance 8)]::operator ()() const::[lambda(float) (instance 1)], at::detail::Array<char *, (int)2>>(int, T2, T3)",,,,,,,,"175,616"
83,generateWinogradTilesKernel,"void cudnn::winograd::generateWinogradTilesKernel<(int)0, float, float>(cudnn::winograd::GenerateWinogradTilesParams<T2, T3>)",,,,,,,,"180,224"
84,volta_scudnn_winograd_128x128_ldg1_ldg4_relu_tile148t_nt_v1,volta_scudnn_winograd_128x128_ldg1_ldg4_relu_tile148t_nt_v1,,,,,,,,"23,545,856"
85,vectorized_elementwise_kernel,"void at::native::vectorized_elementwise_kernel<(int)4, at::native::BUnaryFunctor<at::native::AddFunctor<long>>, at::detail::Array<char *, (int)2>>(int, T2, T3)",,,,,,,,65
86,bn_fw_tr_1C11_singleread,"void cudnn::detail::bn_fw_tr_1C11_singleread<float, (int)512, (bool)1, (int)1, (int)2, (int)0>(cudnnTensorStruct, const T1 *, cudnnTensorStruct, T1 *, const float *, const float *, float, float, float *, float *, float *, float *, float, float, cudnn::reduced_divisor, int, cudnn::reduced_divisor, cudnn::detail::bnFwPersistentState *, int, float, float, float, int, float, float, cudnnStatus_t *, bool)",,,,,,,,"1,352,064"
87,vectorized_elementwise_kernel,"void at::native::vectorized_elementwise_kernel<(int)4, at::native::<unnamed>::clamp_min_scalar_kernel_impl(at::TensorIterator &, c10::Scalar)::[lambda() (instance 1)]::operator ()() const::[lambda() (instance 8)]::operator ()() const::[lambda(float) (instance 1)], at::detail::Array<char *, (int)2>>(int, T2, T3)",,,,,,,,"175,616"
88,computeOffsetsKernel,cudnn::gemm::computeOffsetsKernel(cudnn::gemm::ComputeOffsetsParams),,,,,,,,"1,979"
89,volta_scudnn_128x64_relu_interior_nn_v1,volta_scudnn_128x64_relu_interior_nn_v1,,,,,,,,"17,392,256"
90,vectorized_elementwise_kernel,"void at::native::vectorized_elementwise_kernel<(int)4, at::native::BUnaryFunctor<at::native::AddFunctor<long>>, at::detail::Array<char *, (int)2>>(int, T2, T3)",,,,,,,,65
91,bn_fw_tr_1C11_singleread,"void cudnn::detail::bn_fw_tr_1C11_singleread<float, (int)512, (bool)1, (int)1, (int)2, (int)0>(cudnnTensorStruct, const T1 *, cudnnTensorStruct, T1 *, const float *, const float *, float, float, float *, float *, float *, float *, float, float, cudnn::reduced_divisor, int, cudnn::reduced_divisor, cudnn::detail::bnFwPersistentState *, int, float, float, float, int, float, float, cudnnStatus_t *, bool)",,,,,,,,"5,408,256"
92,vectorized_elementwise_kernel,"void at::native::vectorized_elementwise_kernel<(int)4, at::native::AddFunctor<float>, at::detail::Array<char *, (int)3>>(int, T2, T3)",,,,,,,,"577,024"
93,vectorized_elementwise_kernel,"void at::native::vectorized_elementwise_kernel<(int)4, at::native::<unnamed>::clamp_min_scalar_kernel_impl(at::TensorIterator &, c10::Scalar)::[lambda() (instance 1)]::operator ()() const::[lambda() (instance 8)]::operator ()() const::[lambda(float) (instance 1)], at::detail::Array<char *, (int)2>>(int, T2, T3)",,,,,,,,"702,464"
94,computeOffsetsKernel,cudnn::gemm::computeOffsetsKernel(cudnn::gemm::ComputeOffsetsParams),,,,,,,,"1,979"
95,volta_scudnn_128x128_relu_interior_nn_v1,volta_scudnn_128x128_relu_interior_nn_v1,,,,,,,,"15,278,984"
96,vectorized_elementwise_kernel,"void at::native::vectorized_elementwise_kernel<(int)4, at::native::BUnaryFunctor<at::native::AddFunctor<long>>, at::detail::Array<char *, (int)2>>(int, T2, T3)",,,,,,,,65
97,bn_fw_tr_1C11_singleread,"void cudnn::detail::bn_fw_tr_1C11_singleread<float, (int)512, (bool)1, (int)1, (int)2, (int)0>(cudnnTensorStruct, const T1 *, cudnnTensorStruct, T1 *, const float *, const float *, float, float, float *, float *, float *, float *, float, float, cudnn::reduced_divisor, int, cudnn::reduced_divisor, cudnn::detail::bnFwPersistentState *, int, float, float, float, int, float, float, cudnnStatus_t *, bool)",,,,,,,,"1,352,064"
98,vectorized_elementwise_kernel,"void at::native::vectorized_elementwise_kernel<(int)4, at::native::<unnamed>::clamp_min_scalar_kernel_impl(at::TensorIterator &, c10::Scalar)::[lambda() (instance 1)]::operator ()() const::[lambda() (instance 8)]::operator ()() const::[lambda(float) (instance 1)], at::detail::Array<char *, (int)2>>(int, T2, T3)",,,,,,,,"175,616"
99,generateWinogradTilesKernel,"void cudnn::winograd::generateWinogradTilesKernel<(int)0, float, float>(cudnn::winograd::GenerateWinogradTilesParams<T2, T3>)",,,,,,,,"180,224"
100,volta_scudnn_winograd_128x128_ldg1_ldg4_relu_tile148t_nt_v1,volta_scudnn_winograd_128x128_ldg1_ldg4_relu_tile148t_nt_v1,,,,,,,,"23,545,856"
101,vectorized_elementwise_kernel,"void at::native::vectorized_elementwise_kernel<(int)4, at::native::BUnaryFunctor<at::native::AddFunctor<long>>, at::detail::Array<char *, (int)2>>(int, T2, T3)",,,,,,,,65
102,bn_fw_tr_1C11_singleread,"void cudnn::detail::bn_fw_tr_1C11_singleread<float, (int)512, (bool)1, (int)1, (int)2, (int)0>(cudnnTensorStruct, const T1 *, cudnnTensorStruct, T1 *, const float *, const float *, float, float, float *, float *, float *, float *, float, float, cudnn::reduced_divisor, int, cudnn::reduced_divisor, cudnn::detail::bnFwPersistentState *, int, float, float, float, int, float, float, cudnnStatus_t *, bool)",,,,,,,,"1,352,064"
103,vectorized_elementwise_kernel,"void at::native::vectorized_elementwise_kernel<(int)4, at::native::<unnamed>::clamp_min_scalar_kernel_impl(at::TensorIterator &, c10::Scalar)::[lambda() (instance 1)]::operator ()() const::[lambda() (instance 8)]::operator ()() const::[lambda(float) (instance 1)], at::detail::Array<char *, (int)2>>(int, T2, T3)",,,,,,,,"175,616"
104,computeOffsetsKernel,cudnn::gemm::computeOffsetsKernel(cudnn::gemm::ComputeOffsetsParams),,,,,,,,"1,979"
105,volta_scudnn_128x64_relu_interior_nn_v1,volta_scudnn_128x64_relu_interior_nn_v1,,,,,,,,"17,392,256"
106,vectorized_elementwise_kernel,"void at::native::vectorized_elementwise_kernel<(int)4, at::native::BUnaryFunctor<at::native::AddFunctor<long>>, at::detail::Array<char *, (int)2>>(int, T2, T3)",,,,,,,,65
107,bn_fw_tr_1C11_singleread,"void cudnn::detail::bn_fw_tr_1C11_singleread<float, (int)512, (bool)1, (int)1, (int)2, (int)0>(cudnnTensorStruct, const T1 *, cudnnTensorStruct, T1 *, const float *, const float *, float, float, float *, float *, float *, float *, float, float, cudnn::reduced_divisor, int, cudnn::reduced_divisor, cudnn::detail::bnFwPersistentState *, int, float, float, float, int, float, float, cudnnStatus_t *, bool)",,,,,,,,"5,408,256"
108,vectorized_elementwise_kernel,"void at::native::vectorized_elementwise_kernel<(int)4, at::native::AddFunctor<float>, at::detail::Array<char *, (int)3>>(int, T2, T3)",,,,,,,,"577,024"
109,vectorized_elementwise_kernel,"void at::native::vectorized_elementwise_kernel<(int)4, at::native::<unnamed>::clamp_min_scalar_kernel_impl(at::TensorIterator &, c10::Scalar)::[lambda() (instance 1)]::operator ()() const::[lambda() (instance 8)]::operator ()() const::[lambda(float) (instance 1)], at::detail::Array<char *, (int)2>>(int, T2, T3)",,,,,,,,"702,464"
110,computeOffsetsKernel,cudnn::gemm::computeOffsetsKernel(cudnn::gemm::ComputeOffsetsParams),,,,,,,,"1,979"
111,volta_scudnn_128x128_relu_interior_nn_v1,volta_scudnn_128x128_relu_interior_nn_v1,,,,,,,,"15,278,984"
112,vectorized_elementwise_kernel,"void at::native::vectorized_elementwise_kernel<(int)4, at::native::BUnaryFunctor<at::native::AddFunctor<long>>, at::detail::Array<char *, (int)2>>(int, T2, T3)",,,,,,,,65
113,bn_fw_tr_1C11_singleread,"void cudnn::detail::bn_fw_tr_1C11_singleread<float, (int)512, (bool)1, (int)1, (int)2, (int)0>(cudnnTensorStruct, const T1 *, cudnnTensorStruct, T1 *, const float *, const float *, float, float, float *, float *, float *, float *, float, float, cudnn::reduced_divisor, int, cudnn::reduced_divisor, cudnn::detail::bnFwPersistentState *, int, float, float, float, int, float, float, cudnnStatus_t *, bool)",,,,,,,,"1,352,064"
114,vectorized_elementwise_kernel,"void at::native::vectorized_elementwise_kernel<(int)4, at::native::<unnamed>::clamp_min_scalar_kernel_impl(at::TensorIterator &, c10::Scalar)::[lambda() (instance 1)]::operator ()() const::[lambda() (instance 8)]::operator ()() const::[lambda(float) (instance 1)], at::detail::Array<char *, (int)2>>(int, T2, T3)",,,,,,,,"175,616"
115,generateWinogradTilesKernel,"void cudnn::winograd::generateWinogradTilesKernel<(int)0, float, float>(cudnn::winograd::GenerateWinogradTilesParams<T2, T3>)",,,,,,,,"180,224"
116,volta_scudnn_winograd_128x128_ldg1_ldg4_relu_tile148t_nt_v1,volta_scudnn_winograd_128x128_ldg1_ldg4_relu_tile148t_nt_v1,,,,,,,,"23,545,856"
117,vectorized_elementwise_kernel,"void at::native::vectorized_elementwise_kernel<(int)4, at::native::BUnaryFunctor<at::native::AddFunctor<long>>, at::detail::Array<char *, (int)2>>(int, T2, T3)",,,,,,,,65
118,bn_fw_tr_1C11_singleread,"void cudnn::detail::bn_fw_tr_1C11_singleread<float, (int)512, (bool)1, (int)1, (int)2, (int)0>(cudnnTensorStruct, const T1 *, cudnnTensorStruct, T1 *, const float *, const float *, float, float, float *, float *, float *, float *, float, float, cudnn::reduced_divisor, int, cudnn::reduced_divisor, cudnn::detail::bnFwPersistentState *, int, float, float, float, int, float, float, cudnnStatus_t *, bool)",,,,,,,,"1,352,064"
119,vectorized_elementwise_kernel,"void at::native::vectorized_elementwise_kernel<(int)4, at::native::<unnamed>::clamp_min_scalar_kernel_impl(at::TensorIterator &, c10::Scalar)::[lambda() (instance 1)]::operator ()() const::[lambda() (instance 8)]::operator ()() const::[lambda(float) (instance 1)], at::detail::Array<char *, (int)2>>(int, T2, T3)",,,,,,,,"175,616"
120,computeOffsetsKernel,cudnn::gemm::computeOffsetsKernel(cudnn::gemm::ComputeOffsetsParams),,,,,,,,"1,979"
121,volta_scudnn_128x64_relu_interior_nn_v1,volta_scudnn_128x64_relu_interior_nn_v1,,,,,,,,"17,392,256"
122,vectorized_elementwise_kernel,"void at::native::vectorized_elementwise_kernel<(int)4, at::native::BUnaryFunctor<at::native::AddFunctor<long>>, at::detail::Array<char *, (int)2>>(int, T2, T3)",,,,,,,,65
123,bn_fw_tr_1C11_singleread,"void cudnn::detail::bn_fw_tr_1C11_singleread<float, (int)512, (bool)1, (int)1, (int)2, (int)0>(cudnnTensorStruct, const T1 *, cudnnTensorStruct, T1 *, const float *, const float *, float, float, float *, float *, float *, float *, float, float, cudnn::reduced_divisor, int, cudnn::reduced_divisor, cudnn::detail::bnFwPersistentState *, int, float, float, float, int, float, float, cudnnStatus_t *, bool)",,,,,,,,"5,408,256"
124,vectorized_elementwise_kernel,"void at::native::vectorized_elementwise_kernel<(int)4, at::native::AddFunctor<float>, at::detail::Array<char *, (int)3>>(int, T2, T3)",,,,,,,,"577,024"
125,vectorized_elementwise_kernel,"void at::native::vectorized_elementwise_kernel<(int)4, at::native::<unnamed>::clamp_min_scalar_kernel_impl(at::TensorIterator &, c10::Scalar)::[lambda() (instance 1)]::operator ()() const::[lambda() (instance 8)]::operator ()() const::[lambda(float) (instance 1)], at::detail::Array<char *, (int)2>>(int, T2, T3)",,,,,,,,"702,464"
126,computeOffsetsKernel,cudnn::gemm::computeOffsetsKernel(cudnn::gemm::ComputeOffsetsParams),,,,,,,,"1,979"
127,volta_scudnn_128x64_relu_interior_nn_v1,volta_scudnn_128x64_relu_interior_nn_v1,,,,,,,,"31,839,808"
128,vectorized_elementwise_kernel,"void at::native::vectorized_elementwise_kernel<(int)4, at::native::BUnaryFunctor<at::native::AddFunctor<long>>, at::detail::Array<char *, (int)2>>(int, T2, T3)",,,,,,,,65
129,bn_fw_tr_1C11_singleread,"void cudnn::detail::bn_fw_tr_1C11_singleread<float, (int)512, (bool)1, (int)1, (int)2, (int)0>(cudnnTensorStruct, const T1 *, cudnnTensorStruct, T1 *, const float *, const float *, float, float, float *, float *, float *, float *, float, float, cudnn::reduced_divisor, int, cudnn::reduced_divisor, cudnn::detail::bnFwPersistentState *, int, float, float, float, int, float, float, cudnnStatus_t *, bool)",,,,,,,,"2,704,128"
130,vectorized_elementwise_kernel,"void at::native::vectorized_elementwise_kernel<(int)4, at::native::<unnamed>::clamp_min_scalar_kernel_impl(at::TensorIterator &, c10::Scalar)::[lambda() (instance 1)]::operator ()() const::[lambda() (instance 8)]::operator ()() const::[lambda(float) (instance 1)], at::detail::Array<char *, (int)2>>(int, T2, T3)",,,,,,,,"351,232"
131,computeOffsetsKernel,cudnn::gemm::computeOffsetsKernel(cudnn::gemm::ComputeOffsetsParams),,,,,,,,563
132,volta_scudnn_128x64_relu_small_nn_v1,volta_scudnn_128x64_relu_small_nn_v1,,,,,,,,"38,063,376"
133,vectorized_elementwise_kernel,"void at::native::vectorized_elementwise_kernel<(int)4, at::native::BUnaryFunctor<at::native::AddFunctor<long>>, at::detail::Array<char *, (int)2>>(int, T2, T3)",,,,,,,,65
134,bn_fw_tr_1C11_singleread,"void cudnn::detail::bn_fw_tr_1C11_singleread<float, (int)512, (bool)1, (int)1, (int)2, (int)0>(cudnnTensorStruct, const T1 *, cudnnTensorStruct, T1 *, const float *, const float *, float, float, float *, float *, float *, float *, float, float, cudnn::reduced_divisor, int, cudnn::reduced_divisor, cudnn::detail::bnFwPersistentState *, int, float, float, float, int, float, float, cudnnStatus_t *, bool)",,,,,,,,"1,357,824"
135,vectorized_elementwise_kernel,"void at::native::vectorized_elementwise_kernel<(int)4, at::native::<unnamed>::clamp_min_scalar_kernel_impl(at::TensorIterator &, c10::Scalar)::[lambda() (instance 1)]::operator ()() const::[lambda() (instance 8)]::operator ()() const::[lambda(float) (instance 1)], at::detail::Array<char *, (int)2>>(int, T2, T3)",,,,,,,,"87,808"
136,computeOffsetsKernel,cudnn::gemm::computeOffsetsKernel(cudnn::gemm::ComputeOffsetsParams),,,,,,,,563
137,volta_scudnn_128x128_relu_interior_nn_v1,volta_scudnn_128x128_relu_interior_nn_v1,,,,,,,,"16,720,704"
138,vectorized_elementwise_kernel,"void at::native::vectorized_elementwise_kernel<(int)4, at::native::BUnaryFunctor<at::native::AddFunctor<long>>, at::detail::Array<char *, (int)2>>(int, T2, T3)",,,,,,,,65
139,bn_fw_tr_1C11_singleread,"void cudnn::detail::bn_fw_tr_1C11_singleread<float, (int)512, (bool)1, (int)1, (int)2, (int)0>(cudnnTensorStruct, const T1 *, cudnnTensorStruct, T1 *, const float *, const float *, float, float, float *, float *, float *, float *, float, float, cudnn::reduced_divisor, int, cudnn::reduced_divisor, cudnn::detail::bnFwPersistentState *, int, float, float, float, int, float, float, cudnnStatus_t *, bool)",,,,,,,,"5,431,296"
140,computeOffsetsKernel,cudnn::gemm::computeOffsetsKernel(cudnn::gemm::ComputeOffsetsParams),,,,,,,,563
141,volta_scudnn_128x128_relu_interior_nn_v1,volta_scudnn_128x128_relu_interior_nn_v1,,,,,,,,"32,428,864"
142,vectorized_elementwise_kernel,"void at::native::vectorized_elementwise_kernel<(int)4, at::native::BUnaryFunctor<at::native::AddFunctor<long>>, at::detail::Array<char *, (int)2>>(int, T2, T3)",,,,,,,,65
143,bn_fw_tr_1C11_singleread,"void cudnn::detail::bn_fw_tr_1C11_singleread<float, (int)512, (bool)1, (int)1, (int)2, (int)0>(cudnnTensorStruct, const T1 *, cudnnTensorStruct, T1 *, const float *, const float *, float, float, float *, float *, float *, float *, float, float, cudnn::reduced_divisor, int, cudnn::reduced_divisor, cudnn::detail::bnFwPersistentState *, int, float, float, float, int, float, float, cudnnStatus_t *, bool)",,,,,,,,"5,431,296"
144,vectorized_elementwise_kernel,"void at::native::vectorized_elementwise_kernel<(int)4, at::native::AddFunctor<float>, at::detail::Array<char *, (int)3>>(int, T2, T3)",,,,,,,,"288,512"
145,vectorized_elementwise_kernel,"void at::native::vectorized_elementwise_kernel<(int)4, at::native::<unnamed>::clamp_min_scalar_kernel_impl(at::TensorIterator &, c10::Scalar)::[lambda() (instance 1)]::operator ()() const::[lambda() (instance 8)]::operator ()() const::[lambda(float) (instance 1)], at::detail::Array<char *, (int)2>>(int, T2, T3)",,,,,,,,"351,232"
146,computeOffsetsKernel,cudnn::gemm::computeOffsetsKernel(cudnn::gemm::ComputeOffsetsParams),,,,,,,,563
147,volta_scudnn_128x64_relu_interior_nn_v1,volta_scudnn_128x64_relu_interior_nn_v1,,,,,,,,"16,634,176"
148,vectorized_elementwise_kernel,"void at::native::vectorized_elementwise_kernel<(int)4, at::native::BUnaryFunctor<at::native::AddFunctor<long>>, at::detail::Array<char *, (int)2>>(int, T2, T3)",,,,,,,,65
149,bn_fw_tr_1C11_singleread,"void cudnn::detail::bn_fw_tr_1C11_singleread<float, (int)512, (bool)1, (int)1, (int)2, (int)0>(cudnnTensorStruct, const T1 *, cudnnTensorStruct, T1 *, const float *, const float *, float, float, float *, float *, float *, float *, float, float, cudnn::reduced_divisor, int, cudnn::reduced_divisor, cudnn::detail::bnFwPersistentState *, int, float, float, float, int, float, float, cudnnStatus_t *, bool)",,,,,,,,"1,357,824"
150,vectorized_elementwise_kernel,"void at::native::vectorized_elementwise_kernel<(int)4, at::native::<unnamed>::clamp_min_scalar_kernel_impl(at::TensorIterator &, c10::Scalar)::[lambda() (instance 1)]::operator ()() const::[lambda() (instance 8)]::operator ()() const::[lambda(float) (instance 1)], at::detail::Array<char *, (int)2>>(int, T2, T3)",,,,,,,,"87,808"
151,generateWinogradTilesKernel,"void cudnn::winograd::generateWinogradTilesKernel<(int)0, float, float>(cudnn::winograd::GenerateWinogradTilesParams<T2, T3>)",,,,,,,,"720,896"
152,volta_scudnn_winograd_128x128_ldg1_ldg4_relu_tile148t_nt_v1,volta_scudnn_winograd_128x128_ldg1_ldg4_relu_tile148t_nt_v1,,,,,,,,"22,782,976"
153,vectorized_elementwise_kernel,"void at::native::vectorized_elementwise_kernel<(int)4, at::native::BUnaryFunctor<at::native::AddFunctor<long>>, at::detail::Array<char *, (int)2>>(int, T2, T3)",,,,,,,,65
154,bn_fw_tr_1C11_singleread,"void cudnn::detail::bn_fw_tr_1C11_singleread<float, (int)512, (bool)1, (int)1, (int)2, (int)0>(cudnnTensorStruct, const T1 *, cudnnTensorStruct, T1 *, const float *, const float *, float, float, float *, float *, float *, float *, float, float, cudnn::reduced_divisor, int, cudnn::reduced_divisor, cudnn::detail::bnFwPersistentState *, int, float, float, float, int, float, float, cudnnStatus_t *, bool)",,,,,,,,"1,357,824"
155,vectorized_elementwise_kernel,"void at::native::vectorized_elementwise_kernel<(int)4, at::native::<unnamed>::clamp_min_scalar_kernel_impl(at::TensorIterator &, c10::Scalar)::[lambda() (instance 1)]::operator ()() const::[lambda() (instance 8)]::operator ()() const::[lambda(float) (instance 1)], at::detail::Array<char *, (int)2>>(int, T2, T3)",,,,,,,,"87,808"
156,computeOffsetsKernel,cudnn::gemm::computeOffsetsKernel(cudnn::gemm::ComputeOffsetsParams),,,,,,,,563
157,volta_scudnn_128x128_relu_interior_nn_v1,volta_scudnn_128x128_relu_interior_nn_v1,,,,,,,,"16,720,704"
158,vectorized_elementwise_kernel,"void at::native::vectorized_elementwise_kernel<(int)4, at::native::BUnaryFunctor<at::native::AddFunctor<long>>, at::detail::Array<char *, (int)2>>(int, T2, T3)",,,,,,,,65
159,bn_fw_tr_1C11_singleread,"void cudnn::detail::bn_fw_tr_1C11_singleread<float, (int)512, (bool)1, (int)1, (int)2, (int)0>(cudnnTensorStruct, const T1 *, cudnnTensorStruct, T1 *, const float *, const float *, float, float, float *, float *, float *, float *, float, float, cudnn::reduced_divisor, int, cudnn::reduced_divisor, cudnn::detail::bnFwPersistentState *, int, float, float, float, int, float, float, cudnnStatus_t *, bool)",,,,,,,,"5,431,296"
160,vectorized_elementwise_kernel,"void at::native::vectorized_elementwise_kernel<(int)4, at::native::AddFunctor<float>, at::detail::Array<char *, (int)3>>(int, T2, T3)",,,,,,,,"288,512"
161,vectorized_elementwise_kernel,"void at::native::vectorized_elementwise_kernel<(int)4, at::native::<unnamed>::clamp_min_scalar_kernel_impl(at::TensorIterator &, c10::Scalar)::[lambda() (instance 1)]::operator ()() const::[lambda() (instance 8)]::operator ()() const::[lambda(float) (instance 1)], at::detail::Array<char *, (int)2>>(int, T2, T3)",,,,,,,,"351,232"
162,computeOffsetsKernel,cudnn::gemm::computeOffsetsKernel(cudnn::gemm::ComputeOffsetsParams),,,,,,,,563
163,volta_scudnn_128x64_relu_interior_nn_v1,volta_scudnn_128x64_relu_interior_nn_v1,,,,,,,,"16,634,176"
164,vectorized_elementwise_kernel,"void at::native::vectorized_elementwise_kernel<(int)4, at::native::BUnaryFunctor<at::native::AddFunctor<long>>, at::detail::Array<char *, (int)2>>(int, T2, T3)",,,,,,,,65
165,bn_fw_tr_1C11_singleread,"void cudnn::detail::bn_fw_tr_1C11_singleread<float, (int)512, (bool)1, (int)1, (int)2, (int)0>(cudnnTensorStruct, const T1 *, cudnnTensorStruct, T1 *, const float *, const float *, float, float, float *, float *, float *, float *, float, float, cudnn::reduced_divisor, int, cudnn::reduced_divisor, cudnn::detail::bnFwPersistentState *, int, float, float, float, int, float, float, cudnnStatus_t *, bool)",,,,,,,,"1,357,824"
166,vectorized_elementwise_kernel,"void at::native::vectorized_elementwise_kernel<(int)4, at::native::<unnamed>::clamp_min_scalar_kernel_impl(at::TensorIterator &, c10::Scalar)::[lambda() (instance 1)]::operator ()() const::[lambda() (instance 8)]::operator ()() const::[lambda(float) (instance 1)], at::detail::Array<char *, (int)2>>(int, T2, T3)",,,,,,,,"87,808"
167,generateWinogradTilesKernel,"void cudnn::winograd::generateWinogradTilesKernel<(int)0, float, float>(cudnn::winograd::GenerateWinogradTilesParams<T2, T3>)",,,,,,,,"720,896"
168,volta_scudnn_winograd_128x128_ldg1_ldg4_relu_tile148t_nt_v1,volta_scudnn_winograd_128x128_ldg1_ldg4_relu_tile148t_nt_v1,,,,,,,,"22,782,976"
169,vectorized_elementwise_kernel,"void at::native::vectorized_elementwise_kernel<(int)4, at::native::BUnaryFunctor<at::native::AddFunctor<long>>, at::detail::Array<char *, (int)2>>(int, T2, T3)",,,,,,,,65
170,bn_fw_tr_1C11_singleread,"void cudnn::detail::bn_fw_tr_1C11_singleread<float, (int)512, (bool)1, (int)1, (int)2, (int)0>(cudnnTensorStruct, const T1 *, cudnnTensorStruct, T1 *, const float *, const float *, float, float, float *, float *, float *, float *, float, float, cudnn::reduced_divisor, int, cudnn::reduced_divisor, cudnn::detail::bnFwPersistentState *, int, float, float, float, int, float, float, cudnnStatus_t *, bool)",,,,,,,,"1,357,824"
171,vectorized_elementwise_kernel,"void at::native::vectorized_elementwise_kernel<(int)4, at::native::<unnamed>::clamp_min_scalar_kernel_impl(at::TensorIterator &, c10::Scalar)::[lambda() (instance 1)]::operator ()() const::[lambda() (instance 8)]::operator ()() const::[lambda(float) (instance 1)], at::detail::Array<char *, (int)2>>(int, T2, T3)",,,,,,,,"87,808"
172,computeOffsetsKernel,cudnn::gemm::computeOffsetsKernel(cudnn::gemm::ComputeOffsetsParams),,,,,,,,563
173,volta_scudnn_128x128_relu_interior_nn_v1,volta_scudnn_128x128_relu_interior_nn_v1,,,,,,,,"16,720,704"
174,vectorized_elementwise_kernel,"void at::native::vectorized_elementwise_kernel<(int)4, at::native::BUnaryFunctor<at::native::AddFunctor<long>>, at::detail::Array<char *, (int)2>>(int, T2, T3)",,,,,,,,65
175,bn_fw_tr_1C11_singleread,"void cudnn::detail::bn_fw_tr_1C11_singleread<float, (int)512, (bool)1, (int)1, (int)2, (int)0>(cudnnTensorStruct, const T1 *, cudnnTensorStruct, T1 *, const float *, const float *, float, float, float *, float *, float *, float *, float, float, cudnn::reduced_divisor, int, cudnn::reduced_divisor, cudnn::detail::bnFwPersistentState *, int, float, float, float, int, float, float, cudnnStatus_t *, bool)",,,,,,,,"5,431,296"
176,vectorized_elementwise_kernel,"void at::native::vectorized_elementwise_kernel<(int)4, at::native::AddFunctor<float>, at::detail::Array<char *, (int)3>>(int, T2, T3)",,,,,,,,"288,512"
177,vectorized_elementwise_kernel,"void at::native::vectorized_elementwise_kernel<(int)4, at::native::<unnamed>::clamp_min_scalar_kernel_impl(at::TensorIterator &, c10::Scalar)::[lambda() (instance 1)]::operator ()() const::[lambda() (instance 8)]::operator ()() const::[lambda(float) (instance 1)], at::detail::Array<char *, (int)2>>(int, T2, T3)",,,,,,,,"351,232"
178,computeOffsetsKernel,cudnn::gemm::computeOffsetsKernel(cudnn::gemm::ComputeOffsetsParams),,,,,,,,563
179,volta_scudnn_128x64_relu_interior_nn_v1,volta_scudnn_128x64_relu_interior_nn_v1,,,,,,,,"16,634,176"
180,vectorized_elementwise_kernel,"void at::native::vectorized_elementwise_kernel<(int)4, at::native::BUnaryFunctor<at::native::AddFunctor<long>>, at::detail::Array<char *, (int)2>>(int, T2, T3)",,,,,,,,65
181,bn_fw_tr_1C11_singleread,"void cudnn::detail::bn_fw_tr_1C11_singleread<float, (int)512, (bool)1, (int)1, (int)2, (int)0>(cudnnTensorStruct, const T1 *, cudnnTensorStruct, T1 *, const float *, const float *, float, float, float *, float *, float *, float *, float, float, cudnn::reduced_divisor, int, cudnn::reduced_divisor, cudnn::detail::bnFwPersistentState *, int, float, float, float, int, float, float, cudnnStatus_t *, bool)",,,,,,,,"1,357,824"
182,vectorized_elementwise_kernel,"void at::native::vectorized_elementwise_kernel<(int)4, at::native::<unnamed>::clamp_min_scalar_kernel_impl(at::TensorIterator &, c10::Scalar)::[lambda() (instance 1)]::operator ()() const::[lambda() (instance 8)]::operator ()() const::[lambda(float) (instance 1)], at::detail::Array<char *, (int)2>>(int, T2, T3)",,,,,,,,"87,808"
183,generateWinogradTilesKernel,"void cudnn::winograd::generateWinogradTilesKernel<(int)0, float, float>(cudnn::winograd::GenerateWinogradTilesParams<T2, T3>)",,,,,,,,"720,896"
184,volta_scudnn_winograd_128x128_ldg1_ldg4_relu_tile148t_nt_v1,volta_scudnn_winograd_128x128_ldg1_ldg4_relu_tile148t_nt_v1,,,,,,,,"22,782,976"
185,vectorized_elementwise_kernel,"void at::native::vectorized_elementwise_kernel<(int)4, at::native::BUnaryFunctor<at::native::AddFunctor<long>>, at::detail::Array<char *, (int)2>>(int, T2, T3)",,,,,,,,65
186,bn_fw_tr_1C11_singleread,"void cudnn::detail::bn_fw_tr_1C11_singleread<float, (int)512, (bool)1, (int)1, (int)2, (int)0>(cudnnTensorStruct, const T1 *, cudnnTensorStruct, T1 *, const float *, const float *, float, float, float *, float *, float *, float *, float, float, cudnn::reduced_divisor, int, cudnn::reduced_divisor, cudnn::detail::bnFwPersistentState *, int, float, float, float, int, float, float, cudnnStatus_t *, bool)",,,,,,,,"1,357,824"
187,vectorized_elementwise_kernel,"void at::native::vectorized_elementwise_kernel<(int)4, at::native::<unnamed>::clamp_min_scalar_kernel_impl(at::TensorIterator &, c10::Scalar)::[lambda() (instance 1)]::operator ()() const::[lambda() (instance 8)]::operator ()() const::[lambda(float) (instance 1)], at::detail::Array<char *, (int)2>>(int, T2, T3)",,,,,,,,"87,808"
188,computeOffsetsKernel,cudnn::gemm::computeOffsetsKernel(cudnn::gemm::ComputeOffsetsParams),,,,,,,,563
189,volta_scudnn_128x128_relu_interior_nn_v1,volta_scudnn_128x128_relu_interior_nn_v1,,,,,,,,"16,720,704"
190,vectorized_elementwise_kernel,"void at::native::vectorized_elementwise_kernel<(int)4, at::native::BUnaryFunctor<at::native::AddFunctor<long>>, at::detail::Array<char *, (int)2>>(int, T2, T3)",,,,,,,,65
191,bn_fw_tr_1C11_singleread,"void cudnn::detail::bn_fw_tr_1C11_singleread<float, (int)512, (bool)1, (int)1, (int)2, (int)0>(cudnnTensorStruct, const T1 *, cudnnTensorStruct, T1 *, const float *, const float *, float, float, float *, float *, float *, float *, float, float, cudnn::reduced_divisor, int, cudnn::reduced_divisor, cudnn::detail::bnFwPersistentState *, int, float, float, float, int, float, float, cudnnStatus_t *, bool)",,,,,,,,"5,431,296"
192,vectorized_elementwise_kernel,"void at::native::vectorized_elementwise_kernel<(int)4, at::native::AddFunctor<float>, at::detail::Array<char *, (int)3>>(int, T2, T3)",,,,,,,,"288,512"
193,vectorized_elementwise_kernel,"void at::native::vectorized_elementwise_kernel<(int)4, at::native::<unnamed>::clamp_min_scalar_kernel_impl(at::TensorIterator &, c10::Scalar)::[lambda() (instance 1)]::operator ()() const::[lambda() (instance 8)]::operator ()() const::[lambda(float) (instance 1)], at::detail::Array<char *, (int)2>>(int, T2, T3)",,,,,,,,"351,232"
194,computeOffsetsKernel,cudnn::gemm::computeOffsetsKernel(cudnn::gemm::ComputeOffsetsParams),,,,,,,,563
195,volta_scudnn_128x64_relu_interior_nn_v1,volta_scudnn_128x64_relu_interior_nn_v1,,,,,,,,"16,634,176"
196,vectorized_elementwise_kernel,"void at::native::vectorized_elementwise_kernel<(int)4, at::native::BUnaryFunctor<at::native::AddFunctor<long>>, at::detail::Array<char *, (int)2>>(int, T2, T3)",,,,,,,,65
197,bn_fw_tr_1C11_singleread,"void cudnn::detail::bn_fw_tr_1C11_singleread<float, (int)512, (bool)1, (int)1, (int)2, (int)0>(cudnnTensorStruct, const T1 *, cudnnTensorStruct, T1 *, const float *, const float *, float, float, float *, float *, float *, float *, float, float, cudnn::reduced_divisor, int, cudnn::reduced_divisor, cudnn::detail::bnFwPersistentState *, int, float, float, float, int, float, float, cudnnStatus_t *, bool)",,,,,,,,"1,357,824"
198,vectorized_elementwise_kernel,"void at::native::vectorized_elementwise_kernel<(int)4, at::native::<unnamed>::clamp_min_scalar_kernel_impl(at::TensorIterator &, c10::Scalar)::[lambda() (instance 1)]::operator ()() const::[lambda() (instance 8)]::operator ()() const::[lambda(float) (instance 1)], at::detail::Array<char *, (int)2>>(int, T2, T3)",,,,,,,,"87,808"
199,generateWinogradTilesKernel,"void cudnn::winograd::generateWinogradTilesKernel<(int)0, float, float>(cudnn::winograd::GenerateWinogradTilesParams<T2, T3>)",,,,,,,,"720,896"
200,volta_scudnn_winograd_128x128_ldg1_ldg4_relu_tile148t_nt_v1,volta_scudnn_winograd_128x128_ldg1_ldg4_relu_tile148t_nt_v1,,,,,,,,"22,782,976"
201,vectorized_elementwise_kernel,"void at::native::vectorized_elementwise_kernel<(int)4, at::native::BUnaryFunctor<at::native::AddFunctor<long>>, at::detail::Array<char *, (int)2>>(int, T2, T3)",,,,,,,,65
202,bn_fw_tr_1C11_singleread,"void cudnn::detail::bn_fw_tr_1C11_singleread<float, (int)512, (bool)1, (int)1, (int)2, (int)0>(cudnnTensorStruct, const T1 *, cudnnTensorStruct, T1 *, const float *, const float *, float, float, float *, float *, float *, float *, float, float, cudnn::reduced_divisor, int, cudnn::reduced_divisor, cudnn::detail::bnFwPersistentState *, int, float, float, float, int, float, float, cudnnStatus_t *, bool)",,,,,,,,"1,357,824"
203,vectorized_elementwise_kernel,"void at::native::vectorized_elementwise_kernel<(int)4, at::native::<unnamed>::clamp_min_scalar_kernel_impl(at::TensorIterator &, c10::Scalar)::[lambda() (instance 1)]::operator ()() const::[lambda() (instance 8)]::operator ()() const::[lambda(float) (instance 1)], at::detail::Array<char *, (int)2>>(int, T2, T3)",,,,,,,,"87,808"
204,computeOffsetsKernel,cudnn::gemm::computeOffsetsKernel(cudnn::gemm::ComputeOffsetsParams),,,,,,,,563
205,volta_scudnn_128x128_relu_interior_nn_v1,volta_scudnn_128x128_relu_interior_nn_v1,,,,,,,,"16,720,704"
206,vectorized_elementwise_kernel,"void at::native::vectorized_elementwise_kernel<(int)4, at::native::BUnaryFunctor<at::native::AddFunctor<long>>, at::detail::Array<char *, (int)2>>(int, T2, T3)",,,,,,,,65
207,bn_fw_tr_1C11_singleread,"void cudnn::detail::bn_fw_tr_1C11_singleread<float, (int)512, (bool)1, (int)1, (int)2, (int)0>(cudnnTensorStruct, const T1 *, cudnnTensorStruct, T1 *, const float *, const float *, float, float, float *, float *, float *, float *, float, float, cudnn::reduced_divisor, int, cudnn::reduced_divisor, cudnn::detail::bnFwPersistentState *, int, float, float, float, int, float, float, cudnnStatus_t *, bool)",,,,,,,,"5,431,296"
208,vectorized_elementwise_kernel,"void at::native::vectorized_elementwise_kernel<(int)4, at::native::AddFunctor<float>, at::detail::Array<char *, (int)3>>(int, T2, T3)",,,,,,,,"288,512"
209,vectorized_elementwise_kernel,"void at::native::vectorized_elementwise_kernel<(int)4, at::native::<unnamed>::clamp_min_scalar_kernel_impl(at::TensorIterator &, c10::Scalar)::[lambda() (instance 1)]::operator ()() const::[lambda() (instance 8)]::operator ()() const::[lambda(float) (instance 1)], at::detail::Array<char *, (int)2>>(int, T2, T3)",,,,,,,,"351,232"
210,computeOffsetsKernel,cudnn::gemm::computeOffsetsKernel(cudnn::gemm::ComputeOffsetsParams),,,,,,,,563
211,volta_scudnn_128x64_relu_interior_nn_v1,volta_scudnn_128x64_relu_interior_nn_v1,,,,,,,,"16,634,176"
212,vectorized_elementwise_kernel,"void at::native::vectorized_elementwise_kernel<(int)4, at::native::BUnaryFunctor<at::native::AddFunctor<long>>, at::detail::Array<char *, (int)2>>(int, T2, T3)",,,,,,,,65
213,bn_fw_tr_1C11_singleread,"void cudnn::detail::bn_fw_tr_1C11_singleread<float, (int)512, (bool)1, (int)1, (int)2, (int)0>(cudnnTensorStruct, const T1 *, cudnnTensorStruct, T1 *, const float *, const float *, float, float, float *, float *, float *, float *, float, float, cudnn::reduced_divisor, int, cudnn::reduced_divisor, cudnn::detail::bnFwPersistentState *, int, float, float, float, int, float, float, cudnnStatus_t *, bool)",,,,,,,,"1,357,824"
214,vectorized_elementwise_kernel,"void at::native::vectorized_elementwise_kernel<(int)4, at::native::<unnamed>::clamp_min_scalar_kernel_impl(at::TensorIterator &, c10::Scalar)::[lambda() (instance 1)]::operator ()() const::[lambda() (instance 8)]::operator ()() const::[lambda(float) (instance 1)], at::detail::Array<char *, (int)2>>(int, T2, T3)",,,,,,,,"87,808"
215,generateWinogradTilesKernel,"void cudnn::winograd::generateWinogradTilesKernel<(int)0, float, float>(cudnn::winograd::GenerateWinogradTilesParams<T2, T3>)",,,,,,,,"720,896"
216,volta_scudnn_winograd_128x128_ldg1_ldg4_relu_tile148t_nt_v1,volta_scudnn_winograd_128x128_ldg1_ldg4_relu_tile148t_nt_v1,,,,,,,,"22,782,976"
217,vectorized_elementwise_kernel,"void at::native::vectorized_elementwise_kernel<(int)4, at::native::BUnaryFunctor<at::native::AddFunctor<long>>, at::detail::Array<char *, (int)2>>(int, T2, T3)",,,,,,,,65
218,bn_fw_tr_1C11_singleread,"void cudnn::detail::bn_fw_tr_1C11_singleread<float, (int)512, (bool)1, (int)1, (int)2, (int)0>(cudnnTensorStruct, const T1 *, cudnnTensorStruct, T1 *, const float *, const float *, float, float, float *, float *, float *, float *, float, float, cudnn::reduced_divisor, int, cudnn::reduced_divisor, cudnn::detail::bnFwPersistentState *, int, float, float, float, int, float, float, cudnnStatus_t *, bool)",,,,,,,,"1,357,824"
219,vectorized_elementwise_kernel,"void at::native::vectorized_elementwise_kernel<(int)4, at::native::<unnamed>::clamp_min_scalar_kernel_impl(at::TensorIterator &, c10::Scalar)::[lambda() (instance 1)]::operator ()() const::[lambda() (instance 8)]::operator ()() const::[lambda(float) (instance 1)], at::detail::Array<char *, (int)2>>(int, T2, T3)",,,,,,,,"87,808"
220,computeOffsetsKernel,cudnn::gemm::computeOffsetsKernel(cudnn::gemm::ComputeOffsetsParams),,,,,,,,563
221,volta_scudnn_128x128_relu_interior_nn_v1,volta_scudnn_128x128_relu_interior_nn_v1,,,,,,,,"16,720,704"
222,vectorized_elementwise_kernel,"void at::native::vectorized_elementwise_kernel<(int)4, at::native::BUnaryFunctor<at::native::AddFunctor<long>>, at::detail::Array<char *, (int)2>>(int, T2, T3)",,,,,,,,65
223,bn_fw_tr_1C11_singleread,"void cudnn::detail::bn_fw_tr_1C11_singleread<float, (int)512, (bool)1, (int)1, (int)2, (int)0>(cudnnTensorStruct, const T1 *, cudnnTensorStruct, T1 *, const float *, const float *, float, float, float *, float *, float *, float *, float, float, cudnn::reduced_divisor, int, cudnn::reduced_divisor, cudnn::detail::bnFwPersistentState *, int, float, float, float, int, float, float, cudnnStatus_t *, bool)",,,,,,,,"5,431,296"
224,vectorized_elementwise_kernel,"void at::native::vectorized_elementwise_kernel<(int)4, at::native::AddFunctor<float>, at::detail::Array<char *, (int)3>>(int, T2, T3)",,,,,,,,"288,512"
225,vectorized_elementwise_kernel,"void at::native::vectorized_elementwise_kernel<(int)4, at::native::<unnamed>::clamp_min_scalar_kernel_impl(at::TensorIterator &, c10::Scalar)::[lambda() (instance 1)]::operator ()() const::[lambda() (instance 8)]::operator ()() const::[lambda(float) (instance 1)], at::detail::Array<char *, (int)2>>(int, T2, T3)",,,,,,,,"351,232"
226,computeOffsetsKernel,cudnn::gemm::computeOffsetsKernel(cudnn::gemm::ComputeOffsetsParams),,,,,,,,563
227,volta_scudnn_128x128_relu_interior_nn_v1,volta_scudnn_128x128_relu_interior_nn_v1,,,,,,,,"31,922,592"
228,vectorized_elementwise_kernel,"void at::native::vectorized_elementwise_kernel<(int)4, at::native::BUnaryFunctor<at::native::AddFunctor<long>>, at::detail::Array<char *, (int)2>>(int, T2, T3)",,,,,,,,65
229,bn_fw_tr_1C11_singleread,"void cudnn::detail::bn_fw_tr_1C11_singleread<float, (int)512, (bool)1, (int)1, (int)2, (int)0>(cudnnTensorStruct, const T1 *, cudnnTensorStruct, T1 *, const float *, const float *, float, float, float *, float *, float *, float *, float, float, cudnn::reduced_divisor, int, cudnn::reduced_divisor, cudnn::detail::bnFwPersistentState *, int, float, float, float, int, float, float, cudnnStatus_t *, bool)",,,,,,,,"2,715,648"
230,vectorized_elementwise_kernel,"void at::native::vectorized_elementwise_kernel<(int)4, at::native::<unnamed>::clamp_min_scalar_kernel_impl(at::TensorIterator &, c10::Scalar)::[lambda() (instance 1)]::operator ()() const::[lambda() (instance 8)]::operator ()() const::[lambda(float) (instance 1)], at::detail::Array<char *, (int)2>>(int, T2, T3)",,,,,,,,"175,616"
231,implicit_convolve_sgemm,"void cudnn::detail::implicit_convolve_sgemm<float, float, (int)1024, (int)5, (int)5, (int)3, (int)3, (int)3, (int)1, (bool)1, (bool)0, (bool)1>(int, int, int, const T1 *, int, T2 *, T1 *, kernel_conv_params, int, float, float, int, T2 *, T2 *, int, int)",,,,,,,,"61,522,832"
232,vectorized_elementwise_kernel,"void at::native::vectorized_elementwise_kernel<(int)4, at::native::BUnaryFunctor<at::native::AddFunctor<long>>, at::detail::Array<char *, (int)2>>(int, T2, T3)",,,,,,,,65
233,bn_fw_tr_1C11_singleread,"void cudnn::detail::bn_fw_tr_1C11_singleread<float, (int)512, (bool)1, (int)1, (int)2, (int)0>(cudnnTensorStruct, const T1 *, cudnnTensorStruct, T1 *, const float *, const float *, float, float, float *, float *, float *, float *, float, float, cudnn::reduced_divisor, int, cudnn::reduced_divisor, cudnn::detail::bnFwPersistentState *, int, float, float, float, int, float, float, cudnnStatus_t *, bool)",,,,,,,,"1,830,912"
234,vectorized_elementwise_kernel,"void at::native::vectorized_elementwise_kernel<(int)4, at::native::<unnamed>::clamp_min_scalar_kernel_impl(at::TensorIterator &, c10::Scalar)::[lambda() (instance 1)]::operator ()() const::[lambda() (instance 8)]::operator ()() const::[lambda(float) (instance 1)], at::detail::Array<char *, (int)2>>(int, T2, T3)",,,,,,,,"43,904"
235,computeOffsetsKernel,cudnn::gemm::computeOffsetsKernel(cudnn::gemm::ComputeOffsetsParams),,,,,,,,179
236,volta_scudnn_128x128_relu_interior_nn_v1,volta_scudnn_128x128_relu_interior_nn_v1,,,,,,,,"19,956,224"
237,vectorized_elementwise_kernel,"void at::native::vectorized_elementwise_kernel<(int)4, at::native::BUnaryFunctor<at::native::AddFunctor<long>>, at::detail::Array<char *, (int)2>>(int, T2, T3)",,,,,,,,65
238,bn_fw_tr_1C11_singleread,"void cudnn::detail::bn_fw_tr_1C11_singleread<float, (int)512, (bool)1, (int)1, (int)2, (int)0>(cudnnTensorStruct, const T1 *, cudnnTensorStruct, T1 *, const float *, const float *, float, float, float *, float *, float *, float *, float, float, cudnn::reduced_divisor, int, cudnn::reduced_divisor, cudnn::detail::bnFwPersistentState *, int, float, float, float, int, float, float, cudnnStatus_t *, bool)",,,,,,,,"7,323,648"
239,computeOffsetsKernel,cudnn::gemm::computeOffsetsKernel(cudnn::gemm::ComputeOffsetsParams),,,,,,,,179
240,volta_scudnn_128x64_relu_interior_nn_v1,volta_scudnn_128x64_relu_interior_nn_v1,,,,,,,,"40,945,664"
241,vectorized_elementwise_kernel,"void at::native::vectorized_elementwise_kernel<(int)4, at::native::BUnaryFunctor<at::native::AddFunctor<long>>, at::detail::Array<char *, (int)2>>(int, T2, T3)",,,,,,,,65
242,bn_fw_tr_1C11_singleread,"void cudnn::detail::bn_fw_tr_1C11_singleread<float, (int)512, (bool)1, (int)1, (int)2, (int)0>(cudnnTensorStruct, const T1 *, cudnnTensorStruct, T1 *, const float *, const float *, float, float, float *, float *, float *, float *, float, float, cudnn::reduced_divisor, int, cudnn::reduced_divisor, cudnn::detail::bnFwPersistentState *, int, float, float, float, int, float, float, cudnnStatus_t *, bool)",,,,,,,,"7,323,648"
243,vectorized_elementwise_kernel,"void at::native::vectorized_elementwise_kernel<(int)4, at::native::AddFunctor<float>, at::detail::Array<char *, (int)3>>(int, T2, T3)",,,,,,,,"144,256"
244,vectorized_elementwise_kernel,"void at::native::vectorized_elementwise_kernel<(int)4, at::native::<unnamed>::clamp_min_scalar_kernel_impl(at::TensorIterator &, c10::Scalar)::[lambda() (instance 1)]::operator ()() const::[lambda() (instance 8)]::operator ()() const::[lambda(float) (instance 1)], at::detail::Array<char *, (int)2>>(int, T2, T3)",,,,,,,,"175,616"
245,implicit_convolve_sgemm,"void cudnn::detail::implicit_convolve_sgemm<float, float, (int)1024, (int)5, (int)5, (int)3, (int)3, (int)3, (int)1, (bool)1, (bool)0, (bool)1>(int, int, int, const T1 *, int, T2 *, T1 *, kernel_conv_params, int, float, float, int, T2 *, T2 *, int, int)",,,,,,,,"27,443,200"
246,vectorized_elementwise_kernel,"void at::native::vectorized_elementwise_kernel<(int)4, at::native::BUnaryFunctor<at::native::AddFunctor<long>>, at::detail::Array<char *, (int)2>>(int, T2, T3)",,,,,,,,65
247,bn_fw_tr_1C11_singleread,"void cudnn::detail::bn_fw_tr_1C11_singleread<float, (int)512, (bool)1, (int)1, (int)2, (int)0>(cudnnTensorStruct, const T1 *, cudnnTensorStruct, T1 *, const float *, const float *, float, float, float *, float *, float *, float *, float, float, cudnn::reduced_divisor, int, cudnn::reduced_divisor, cudnn::detail::bnFwPersistentState *, int, float, float, float, int, float, float, cudnnStatus_t *, bool)",,,,,,,,"1,830,912"
248,vectorized_elementwise_kernel,"void at::native::vectorized_elementwise_kernel<(int)4, at::native::<unnamed>::clamp_min_scalar_kernel_impl(at::TensorIterator &, c10::Scalar)::[lambda() (instance 1)]::operator ()() const::[lambda() (instance 8)]::operator ()() const::[lambda(float) (instance 1)], at::detail::Array<char *, (int)2>>(int, T2, T3)",,,,,,,,"43,904"
249,generateWinogradTilesKernel,"void cudnn::winograd::generateWinogradTilesKernel<(int)0, float, float>(cudnn::winograd::GenerateWinogradTilesParams<T2, T3>)",,,,,,,,"2,883,584"
250,volta_scudnn_winograd_128x128_ldg1_ldg4_relu_tile148t_nt_v1,volta_scudnn_winograd_128x128_ldg1_ldg4_relu_tile148t_nt_v1,,,,,,,,"44,803,072"
251,vectorized_elementwise_kernel,"void at::native::vectorized_elementwise_kernel<(int)4, at::native::BUnaryFunctor<at::native::AddFunctor<long>>, at::detail::Array<char *, (int)2>>(int, T2, T3)",,,,,,,,65
252,bn_fw_tr_1C11_singleread,"void cudnn::detail::bn_fw_tr_1C11_singleread<float, (int)512, (bool)1, (int)1, (int)2, (int)0>(cudnnTensorStruct, const T1 *, cudnnTensorStruct, T1 *, const float *, const float *, float, float, float *, float *, float *, float *, float, float, cudnn::reduced_divisor, int, cudnn::reduced_divisor, cudnn::detail::bnFwPersistentState *, int, float, float, float, int, float, float, cudnnStatus_t *, bool)",,,,,,,,"1,830,912"
253,vectorized_elementwise_kernel,"void at::native::vectorized_elementwise_kernel<(int)4, at::native::<unnamed>::clamp_min_scalar_kernel_impl(at::TensorIterator &, c10::Scalar)::[lambda() (instance 1)]::operator ()() const::[lambda() (instance 8)]::operator ()() const::[lambda(float) (instance 1)], at::detail::Array<char *, (int)2>>(int, T2, T3)",,,,,,,,"43,904"
254,computeOffsetsKernel,cudnn::gemm::computeOffsetsKernel(cudnn::gemm::ComputeOffsetsParams),,,,,,,,179
255,volta_scudnn_128x128_relu_interior_nn_v1,volta_scudnn_128x128_relu_interior_nn_v1,,,,,,,,"19,956,224"
256,vectorized_elementwise_kernel,"void at::native::vectorized_elementwise_kernel<(int)4, at::native::BUnaryFunctor<at::native::AddFunctor<long>>, at::detail::Array<char *, (int)2>>(int, T2, T3)",,,,,,,,65
257,bn_fw_tr_1C11_singleread,"void cudnn::detail::bn_fw_tr_1C11_singleread<float, (int)512, (bool)1, (int)1, (int)2, (int)0>(cudnnTensorStruct, const T1 *, cudnnTensorStruct, T1 *, const float *, const float *, float, float, float *, float *, float *, float *, float, float, cudnn::reduced_divisor, int, cudnn::reduced_divisor, cudnn::detail::bnFwPersistentState *, int, float, float, float, int, float, float, cudnnStatus_t *, bool)",,,,,,,,"7,323,648"
258,vectorized_elementwise_kernel,"void at::native::vectorized_elementwise_kernel<(int)4, at::native::AddFunctor<float>, at::detail::Array<char *, (int)3>>(int, T2, T3)",,,,,,,,"144,256"
259,vectorized_elementwise_kernel,"void at::native::vectorized_elementwise_kernel<(int)4, at::native::<unnamed>::clamp_min_scalar_kernel_impl(at::TensorIterator &, c10::Scalar)::[lambda() (instance 1)]::operator ()() const::[lambda() (instance 8)]::operator ()() const::[lambda(float) (instance 1)], at::detail::Array<char *, (int)2>>(int, T2, T3)",,,,,,,,"175,616"
260,implicit_convolve_sgemm,"void cudnn::detail::implicit_convolve_sgemm<float, float, (int)1024, (int)5, (int)5, (int)3, (int)3, (int)3, (int)1, (bool)1, (bool)0, (bool)1>(int, int, int, const T1 *, int, T2 *, T1 *, kernel_conv_params, int, float, float, int, T2 *, T2 *, int, int)",,,,,,,,"27,443,200"
261,vectorized_elementwise_kernel,"void at::native::vectorized_elementwise_kernel<(int)4, at::native::BUnaryFunctor<at::native::AddFunctor<long>>, at::detail::Array<char *, (int)2>>(int, T2, T3)",,,,,,,,65
262,bn_fw_tr_1C11_singleread,"void cudnn::detail::bn_fw_tr_1C11_singleread<float, (int)512, (bool)1, (int)1, (int)2, (int)0>(cudnnTensorStruct, const T1 *, cudnnTensorStruct, T1 *, const float *, const float *, float, float, float *, float *, float *, float *, float, float, cudnn::reduced_divisor, int, cudnn::reduced_divisor, cudnn::detail::bnFwPersistentState *, int, float, float, float, int, float, float, cudnnStatus_t *, bool)",,,,,,,,"1,830,912"
263,vectorized_elementwise_kernel,"void at::native::vectorized_elementwise_kernel<(int)4, at::native::<unnamed>::clamp_min_scalar_kernel_impl(at::TensorIterator &, c10::Scalar)::[lambda() (instance 1)]::operator ()() const::[lambda() (instance 8)]::operator ()() const::[lambda(float) (instance 1)], at::detail::Array<char *, (int)2>>(int, T2, T3)",,,,,,,,"43,904"
264,generateWinogradTilesKernel,"void cudnn::winograd::generateWinogradTilesKernel<(int)0, float, float>(cudnn::winograd::GenerateWinogradTilesParams<T2, T3>)",,,,,,,,"2,883,584"
265,volta_scudnn_winograd_128x128_ldg1_ldg4_relu_tile148t_nt_v1,volta_scudnn_winograd_128x128_ldg1_ldg4_relu_tile148t_nt_v1,,,,,,,,"44,803,072"
266,vectorized_elementwise_kernel,"void at::native::vectorized_elementwise_kernel<(int)4, at::native::BUnaryFunctor<at::native::AddFunctor<long>>, at::detail::Array<char *, (int)2>>(int, T2, T3)",,,,,,,,65
267,bn_fw_tr_1C11_singleread,"void cudnn::detail::bn_fw_tr_1C11_singleread<float, (int)512, (bool)1, (int)1, (int)2, (int)0>(cudnnTensorStruct, const T1 *, cudnnTensorStruct, T1 *, const float *, const float *, float, float, float *, float *, float *, float *, float, float, cudnn::reduced_divisor, int, cudnn::reduced_divisor, cudnn::detail::bnFwPersistentState *, int, float, float, float, int, float, float, cudnnStatus_t *, bool)",,,,,,,,"1,830,912"
268,vectorized_elementwise_kernel,"void at::native::vectorized_elementwise_kernel<(int)4, at::native::<unnamed>::clamp_min_scalar_kernel_impl(at::TensorIterator &, c10::Scalar)::[lambda() (instance 1)]::operator ()() const::[lambda() (instance 8)]::operator ()() const::[lambda(float) (instance 1)], at::detail::Array<char *, (int)2>>(int, T2, T3)",,,,,,,,"43,904"
269,computeOffsetsKernel,cudnn::gemm::computeOffsetsKernel(cudnn::gemm::ComputeOffsetsParams),,,,,,,,179
270,volta_scudnn_128x128_relu_interior_nn_v1,volta_scudnn_128x128_relu_interior_nn_v1,,,,,,,,"19,956,224"
271,vectorized_elementwise_kernel,"void at::native::vectorized_elementwise_kernel<(int)4, at::native::BUnaryFunctor<at::native::AddFunctor<long>>, at::detail::Array<char *, (int)2>>(int, T2, T3)",,,,,,,,65
272,bn_fw_tr_1C11_singleread,"void cudnn::detail::bn_fw_tr_1C11_singleread<float, (int)512, (bool)1, (int)1, (int)2, (int)0>(cudnnTensorStruct, const T1 *, cudnnTensorStruct, T1 *, const float *, const float *, float, float, float *, float *, float *, float *, float, float, cudnn::reduced_divisor, int, cudnn::reduced_divisor, cudnn::detail::bnFwPersistentState *, int, float, float, float, int, float, float, cudnnStatus_t *, bool)",,,,,,,,"7,323,648"
273,vectorized_elementwise_kernel,"void at::native::vectorized_elementwise_kernel<(int)4, at::native::AddFunctor<float>, at::detail::Array<char *, (int)3>>(int, T2, T3)",,,,,,,,"144,256"
274,vectorized_elementwise_kernel,"void at::native::vectorized_elementwise_kernel<(int)4, at::native::<unnamed>::clamp_min_scalar_kernel_impl(at::TensorIterator &, c10::Scalar)::[lambda() (instance 1)]::operator ()() const::[lambda() (instance 8)]::operator ()() const::[lambda(float) (instance 1)], at::detail::Array<char *, (int)2>>(int, T2, T3)",,,,,,,,"175,616"
275,reduce_kernel,"void at::native::reduce_kernel<(int)512, (int)1, at::native::ReduceOp<float, at::native::MeanOps<float, float>, unsigned int, float, (int)4>>(T3)",,,,,,,,"3,031,040"
276,unrolled_elementwise_kernel,"void at::native::unrolled_elementwise_kernel<at::native::copy_device_to_device(at::TensorIterator &, bool)::[lambda() (instance 2)]::operator ()() const::[lambda() (instance 8)]::operator ()() const::[lambda(float) (instance 1)], at::detail::Array<char *, (int)2>, OffsetCalculator<(int)1, unsigned int>, OffsetCalculator<(int)1, unsigned int>, at::native::memory::LoadWithoutCast, at::native::memory::StoreWithoutCast>(int, T1, T2, T3, T4, T5, T6)",,,,,,,,"13,538"
277,volta_sgemm_128x32_sliced1x4_tn,volta_sgemm_128x32_sliced1x4_tn,,,,,,,,"3,090,944"
278,splitKreduce_kernel,"void splitKreduce_kernel<float, float, float>(cublasSplitKParams<T3>, const T1 *, const T2 *, T2 *, const T3 *, const T3 *)",,,,,,,,"28,084"
